PC1,cluster
-0.8642254038456431,0
-0.9725031047771908,0
-0.0858229259565788,5
-0.7021764317613097,0
-0.3400340553521671,5
-0.5428068961116077,3
-0.6861783710942616,3
-0.823815397667913,0
-0.6038304236491572,3
-0.0207704006093928,2
-0.5538635723286149,3
-0.4522592794174894,3
-0.6192059557252775,3
0.4104338278946934,2
-0.8182279542741129,0
-0.6325640918259894,3
-0.7074049632350132,0
0.1892917402914281,2
-0.546641436898202,3
-0.3756303876256857,5
-0.9487182791901336,0
-0.8923816580200794,0
-0.4271331301279689,3
-0.147342629060957,5
-0.7983742801813988,0
-0.6381692352288129,3
-0.6764285928508308,3
0.1362989009867025,2
-0.5142194483012079,3
-0.3767610178465215,5
-0.9486675205058384,0
-0.8890745850184756,0
-0.3944115019402023,5
-0.1188636603213906,5
-0.5942779978455217,3
0.4787460366863778,2
-0.9534904180814272,0
-0.8952600023138969,0
-0.7775786539071055,0
-0.6091244042235908,3
-0.6692267685099144,3
0.2433332356643712,2
-0.5080506129957634,3
-0.3390499274071282,5
-0.4191289927425534,3
-0.057408405016365,5
-0.5799278861157057,3
0.5566295286747718,4
-0.5113850985468781,3
-0.3253583962587076,5
-0.9435409542429268,0
-0.8760927301629702,0
-0.377750401947704,5
-0.0335797993976637,2
-0.5840028197173676,3
0.6477561777064871,4
-0.8109954409054345,0
-0.6168092563336761,3
-0.6618864765269523,3
0.3227460221629629,2
-0.7852504638951154,0
-0.5754944214529334,3
-0.6628411632200966,3
0.3947877392001429,2
-0.4870054895111823,3
-0.262790937843284,5
-0.9438944939318336,0
-0.859157326307145,0
-0.361501791945649,5
0.0552980878018033,2
-0.5861096534308092,3
0.7827285915541424,4
-0.5712096214793709,3
0.5501391120297083,4
-0.8012932898265652,0
-0.5711776652527562,3
-0.6561724649928079,3
0.4376083197340694,2
-0.4999166517361147,3
-0.2583783329579723,5
-0.950681689220546,0
-0.8670634534100132,0
-0.3725898332873917,5
0.059860172804266,2
-0.4076798732164716,5
0.0662516111128712,2
-0.594409530345274,3
0.4421536415341276,2
-0.9550116188735016,0
-0.880221688287976,0
-0.7743629064627225,0
-0.5813495042466187,3
-0.669861658423684,3
0.1591008397552828,2
-0.5189636762634515,3
-0.3411756908080262,5
-0.9536814312605544,0
-0.8735230349295509,0
-0.3867140944912679,5
-0.0933275350234802,5
-0.5903116336825006,3
0.3826296057177054,2
-0.8006132116261641,0
-0.5841413984602892,3
-0.6701362562111777,3
0.194751418952089,2
-0.4957802055808804,3
-0.3275714875706584,5
-0.7886168146308712,0
-0.5821794516076341,3
-0.6681155720830856,3
0.2042710925257009,2
-0.5007143372010576,3
-0.3052914516079596,5
-0.9523443020403032,0
-0.8643357600321036,0
-0.3710333688831146,5
-0.0648619437130658,5
-0.5774088039637757,3
0.4251694606564105,2
-1.0299323105104268,0
-0.8033789617906365,0
-0.6102980313845735,3
0.5287049909592707,2
-0.7758635447624744,0
0.7562995462900401,4
-0.8816832726828339,0
-0.4017213584030035,5
-0.7723968740626461,0
0.1218404009210587,2
-0.568466090184009,3
-0.2479429865872234,5
-0.632595232140775,3
0.3549999731039897,2
-0.8248530621917215,0
-0.4575851462139457,3
-0.7188289685411335,0
0.4245548197569415,2
-0.6299007634305416,3
-0.086627618331294,5
-1.0234390204314403,0
-0.826234669790322,0
-0.567911781635407,3
0.1428878991834371,2
-0.862335458453098,0
-0.421165874886979,3
-0.7639321402981856,0
0.2584468645972406,2
-0.5884420057146011,3
-0.1897310926622182,5
-1.020829245588636,0
-0.8402764864307282,0
-0.4999560663707502,3
0.0243478078439053,2
-0.667033644224135,3
0.3862744342976509,2
-1.0203137089653542,0
-0.8600464967577923,0
-0.8107580398252086,0
-0.4474596792438539,3
-0.7199412536284612,0
0.1419964688001204,2
-0.5546695766060445,3
-0.2183327245764266,5
-0.5108594768941943,3
-0.0338090132578916,2
-0.642750390733532,3
0.3474830564685726,2
-0.5609410344002516,3
-0.2329597330522106,5
-1.0179100040593316,0
-0.8528376908930368,0
-0.4590453156641872,3
-0.0149002066880596,2
-0.6311289451403499,3
0.3194512649929021,2
-0.8095605704939628,0
-0.4813170306736701,3
-0.7070780922015665,0
0.1579943213725565,2
-0.8046416810214543,0
-0.4821166518653222,3
-0.6995662012031967,3
0.1558241426072043,2
-0.5263026839804799,3
-0.2711267576778577,5
-1.018321279095233,0
-0.8577149350792839,0
-0.4299456115082369,3
-0.0673314157845326,5
-0.5937901757125841,3
0.3513617677725219,2
-0.59281495061182,3
0.3119048096341623,2
-0.8045381453359032,0
-0.4985742169064612,3
-0.6763910177686522,3
0.1683939060902978,2
-0.5051701004022722,3
-0.2735571354882862,5
-1.000734149269418,0
-0.8588351876168279,0
-0.4102690628606983,5
-0.04530010265061,2
-0.471574870906572,3
0.0957135439846086,2
-0.6065754334509783,3
0.3523356932729471,2
-1.012677456729849,0
-0.823151915031709,0
-0.7741279724873232,0
-0.4767677183920331,3
-0.6836807589880255,3
0.1159288651814205,2
-0.4915892318621261,3
-0.2963745310160738,5
-1.006245133780514,0
-0.8722944020539782,0
-0.4030612687523298,5
-0.0751828386545551,5
-0.5829695453158775,3
0.3139181943391035,2
-0.78389189713607,0
-0.491651381381642,3
-0.6746339320773156,3
0.1470044177565698,2
-0.4965025936405813,3
-0.2782492501537952,5
-0.7802524059342164,0
-0.5017718783744909,3
-0.6585843066452477,3
0.1807928428040532,2
-0.4817974015981411,3
-0.2444628666986196,5
-1.012855346745211,0
-0.8643215935094533,0
-0.3788569474484362,5
-0.0016827049517905,2
-0.5680275591665696,3
0.4054417732654171,2
-0.9597145213429072,0
-0.9094904792263654,0
-0.4691220796533215,3
-0.1272755283287905,5
-0.632824203181403,3
0.376789047985205,2
-0.8333818707085202,0
-0.5648576444492961,3
-0.6899951625658198,3
0.2773088518091324,2
-0.5267341001774991,3
-0.2367428353131427,5
-0.5845922511552228,3
0.566993042751873,4
-0.8141498343460511,0
-0.5074823479267168,3
-0.6805442678884167,3
0.3646570037247463,2
-0.4780811583884886,3
-0.1740735168461697,5
-0.968480528433222,0
-0.8499456737717209,0
-0.3514746632236994,5
0.1179863431655522,2
-0.8090810563986788,0
-0.4847730435115605,3
-0.666899743512708,3
0.4231639216585126,2
-0.4820561927841325,3
-0.1644616037276792,5
-0.9649330196651876,0
-0.8445217224893443,0
-0.3253058232093639,5
0.1374502870844425,2
-0.5614576614875019,3
0.6757439679060622,4
-0.9690114817648284,0
-0.8440230739130384,0
-0.7783032698969612,0
-0.4487116206276486,3
-0.6557144526792985,3
0.4823845137331337,2
-0.4565393621361872,3
-0.1219390614351024,5
-0.3510204935792765,5
0.1878972486930978,2
-0.5529109140232006,3
0.7616878009216363,4
-0.449635010646107,3
-0.0863141624402207,5
-0.9593843448082338,0
-0.8196918477030335,0
-0.2964518961287846,5
0.1886379608852046,2
-0.5364464305293069,3
0.7808019241331843,4
-0.7834847694097522,0
-0.4243347484998779,3
-0.6535199194122197,3
0.5225817040527327,2
-0.7834137193982251,0
-0.4181445035989048,3
-0.649109151561744,3
0.5460952804223544,4
-0.4340791424555579,3
-0.0810705780141881,5
-0.9508499777126722,0
-0.8185308467209668,0
-0.3057647586467363,5
0.1797757215410764,2
-0.5456458757933842,3
0.7830671640661786,4
-0.541446021930057,3
0.7165089543077698,4
-0.7684790684896446,0
-0.4248087461722319,3
-0.6334735382709746,3
0.6024892050860307,4
-0.4254532047210306,3
-0.0787180793210842,5
-0.954360705239257,0
-0.8028228124554211,0
-0.2637943459430528,5
0.2977606366823434,2
-0.3242564641028057,5
0.2957765760276682,2
-0.5137390446667329,3
0.9600954910112852,4
-0.9506559028710913,0
-0.8095378380090485,0
-0.7409697498484675,0
-0.3110933802866057,5
-0.6219782867246634,3
0.7564498860171716,4
-0.3957062020601813,5
0.0062198535745874,2
-0.9509277645509256,0
-0.8046409279042439,0
-0.217494201745972,5
0.3862217502722576,2
-0.5115048601304149,3
1.0199800860737889,4
-0.7707339594680873,0
-0.3491561554908112,5
-0.6109767333250357,3
0.7892120960336932,4
-0.3864565946453645,5
0.0524252370890464,2
-0.77089297494502,0
-0.3310579108895314,5
-0.5987530511021298,3
0.8330917035275407,4
-0.3694650430668777,5
0.0711620681147503,2
-0.9405378979011372,0
-0.7888149386538839,0
-0.1979426066631966,5
0.466913652725212,2
-0.4891823507608172,3
1.2213251317569989,4
-0.9517731890468044,0
-0.804057473566347,0
-0.2206385662716352,5
0.3898747235375907,2
-0.5058994508641119,3
0.9644464206246672,4
-0.7992931248179221,0
-0.3482453625273234,5
-0.6178504151830649,3
0.7533746436340656,4
-0.3853583177977165,5
0.0240091787034885,2
-0.5103152801959231,3
1.0071175001206003,4
-0.7806246122926905,0
-0.344438605876442,5
-0.6157423279875871,3
0.7593255974445676,4
-0.4018921551778373,5
0.0645276563817148,2
-0.9593323808966406,0
-0.7963053895577715,0
-0.2345679765657143,5
0.4107396476735639,2
-0.7816727621301578,0
-0.3133099852696554,5
-0.6226432473289305,3
0.8077006674103531,4
-0.3981072770932191,5
0.04833059800091,2
-0.9585326398668268,0
-0.7938729968709785,0
-0.2351013293255193,5
0.3966231434792645,2
-0.5117909067787094,3
1.0355229517030755,4
-0.9621866529408208,0
-0.8064781157371574,0
-0.7557505649639062,0
-0.3128295576819881,5
-0.6110782959825627,3
0.7415677687389961,4
-0.4082132989324279,5
0.0416797930571206,2
-0.3072370734611971,5
0.3498116371890158,2
-0.5281822873118026,3
0.978516139331256,4
-0.4382385831475877,3
-0.0107603776087584,2
-0.9652520054397952,0
-0.8103813081913207,0
-0.2696198922912107,5
0.366934169543427,2
-0.5404268172566515,3
0.9685933945170526,4
-0.7949046968170916,0
-0.3547434082255192,5
-0.6382054667157766,3
0.719530254580931,4
-0.789943833574416,0
-0.3450638105298205,5
-0.6392980149487437,3
0.7630699489243036,4
-0.4563061983364824,3
-0.0010794956291397,2
-0.9618043387445392,0
-0.8096621729035299,0
-0.3103803176559124,5
0.2814052053096524,2
-0.5623907912980354,3
0.8452785370600173,4
-0.5641961627414436,3
0.8257397926945289,4
-0.8068146259217127,0
-0.5077910634833567,3
-0.665812225684468,3
0.5104921850173316,2
-0.4696896502199552,3
-0.089525770526433,5
-0.9610142007653514,0
-0.8452086726591274,0
-0.347823836061173,5
0.1454098288640671,2
-0.3936563717926111,5
0.1081064898963515,2
-0.5748174978267102,3
0.6214989968733338,4
-0.9653128469469466,0
-0.857351665835037,0
-0.794524351553049,0
-0.5006170557917888,3
-0.6745314093228129,3
0.3259437628897769,2
-0.5002312899045034,3
-0.2235174259113233,5
-0.9665911926029644,0
-0.865846667246351,0
-0.3840826312857183,5
0.0091932845374234,2
-0.5907729842577905,3
0.508711808337212,2
-0.8121018941255828,0
-0.5497298404399669,3
-0.6930615853539812,3
0.2768598376785183,2
-0.5162528905408391,3
-0.2615548919942525,5
-0.8105975825298597,0
-0.550211532457891,3
-0.6904209264917167,3
0.237055833419154,2
-0.5253105654203933,3
-0.2942633422672468,5
-0.9608625623038296,0
-0.8836895290222778,0
-0.4198011841597502,3
-0.0810633059725893,5
-0.6200121881816868,3
0.3910392332967839,2
-1.0045076057359947,0
-0.8737609554475341,0
-0.3938958651026177,5
-0.1587798613154083,5
-0.5707025895762756,3
0.0714262281039593,2
-0.7700971262214027,0
-0.639253952122351,3
-0.6370314752427311,3
-0.1245767117338403,5
-0.4609402039472868,3
-0.4726695144912646,3
-0.5971196109731083,3
-0.0455120477148934,2
-0.7781355122899565,0
-0.678765315692489,3
-0.6620333042028292,3
-0.0955735561438945,5
-0.5128972217038223,3
-0.4409457255513256,3
-1.0072826744194985,0
-0.906602759694438,0
-0.4269514431005322,3
-0.2650373644604323,5
-0.7923901726745088,0
-0.6379892317937054,3
-0.6760346406116926,3
-0.0962573694557691,5
-0.5021247111583389,3
-0.4581286011281948,3
-1.0087462805197702,0
-0.9160557299939271,0
-0.4222351850595607,3
-0.2896878867124262,5
-0.5987732178954998,3
0.0282452996107854,2
-1.009399991351032,0
-0.9129815586683864,0
-0.77502347776435,0
-0.6427520919711199,3
-0.6595547250595599,3
-0.0978938561142351,5
-0.4819608225863785,3
-0.4523072173929361,3
-0.4332298395747893,3
-0.2696802043769319,5
-0.5825277771012954,3
0.0789395853374034,2
-0.4951379912240317,3
-0.4199746003015025,3
-1.0075869659948746,0
-0.9065510383887028,0
-0.3779640992861012,5
-0.2313079519070603,5
-0.5680466760042018,3
0.1222875220471259,2
-0.7718206920965601,0
-0.6032828943971313,3
-0.6323034669054326,3
0.0050444766726974,2
-0.7570428467707772,0
-0.5865015063266467,3
-0.6289402810764849,3
0.0050558313168987,2
-0.4439464395709486,3
-0.38515050844864,5
-1.00280286856815,0
-0.8948419357321927,0
-0.3323066465402973,5
-0.2015463961196829,5
-0.5472343767760979,3
0.1655554821586511,2
-0.5429150136890182,3
0.1344076850949628,2
-0.7617473928539424,0
-0.6095615643860199,3
-0.6284358717228934,3
-0.0024531905189648,2
-0.4625355520561242,3
-0.3822741356450929,5
-1.0011254467388293,0
-0.883679054747665,0
-0.3443287855535069,5
-0.2024918593485686,5
-0.382952051172617,5
-0.2014616320732509,5
-0.5634086436759654,3
0.1613666589860156,2
-1.0044805806064094,0
-0.8878987008737023,0
-0.7501297930863746,0
-0.580566326106706,3
-0.6452897713666914,3
-0.0051228905556781,2
-0.4580496496543618,3
-0.3886190939817404,5
-1.0014821858206022,0
-0.8851151206154582,0
-0.3640900111407672,5
-0.1972898999807676,5
-0.5479190872613013,3
0.1569277633010823,2
-0.7527978174451004,0
-0.5775767087237473,3
-0.634946900137255,3
0.0284384241583458,2
-0.4618457781264422,3
-0.3699363350244465,5
-0.7578691934407665,0
-0.5756234210513009,3
-0.6237338563012627,3
0.043182386527145,2
-0.4589392756563589,3
-0.3508811195352908,5
-1.0047280230765554,0
-0.8925751400551585,0
-0.3523420829734006,5
-0.1366953926282333,5
-0.5630532278451653,3
0.139245630435203,2
-1.0096318880272552,0
-0.8920052778667971,0
-0.357463576589852,5
-0.2010916542646504,5
-0.5621153810301504,3
0.1020821287154873,2
-0.7700400446458412,0
-0.5995411166282493,3
-0.6453575272472057,3
-0.020557212340394,2
-0.4733110275181048,3
-0.3937559588181804,5
-0.557496525214127,3
0.1377368698882876,2
-0.7660955669141193,0
-0.5731433031600403,3
-0.6369051591117506,3
0.0070217800784929,2
-0.4677528469741249,3
-0.3607572157141248,5
-1.007146991478023,0
-0.8820228340862699,0
-0.3555272761242666,5
-0.1802358733952918,5
-0.7566574976023184,0
-0.5722501614199557,3
-0.6389858589716543,3
0.028803956664437,2
-0.4881538332594557,3
-0.4060671507662529,5
-1.0074250626523318,0
-0.8909819337443241,0
-0.3748306603177719,5
-0.2112002921836021,5
-0.5712409020164914,3
0.1056278939919985,2
-1.011608308423677,0
-0.8886592746617812,0
-0.752316026402015,0
-0.5771426537857973,3
-0.6364483698944395,3
-0.0213985594805904,2
-0.4592817245767415,3
-0.3821677620620239,5
-0.404399287134064,5
-0.2116708716941822,5
-0.5563255380519585,3
0.1431336047512685,2
-0.4758440238063214,3
-0.3759677371470388,5
-1.009606173008174,0
-0.8860319144944294,0
-0.3638934233236832,5
-0.1814434719663096,5
-0.5812679238031635,3
0.126506594439275,2
-0.763665587320298,0
-0.5751785226316455,3
-0.643095417009707,3
0.006456668151168,2
-0.7655897571757687,0
-0.56422568456929,3
-0.625772067623421,3
0.0027485380484442,2
-0.4602476443250653,3
-0.3851324731890247,5
-1.007240993409757,0
-0.8758333983458515,0
-0.3415711749916685,5
-0.1813852084198048,5
-0.5632294071641807,3
0.1619034092874512,2
-0.5523604734271407,3
0.1527736157353383,2
-0.7633783635578377,0
-0.574124723224218,3
-0.632778987140155,3
0.0321027551904636,2
-0.4658524279978236,3
-0.3704037705352511,5
-1.0069256153790571,0
-0.8811086810402837,0
-0.344290350880965,5
-0.1808731701795067,5
-0.4044337598997888,5
-0.182050702969713,5
-0.5518788377985682,3
0.1871455126616719,2
-1.0098217824139422,0
-0.8878009200583977,0
-0.7424653868600495,0
-0.5522870574353421,3
-0.6316668384111481,3
0.0215555255724553,2
-0.4543383739158575,3
-0.3709812569159651,5
-1.0059479271265992,0
-0.8883813010013448,0
-0.3523278978171993,5
-0.1684350667764308,5
-0.5404631174893036,3
0.2337207860759942,2
-0.7581499407296288,0
-0.5065300083276421,3
-0.639850683605391,3
0.0217343426756861,2
-0.4678161334545282,3
-0.3616918861386339,5
-0.7593261396505244,0
-0.5405876279323675,3
-0.6368614606184997,3
0.0528029677824481,2
-0.4738427396547477,3
-0.3759949089421621,5
-1.008746110459793,0
-0.8886945544309972,0
-0.3732076292353626,5
-0.1787889053219804,5
-0.5675764462771415,3
0.1400735287512822,2
-0.997648322214087,0
-0.8829533851490803,0
-0.3452613027562795,5
-0.2242089209974468,5
-0.5432457907199226,3
0.0997411974794306,2
-0.7619831143526797,0
-0.5881021043217222,3
-0.6326953525393076,3
-0.0461512804426875,2
-0.4452228758650012,3
-0.4098823088549763,5
-0.5476457170404021,3
0.1709314057775224,2
-0.7663847948054481,0
-0.5650134228799158,3
-0.6446651722846386,3
0.0090428344931666,2
-0.469720322363528,3
-0.3501597993108658,5
-1.006394435451901,0
-0.886707766997427,0
-0.3814461686436401,5
-0.161705386487986,5
-0.7777749219203418,0
-0.5688825564962715,3
-0.6531612780799754,3
0.0565893808997305,2
-0.484779125051411,3
-0.3666546702862397,5
-1.008930846732401,0
-0.8794218795268997,0
-0.3802966335515286,5
-0.170766922176146,5
-0.5793600295977024,3
0.1524027323343367,2
-1.009659067139652,0
-0.8865236261832269,0
-0.7538467683017038,0
-0.5484577999255426,3
-0.6517589827587665,3
0.0360301807215953,2
-0.4780462224544555,3
-0.3500848640867061,5
-0.4402181700131521,3
-0.1687783489126051,5
-0.5786614424623662,3
0.202019644445588,2
-0.4995547338868358,3
-0.3533531163398969,5
-1.012163750953595,0
-0.8770274210331683,0
-0.3890069807684567,5
-0.1288735600363684,5
-0.5856581563231531,3
0.164588088606548,2
-0.7773750435788853,0
-0.552032339325813,3
-0.6636793673095922,3
0.0346316835069855,2
-0.7693648137087502,0
-0.5511131743604883,3
-0.6583492117952183,3
-0.0252755739998722,2
-0.4958191342686665,3
-0.3807970660634813,5
-1.009821714855513,0
-0.8867159771845573,0
-0.4043316789872925,5
-0.2046160723705255,5
-0.5876689900249102,3
0.1388505949474898,2
-0.5785295387220278,3
0.121155179140605,2
-0.7800758099375467,0
-0.5793592495216822,3
-0.6590367161319044,3
-0.0153750099306133,2
-0.500424452181328,3
-0.3894203088252014,5
-1.0092167555975182,0
-0.8795472942582296,0
-0.4098864227106014,5
-0.1960770196236869,5
-0.4490017361574848,3
-0.211454660070365,5
-0.5899177825925728,3
0.1131848705127638,2
-1.004660651849204,0
-0.8883468222765214,0
-0.7661588519490548,0
-0.552131144010702,3
-0.6652146251208194,3
-0.0195989757663002,2
-0.4920239397170786,3
-0.3768143371348815,5
-1.0101099887641145,0
-0.8800144661457158,0
-0.3894019640941744,5
-0.1965867745371763,5
-0.576533006301636,3
0.1270289011651083,2
-0.7820844763671813,0
-0.5608786587648532,3
-0.6622621756596766,3
-0.0138662432519959,2
-0.5029971198392947,3
-0.3808549718479564,5
-0.7821261118959485,0
-0.575473899953385,3
-0.6650328123313117,3
-0.0117433021578479,2
-0.5041451004596188,3
-0.3800510134298412,5
-1.0085709460142838,0
-0.887115633088704,0
-0.402765360744053,5
-0.1903945265446671,5
-0.5881700008687383,3
0.1208390673476303,2
-0.9546494908111324,0
-0.8718557519036656,0
0.2149685858691974,2
-0.0829182906187023,5
-0.1488677659578522,5
0.242014037742835,2
-0.5596921302830054,3
-0.5452526892094097,3
-0.3157421845042615,5
0.1014169716758217,2
0.0757843749945527,2
-0.316432399345321,5
-0.1105164141830445,5
0.3451652704405313,2
-0.5611008310627554,3
-0.5380655477571905,3
-0.3183652071888512,5
0.1650327299756031,2
0.0762298778732378,2
-0.2594337041952484,5
-0.9623553840954332,0
-0.8760552197374616,0
0.2817520086490348,2
-0.0385394978659419,2
-0.5956976854509319,3
-0.5253195988975423,3
-0.3661952876927492,5
0.117907581912573,2
-0.0132185404640713,2
-0.3394582341004434,5
-0.96411218066071,0
-0.8928586951828013,0
0.2404949430000944,2
-0.1352747042958446,5
-0.1799277233953671,5
0.2022219403481466,2
-0.9647204328062297,0
-0.8931575466162469,0
-0.5327444105386719,3
-0.5657898367798531,3
-0.3612431930584466,5
0.0222034335216947,2
-0.0092689088191748,2
-0.3850753549189553,5
0.1450858128276305,2
-0.1999937496060036,5
-0.184996798884941,5
0.1704506739992463,2
-0.017640955807345,2
-0.3845035308893231,5
-0.965033993332878,0
-0.8973866128799468,0
0.187042718794189,2
-0.2061462844845124,5
-0.1919853505298611,5
0.1068668781874413,2
-0.5794518872969527,3
-0.6138707397987757,3
-0.3560365895541985,5
-0.0325489966149997,2
-0.5850647806973909,3
-0.6112157091069891,3
-0.3693698951603266,5
-0.0386928516204414,2
-0.0369179946627351,2
-0.4243125800186342,3
-0.959092705703298,0
-0.9066311729524684,0
0.175661621257437,2
-0.2562991621551004,5
-0.196574508628841,5
0.0784622147102421,2
-0.1937496695538344,5
0.0584220270660652,2
-0.5872000219991635,3
-0.6135603871635635,3
-0.3529614207784707,5
-0.0710049838215676,5
-0.0314901391481112,2
-0.4227237675746181,3
-0.9558071403843144,0
-0.903694200658172,0
0.183828188366568,2
-0.2424848161525453,5
0.1244418166734838,2
-0.2509823763987525,5
-0.1926197695723711,5
0.1034722346239626,2
-0.95857803277038,0
-0.9031442601182508,0
-0.5316453901316903,3
-0.5822552896254187,3
-0.3428892822005799,5
-0.0345334809282368,2
0.0266639770129656,2
-0.396500686007706,5
-0.9493074372298448,0
-0.8957100849381902,0
0.2414721697523741,2
-0.1859760583113028,5
-0.1496074615364538,5
0.1470493770218204,2
-0.5613304806032478,3
-0.5780603574306112,3
-0.3332962289859241,5
0.015688319118527,2
0.0411900081401631,2
-0.3758506521451856,5
-0.5513479017138826,3
-0.5713024957332271,3
-0.3027407842592286,5
0.0215643705974404,2
0.0145767831364178,2
-0.3383495298791902,5
-0.9529620059235854,0
-0.8875607870126201,0
0.2659939935889033,2
-0.1408816719542289,5
-0.1772919699473217,5
0.1465048126674782,2
-0.9547582378430588,0
-0.9055255712510172,0
0.2265096783589665,2
-0.2005271244389951,5
-0.1872500471477047,5
0.1525257681550196,2
-0.5715679938384647,3
-0.5793921387770076,3
-0.3422729357700866,5
0.0057834548546378,2
-0.0092005797572183,2
-0.3907393971194384,5
-0.175255664476059,5
0.1308703037699267,2
-0.5739328594772002,3
-0.5805363218451093,3
-0.3499238073246201,5
0.0035891972000764,2
-0.0057854589538287,2
-0.3986898241171064,5
-0.9501956197533056,0
-0.8989780386407855,0
0.2008120851206155,2
-0.2091412600118159,5
-0.5600764228798152,3
-0.5885481353687445,3
-0.3536610890932073,5
-0.028580677227645,2
-0.0008625107052355,2
-0.3888925459971569,5
-0.9583176474775944,0
-0.8908060133691902,0
0.2589585335241887,2
-0.2041229840538447,5
-0.1863719770261622,5
0.0865455087027694,2
-0.9480703633040284,0
-0.8975709178154995,0
-0.5241900426366326,3
-0.5794362999521272,3
-0.3428984872666891,5
-0.0205288300690157,2
-0.0132786819436915,2
-0.366946260984222,5
0.134331108407159,2
-0.2213330898779925,5
-0.1844937016248179,5
0.1377134781830783,2
-0.007595414185322,2
-0.3861843277570441,5
-0.9465755965660024,0
-0.8932936832449169,0
0.2159641239224767,2
-0.1838748172739882,5
-0.1710047971746351,5
0.1595251143119166,2
-0.5601185417657962,3
-0.5759037197636039,3
-0.3431104392271771,5
0.020190614940117,2
-0.5588215088917697,3
-0.5725358742025337,3
-0.3188985239689941,5
-0.0085959712788811,2
0.0114428720177951,2
-0.3757573213971734,5
-0.9470735563424816,0
-0.8908743813161419,0
0.2260491378867645,2
-0.16676151474785,5
-0.1484051882411811,5
0.118865493423684,2
-0.1644582810013688,5
0.1189045455476791,2
-0.5407385925386775,3
-0.576991428253029,3
-0.2988607346442972,5
-0.0203390922588114,2
0.0473871887153514,2
-0.371975639627033,5
-0.9454616254234444,0
-0.885449661336399,0
0.2401160469832683,2
-0.1800211116952192,5
0.1581549768227447,2
-0.1917649755709937,5
-0.133811970103041,5
0.0900227459636027,2
-0.9490804066163812,0
-0.9000816166950214,0
-0.5205098315993709,3
-0.5782937350987244,3
-0.3385959640714896,5
-0.0175043956132618,2
0.0050397677415773,2
-0.4025230516596229,5
-0.9522507908488252,0
-0.8954550423982848,0
0.2129141449346988,2
-0.2150023254994058,5
-0.1521665064996324,5
0.0830586760821877,2
-0.5605631836140484,3
-0.5941824400879907,3
-0.3256225745792634,5
-0.0230933636920124,2
-0.0123399221027536,2
-0.3877254464610876,5
-0.5504602180176777,3
-0.5963293023791116,3
-0.3281023915484153,5
-0.0147471071411099,2
0.0175854704072048,2
-0.3953289782946277,5
-0.9517337204323482,0
-0.8992897398649203,0
0.2320802956473451,2
-0.1976538593072082,5
-0.1664989525204757,5
0.1416054262994542,2
-0.9869542345889796,0
-0.8351907179128442,0
0.0362824555881332,2
0.0323125145289659,2
-0.2253269317075817,5
0.4039375163996336,2
-0.6041020486590297,3
-0.4019406734481772,5
-0.3804671686786093,5
0.1617566189108817,2
-0.0317347883793992,2
-0.1731351252218896,5
-0.2134808388523993,5
0.5437742021875287,4
-0.6154795996298978,3
-0.4468717817225266,3
-0.4127211647323318,5
0.3104504732620203,2
-0.0759481748056454,5
-0.0889371654440974,5
-0.989071035660148,0
-0.8437814804439641,0
0.0947591694250549,2
0.2234687264811179,2
-0.6478086553964837,3
-0.3964621216117298,5
-0.42920341602516,3
0.3512054671601289,2
-0.063601448335406,5
-0.190132709325865,5
-0.9678673925548762,0
-0.867426829319534,0
0.1774400617007653,2
0.0308931010019656,2
-0.2168458644268384,5
0.3677024342984737,2
-0.9691425896786424,0
-0.8690980148522927,0
-0.5445229351548111,3
-0.4541613694146075,3
-0.3795267332079532,5
0.1855772973198246,2
-0.0106377093350797,2
-0.2678061784650403,5
0.1506214534862477,2
-0.0611956468268718,5
-0.1755166850173568,5
0.3302782680411235,2
-0.0060932418195044,2
-0.2816311028149056,5
-0.9646850561976396,0
-0.8757947004975857,0
0.238270706888427,2
-0.0627572563543584,5
-0.184098929852927,5
0.2702279946060221,2
-0.5582334788707473,3
-0.5299755839214303,3
-0.3349149097801127,5
0.1404656027111529,2
-0.5590192631558524,3
-0.5143384341773818,3
-0.3416652446847946,5
0.1298798314350403,2
0.0332670390984538,2
-0.3018525010834917,5
-0.9582091826299124,0
-0.8864705891911786,0
0.2780106085905348,2
-0.0977052878204577,5
-0.1312656755809363,5
0.2514290190088993,2
-0.1461224767728306,5
0.2548240911627435,2
-0.5520656924462307,3
-0.5290376067314433,3
-0.3099166924442217,5
0.102998875771142,2
0.0662558976009055,2
-0.3140781507802773,5
-0.9594401185632476,0
-0.8960999600061264,0
0.2594838760516706,2
-0.1516551162408273,5
0.1841626737153153,2
-0.1660846813903667,5
-0.15129813915504,5
0.2133904741715738,2
-0.9587441432439108,0
-0.8959393426015588,0
-0.5217298555140841,3
-0.5285209368776116,3
-0.3230109887609409,5
0.0333820073770942,2
0.0500402606909766,2
-0.3641955539085448,5
-0.9548538216113668,0
-0.8987416804217194,0
0.2970962805282088,2
-0.1598474859230468,5
-0.1369505192933343,5
0.2004980789797356,2
-0.5530379185096396,3
-0.5510080245737313,3
-0.3276116787880422,5
0.0534156666237128,2
0.0543490367885969,2
-0.3369936509371649,5
-0.5487862888118342,3
-0.562474507399418,3
-0.3076824595013638,5
0.0479916154269207,2
0.0569499210279165,2
-0.3444977187549717,5
-0.9573297051617944,0
-0.8930305576635348,0
0.2791301888038302,2
-0.120947697878903,5
-0.1354164930180812,5
0.2180208705715713,2
-0.9543448908822744,0
-0.8949973415927416,0
0.3018524425629512,2
-0.142600751500525,5
-0.1224850146877833,5
0.1884746416191212,2
-0.5404416882756404,3
-0.5601208714447248,3
-0.3064009495275706,5
0.0494168200733774,2
0.0639395484177363,2
-0.3463634385279676,5
-0.0943337484634943,5
0.2480491191571493,2
-0.5320186973936107,3
-0.5362355268671816,3
-0.2764682701482593,5
0.1145229469109756,2
0.1023236711686448,2
-0.3272987373728029,5
-0.9515598902059854,0
-0.8911579553447084,0
0.2298198202829784,2
-0.1552820711999301,5
-0.4592085728827667,3
-0.5437485246235098,3
-0.3121467232114797,5
0.0121885779769408,2
0.0103285759333651,2
-0.3642881024355162,5
-0.9576842281351584,0
-0.9050459582002676,0
0.2928380049293816,2
-0.1602461258161966,5
-0.1335063879263612,5
0.153370273338576,2
-0.9597502649184728,0
-0.9081796039754416,0
-0.4946206843115225,3
-0.5513545710931398,3
-0.3399139801716034,5
0.0206570700461018,2
0.0396679428939095,2
-0.3627790131148202,5
0.2172273555780073,2
-0.193301578921419,5
-0.1323941738312303,5
0.1733535218666984,2
0.0316306229938062,2
-0.3572341169330693,5
-0.960567245577226,0
-0.8980668360973446,0
0.2763720580226176,2
-0.1456304663590091,5
-0.1416689142610464,5
0.1784675515834858,2
-0.5489625087922104,3
-0.5716899740301007,3
-0.3088780231713184,5
0.0368339941804569,2
-0.5397856257795293,3
-0.5583455628225771,3
-0.3103337294787717,5
0.0521702224453712,2
0.0507575688152731,2
-0.3564328589415595,5
-0.953701419247864,0
-0.9014682783691969,0
0.3201501469231309,2
-0.167758900856509,5
-0.069406207122773,5
0.1659134513857256,2
-0.1474338639706658,5
0.1554444489747211,2
-0.5431253283613927,3
-0.5707352092492999,3
-0.3116849369913791,5
0.0236919456787539,2
0.0514608280359967,2
-0.3554966684866146,5
-0.9536534403456592,0
-0.9053800565853924,0
0.3114701866864164,2
-0.1573949514909201,5
0.2039229214415832,2
-0.177959336374092,5
-0.1199734929046698,5
0.1961929041025936,2
-0.9571925035507576,0
-0.9012671281140074,0
-0.4968987878585502,3
-0.5431393555471394,3
-0.3090882856020036,5
0.0168246534971459,2
0.0736388666586784,2
-0.3682363299157232,5
-0.9538847161266556,0
-0.9145541144389346,0
0.3277080815522851,2
-0.1645704903113892,5
-0.1151262662478449,5
0.1808343738682833,2
-0.5408909238963419,3
-0.5684938473084343,3
-0.2898806316031146,5
0.0771919304725977,2
0.0959058723584247,2
-0.3436360260083102,5
-0.5222945470082465,3
-0.560710589790254,3
-0.2665794108502389,5
0.0734601315520544,2
0.1050256416554978,2
-0.3312177074861431,5
-0.9458337172567512,0
-0.9018232854880442,0
0.3490665726161579,2
-0.0872870402775659,5
-0.0777460166478902,5
0.2494395974045297,2
-0.9938111096701792,0
-0.9633805294692566,0
-0.5438387115252552,3
-0.2146057455796332,5
-0.7114638597269666,0
0.3186687026378783,2
-0.8975335375948805,0
-0.6903206566164336,3
-0.7853341472000669,0
0.0899257077426574,2
-0.5979054891372246,3
-0.4128423227590179,5
-0.6796195568458546,3
0.2850437953105005,2
-0.8795254281079599,0
-0.6862798188572128,3
-0.7644590628300266,0
0.0654136665127389,2
-0.568192194800574,3
-0.3929946564521619,5
-0.989451218126226,0
-0.9383098744224388,0
-0.4845934244100656,3
-0.1248541771396755,5
-0.8722642413808648,0
-0.64637337827633,3
-0.7515753686593689,0
0.1995577384835059,2
-0.5624665200076314,3
-0.3507281905409349,5
-0.9815886115109982,0
-0.9151171824108082,0
-0.4702001631748707,3
-0.0645211272884689,5
-0.6487555399456062,3
0.5246157870918902,2
-0.9807893001348844,0
-0.9061270138196234,0
-0.8545521135062849,0
-0.6205775820498481,3
-0.7391065464089853,0
0.2639741033991263,2
-0.5309349927351227,3
-0.286824164792244,5
-0.4398358110478328,3
0.0135757770553657,2
-0.63034278123471,3
0.6388116762337921,4
-0.5203641443121946,3
-0.2461178188457051,5
-0.9756408863264284,0
-0.8799666706232224,0
-0.4088020263043027,5
0.0575092320207248,2
-0.6026467193594045,3
0.7273120295918545,4
-0.84349186637016,0
-0.5519801616008184,3
-0.7087894482355906,0
0.4134293144083795,2
-0.8389221209736647,0
-0.5483235877250031,3
-0.6935576097999631,3
0.440095415897676,2
-0.475018549272959,3
-0.1820723521140877,5
-0.96620556291369,0
-0.862035144431692,0
-0.3714129184389728,5
0.1327110538862257,2
-0.5835424363398211,3
0.8423638037058743,4
-0.5952817566116636,3
0.8578107513979636,4
-0.8296447986816519,0
-0.5115309909102241,3
-0.6939628201897063,3
0.5304452377448758,2
-0.4608734077684283,3
-0.1253049608137305,5
-0.9717712214336977,0
-0.8457901199902027,0
-0.3404558424314365,5
0.2297713951315383,2
-0.3466852144582965,5
0.2552003057386817,2
-0.567247120221324,3
0.9488997736616644,4
-0.9785726828365678,0
-0.8434226917797555,0
-0.8188292812851936,0
-0.4857011432275553,3
-0.6682929566184495,3
0.6172827943330927,4
-0.4377135971865904,3
-0.0793772167030288,5
-0.9714368553686406,0
-0.838003026481263,0
-0.3183560839108136,5
0.2945175777303042,2
-0.5550815747947225,3
1.0165476118915802,4
-0.821761246814948,0
-0.4527838098013457,3
-0.6648066407597738,3
0.6811400912243926,4
-0.4318671858635585,3
-0.0414874961211882,2
-0.810566915313287,0
-0.4378177145974221,3
-0.6565424516258485,3
0.6972517420685858,4
-0.4259191685561734,3
-0.0303697297779527,2
-0.9707356801540976,0
-0.8250742795661212,0
-0.2965773978090406,5
0.3655992970267036,2
-0.5337216515032828,3
1.12348999203571,4
-1.0069520846305502,0
-0.8982513951734015,0
-0.4613827348362476,3
-0.2474764019925879,5
-0.5970772232162999,3
0.1292366556479854,2
-0.7972687841661626,0
-0.6109093095340633,3
-0.6850280601413571,3
-0.0335748287085148,2
-0.5146963622101949,3
-0.4214278792344741,3
-0.5757800600710931,3
0.0865587377897648,2
-0.7953055983857383,0
-0.6272083479881981,3
-0.682510577370713,3
-0.0265944162740184,2
-0.5295604390715325,3
-0.4039865042181316,5
-1.004779791503096,0
-0.9019312967768164,0
-0.4576182467529436,3
-0.2357996769272359,5
-0.8011768616740537,0
-0.6400191824828646,3
-0.6904989861213925,3
-0.0818208063338029,5
-0.5172488300479668,3
-0.4348900671570147,3
-1.0052860269992887,0
-0.9101801008339344,0
-0.4379698741361607,3
-0.2543133726906285,5
-0.5773995873052992,3
0.1106600299721176,2
-1.004370707831464,0
-0.9060200585895146,0
-0.7793225637757278,0
-0.635340770553072,3
-0.6777758151889256,3
-0.0573656649247737,5
-0.5092164901366419,3
-0.4233200045348476,3
-0.4271669016239938,3
-0.2375703326516623,5
-0.5820067149629182,3
0.1046772366428706,2
-0.492367387569206,3
-0.416992934047879,3
-1.0107423617760367,0
-0.9110502919578968,0
-0.3889079643207309,5
-0.1776568554856171,5
-0.5525490401694026,3
0.2011670997654484,2
-0.7829609508859446,0
-0.6000200786764318,3
-0.6445476385469575,3
0.0763940774735069,2
-0.7668309877493313,0
-0.5876842451478512,3
-0.6202980676611908,3
0.1166872090964838,2
-0.4165040050933343,3
-0.3395443110124074,5
-1.0091421634434692,0
-0.902079965755475,0
-0.2756053509958209,5
-0.118732059304555,5
-0.5078133223149344,3
0.3575354085158432,2
-0.516510237453798,3
0.3178633977414777,2
-0.7611224374338798,0
-0.5540701633822058,3
-0.6163359165037946,3
0.0989351625818855,2
-0.4159745861836246,3
-0.3152036090585356,5
-1.006415506112706,0
-0.8849493782755213,0
-0.2908459313554464,5
-0.1114124331937648,5
-0.342436803184581,5
-0.0888349478238746,5
-0.5155905283667482,3
0.325822602744673,2
-1.0090149000179076,0
-0.8940534623267328,0
-0.7464912343253124,0
-0.5752635740580282,3
-0.6419949839564465,3
0.0967082355780853,2
-0.4185459790552487,3
-0.3338171027272105,5
-1.0062666328725685,0
-0.8874449594201304,0
-0.2865674707657371,5
-0.1018605499051558,5
-0.5224323655414513,3
0.3655185481303962,2
-0.7630850990311266,0
-0.55631866324379,3
-0.6249805223947558,3
0.1285474094533276,2
-0.3985867079949024,5
-0.3268276031904108,5
-0.7402999940484234,0
-0.5517305200280087,3
-0.6025832955562243,3
0.152208158122335,2
-0.4015693220801226,5
-0.3008603504667137,5
-1.0106296362721106,0
-0.8905764777209032,0
-0.3038466841569068,5
-0.0814259631492729,5
-0.5087908147227774,3
0.3772314245948285,2
-0.8954433561814032,0
-0.8686086587257995,0
-0.2272496897253463,5
0.1154384822479697,2
-0.5797940760912204,3
0.7107601116032776,4
-0.8499254587204781,0
-0.5650885421136979,3
-0.7113749717061846,0
0.4054328306000933,2
-0.5205615714101729,3
-0.2222424987005825,5
-0.6013978818004099,3
0.7836347520024263,4
-0.8400848777948717,0
-0.5357233545367918,3
-0.6978568613991916,3
0.3859051842876886,2
-0.488881549422983,3
-0.2256614734811757,5
-0.9739544289122276,0
-0.8688294427102408,0
-0.3434678128400559,5
0.0759829886089145,2
-0.8243399245354048,0
-0.5376703347489258,3
-0.6735575674470375,3
0.447032339746193,2
-0.4610324824829564,3
-0.1762559886171925,5
-0.9710523628827412,0
-0.843717544103979,0
-0.3173937212660667,5
0.216636481347923,2
-0.5549812672781027,3
0.9274362389320449,4
-0.9677209100269916,0
-0.8331831871219794,0
-0.8051189536071899,0
-0.4628660688654338,3
-0.6624023412203626,3
0.6558404620945422,4
-0.4352728741189949,3
-0.0635302242182557,5
-0.3173403226751128,5
0.3264946649389637,2
-0.5391252508721469,3
1.0435579277072258,4
-0.4199646771696272,3
-0.0179387763535553,2
-0.965356286217686,0
-0.8077161342676017,0
-0.2664480029371804,5
0.3767539904722198,2
-0.5265777541456109,3
1.1421984591088494,4
-0.812864181096436,0
-0.4107846400363832,5
-0.6480146071626789,3
0.8092770981628876,4
-0.7989802372273462,0
-0.3985024007372792,5
-0.6358722729693516,3
0.8469683916013047,4
-0.4188755870723052,3
0.0458152177874919,2
-0.9674275975561002,0
-0.790891004149791,0
-0.255233498555884,5
0.4713444018866664,2
-0.5152038559787153,3
1.245691455827696,4
-0.5225442902479099,3
1.244333470835306,4
-0.7993915072696394,0
-0.3786444549420747,5
-0.6383437479058323,3
0.8624878258421771,4
-0.3989382493152865,5
0.0639456383564436,2
-0.9621728611414286,0
-0.7860827307949605,0
-0.2434595200454777,5
0.523213575676398,2
-0.2704587357870858,5
0.5466144368869628,4
-0.493401462568948,3
1.416422370436906,4
-0.9655930650493564,0
-0.7796122074880265,0
-0.7694496569297837,0
-0.2966807757730963,5
-0.5958917434584671,3
1.124185230301961,4
-0.3407411819745169,5
0.2408160887476803,2
-0.957126794717796,0
-0.7655161807246649,0
-0.1556426749283906,5
0.7500912925470462,4
-0.4478599575783953,3
1.6492999628086653,4
-0.7783309371203956,0
-0.2451604797866353,5
-0.5912691669309937,3
1.2934610873930834,4
-0.3139354520693087,5
0.294059041992052,2
-0.7560470565642687,0
-0.2148198574561646,5
-0.5742172435324151,3
1.2982101900668557,4
-0.2955846349975949,5
0.3211037679493652,2
-0.9585144713567664,0
-0.7495980119902553,0
-0.1136313599891961,5
0.8257816532720856,4
-0.4193507615190707,3
1.7489158980104451,4
-0.9617811688856428,0
-0.767020068029627,0
-0.1314317777314152,5
0.8799034783218118,4
-0.4187087494637489,3
1.8896866996712849,4
-0.7691732349482046,0
-0.1874788781676112,5
-0.5677841276216498,3
1.4500168031900222,4
-0.2703877595710583,5
0.3906490376547539,2
-0.4135952540500224,5
1.945242078879161,4
-0.768732032043005,0
-0.1884585767264796,5
-0.5680382542699262,3
1.4913410355027894,4
-0.2826450262276146,5
0.396849735928757,2
-0.9574580325820038,0
-0.7452642338676996,0
-0.0930491314057658,5
0.9543839968560884,4
-0.7632931429173404,0
-0.1718702915983726,5
-0.5569457326216131,3
1.5021161182102682,4
-0.2697028680109941,5
0.3990358687031834,2
-0.9584117314285,0
-0.7411883195885821,0
-0.0805335489148483,5
1.0138703226444536,4
-0.4015251982832729,5
2.036882648062903,4
-0.966865424866496,0
-0.7521003983358152,0
-0.7361099918628662,0
-0.1449668872701324,5
-0.5639058474963645,3
1.5367777407703225,4
-0.2631750007579298,5
0.4368430699408598,2
-0.0969023856033033,5
1.0055055318251234,4
-0.3973200024181577,5
2.131335651746672,4
-0.2581885679204812,5
0.4593233296279067,2
-0.955085991264732,0
-0.7407554805131317,0
-0.0554851094037754,5
1.0619543312398252,4
-0.3864059872312224,5
2.152107234438554,4
-0.7611660768135734,0
-0.1079314788995374,5
-0.5368779102896919,3
1.63255901364584,4
-0.7585573057143842,0
-0.0976330439574191,5
-0.5414573442370013,3
1.6293054278798609,4
-0.2357631792801751,5
0.4966609483053572,2
-0.95178893655686,0
-0.7347622463123652,0
-0.0593049851835666,5
1.084028008639012,4
-0.3992070403000544,5
2.112965000423859,4
-0.4050241923104797,5
2.099025672203463,4
-0.7637999238453532,0
-0.1521990496564183,5
-0.568675369865071,3
1.5210435385664445,4
-0.2759017633041309,5
0.4499378030378402,2
-0.9545882231949804,0
-0.7355091355429513,0
-0.0672048909552537,5
1.0638887684109133,4
-0.085261715287498,5
1.03032662726602,4
-0.3919779710106286,5
2.115402934197887,4
-0.9666886207559542,0
-0.7412567184551123,0
-0.738550439030226,0
-0.1607764782986299,5
-0.5545563161083106,3
1.5669361781588451,4
-0.2542428869860244,5
0.3912400766613025,2
-0.9572214955579574,0
-0.7488783496765646,0
-0.0704208001797999,5
0.9392915728183836,4
-0.4123074043290604,5
1.94906006353543,4
-0.7701765622833132,0
-0.2087676748722982,5
-0.5697879169115856,3
1.4502212238566927,4
-0.2651575953717059,5
0.3508334247213891,2
-0.759145742593494,0
-0.211394789907423,5
-0.5601481329035896,3
1.423784365983431,4
-0.2637822718917,5
0.3688717423573888,2
-0.9587606371110374,0
-0.758125424984653,0
-0.0877518910302078,5
0.8879916514448518,4
-0.397903103554115,5
1.890060143223552,4
-0.9566046061224184,0
-0.8276386433855144,0
-0.3113120315850975,5
0.2023984923605535,2
-0.5556491914154211,3
0.8489511749260983,4
-0.8185695124696778,0
-0.4787703317851444,3
-0.6653951610113067,3
0.5488427985682163,4
-0.4496478939087018,3
-0.1189561374542045,5
-0.5528932786861472,3
0.8976654866818179,4
-0.820718802141264,0
-0.4657973573270356,3
-0.671427598799515,3
0.6032578237161035,4
-0.4631860185982492,3
-0.1175535001877637,5
-0.9686696153956312,0
-0.824686880515933,0
-0.3347766560215196,5
0.1937581135751687,2
-0.8118118426647738,0
-0.4887216986188837,3
-0.6632004732083179,3
0.4379373157936395,2
-0.4468125569080147,3
-0.1567720765057491,5
-0.963975222430512,0
-0.8321926442346184,0
-0.3252226414242488,5
0.167370106771279,2
-0.5532056686428746,3
0.8158495646078101,4
-0.9711005831649906,0
-0.8291522880759328,0
-0.8033583002632907,0
-0.4828767935558526,3
-0.6658080910150082,3
0.5481397554286855,4
-0.4621014516523933,3
-0.1195283399376573,5
-0.3526141518237748,5
0.2295280743190486,2
-0.5616544102478247,3
0.8796343652335163,4
-0.4700438237024311,3
-0.1112487561426448,5
-0.9687514401749778,0
-0.8191776758183803,0
-0.3387024540312579,5
0.2450265918520834,2
-0.5609000923600846,3
0.9061978888010052,4
-0.8170004351386085,0
-0.4510426736311868,3
-0.6655779685247519,3
0.6180737960022558,4
-0.8136934932086932,0
-0.433738651035103,3
-0.6602225321802031,3
0.6270408312595539,4
-0.443404634560253,3
-0.0607884422461244,5
-0.9605680418903308,0
-0.8048852680648753,0
-0.3130496909679425,5
0.3227600478870894,2
-0.5404059680505386,3
1.0588065934730888,4
-0.5524499155468446,3
1.07050331336542,4
-0.8089506757761175,0
-0.4037766840026847,5
-0.6533607314638316,3
0.7693850655901295,4
-0.4297394920288456,3
0.015977791945088,2
-0.9626093813429132,0
-0.793636998785901,0
-0.2903975128369356,5
0.4181484833898432,2
-0.3130381247886195,5
0.4261869232689497,2
-0.527960732581175,3
1.191468212813724,4
-0.968260821857813,0
-0.7921438007628514,0
-0.7837184721585414,0
-0.36276450491591,5
-0.6418408430204461,3
0.8045846721626102,4
-0.4256964371255449,3
0.03856068952434,2
-0.96042048391604,0
-0.7876346108989956,0
-0.2884776138325274,5
0.4417521688499775,2
-0.5306749634511351,3
1.1658227613340892,4
-0.8010808635391775,0
-0.3555183581487617,5
-0.6418404328173007,3
0.8507210500935611,4
-0.42114677897816,3
0.0515545947245732,2
-0.7915913063993204,0
-0.3503821593724538,5
-0.6362816000340387,3
0.8339587714117713,4
-0.4244568668615922,3
0.056493909267467,2
-0.9628691270894318,0
-0.7824731578149754,0
-0.2824394148601457,5
0.4782304778534574,2
-0.528226877077135,3
1.225604472105344,4
-0.9656377186443424,0
-0.7873278197176196,0
-0.2762731189220763,5
0.5267297718202768,2
-0.5154900557143847,3
1.2980950306887395,4
-0.7965036471460303,0
-0.3262405333863184,5
-0.632266552708048,3
0.9691913454954844,4
-0.4110355508925638,5
0.1203028968245697,2
-0.4992148919882333,3
1.355523616613003,4
-0.7937369493708205,0
-0.3095669783011063,5
-0.6256466207126349,3
1.0027354122797711,4
-0.3902840967294122,5
0.1556931015144481,2
-0.957782821784458,0
-0.7657052960661772,0
-0.2378724867682734,5
0.6149915688106926,4
-0.787209156986433,0
-0.2814297385285028,5
-0.6148012099402387,3
1.0666143891094555,4
-0.4396032040927143,3
0.1301557077709312,2
-0.9586884002727084,0
-0.7766648762489192,0
-0.2538464537189445,5
0.5712778144504822,4
-0.5050749235881937,3
1.3700278406704476,4
-0.9604185129667486,0
-0.7763148625209366,0
-0.7613113934194454,0
-0.2836084587133742,5
-0.6191451458630621,3
1.0040363938998622,4
-0.3906189254763499,5
0.1436532885583795,2
-0.2775887752628039,5
0.554988804378566,4
-0.5149002937075515,3
1.360065703576064,4
-0.4169866671215886,3
0.1443620932331747,2
-0.9579127873309632,0
-0.7743140468302419,0
-0.251619036636375,5
0.59885515444705,4
-0.5092933396909125,3
1.3924469882224664,4
-0.7937650055199361,0
-0.2880977759890574,5
-0.6245348469360128,3
1.051466586990169,4
-0.7961469756907644,0
-0.295437889171628,5
-0.6287074818838828,3
1.0047241109943426,4
-0.3935162234995225,5
0.1546567226954769,2
-0.9599075054063252,0
-0.7764506549981126,0
-0.2472234568456789,5
0.6168601896147512,4
-0.504705909331084,3
1.4027477316674497,4
-0.5168004094896312,3
1.396450469323085,4
-0.791699325932347,0
-0.2945846656760461,5
-0.625564803817127,3
1.0277685612738203,4
-0.3963499783962745,5
0.1785879115268417,2
-0.9664354855852856,0
-0.7691486310430665,0
-0.2549246453941513,5
0.6115308256670777,4
-0.2840013994897279,5
0.584636491519261,4
-0.5063046044422651,3
1.432424347851748,4
-0.9661927568465376,0
-0.7667348601052508,0
-0.7680785524809023,0
-0.260182119861788,5
-0.6234828335608672,3
1.030614741087672,4
-0.3929633412240968,5
0.1617749409082968,2
-0.9668530550703768,0
-0.7763458621454234,0
-0.2472749142670865,5
0.6147256585628611,4
-0.5042819892778696,3
1.404443630510416,4
-0.7873205992318725,0
-0.2901383779359959,5
-0.6249652102697174,3
1.029034716234967,4
-0.395909550761547,5
0.165487925722752,2
-0.7794582182307608,0
-0.2741424421892519,5
-0.6219691946615349,3
1.0205826823511086,4
-0.4025873990878001,5
0.1519408207083167,2
-0.9601845173925792,0
-0.7687055889978651,0
-0.2500859532132414,5
0.6015176705903122,4
-0.4998036311160412,3
1.4273166183758614,4
-1.0055080941178822,0
-0.7687068736464424,0
-0.5292731786377034,3
0.5730866376555677,4
-0.7005486417959272,0
1.3754761415145118,4
-0.8868132949479595,0
-0.2853339473106204,5
-0.7671908335502382,0
1.0041576767386595,4
-0.6227551679285821,3
0.1595236213009743,2
-0.6896169264882979,3
1.4474853814367012,4
-0.8867174998580756,0
-0.2658703657773821,5
-0.7783712466608678,0
0.96817726767345,4
-0.6233337850041845,3
0.134033603378208,2
-1.0021250894756324,0
-0.7641290591556487,0
-0.528967912518098,3
0.5980199785354763,4
-0.8808816307315863,0
-0.2831623401813878,5
-0.7689199234158876,0
1.0035542065747582,4
-0.6168312595373139,3
0.159006191219023,2
-1.002879700280678,0
-0.7429368740089142,0
-0.5205431040869698,3
0.6057565624976062,4
-0.6897393395618214,3
1.4189620224177282,4
-1.0084467071891046,0
-0.767976124771486,0
-0.8697163562270491,0
-0.2643317715003262,5
-0.764279006866537,0
1.046520787449104,4
-0.6143869176406871,3
0.168664858950151,2
-0.541550160470126,3
0.6096354180954695,4
-0.6927363270712161,3
1.435933639278708,4
-0.619381417517646,3
0.1560281891138975,2
-1.000683609465867,0
-0.766220009295673,0
-0.5194300373045752,3
0.627625777742312,4
-0.6848084790801854,3
1.4623093789522787,4
-0.8816308552483989,0
-0.2801256362643896,5
-0.7708603968667286,0
1.0662504352521938,4
-0.8806390017971043,0
-0.2724797341157363,5
-0.7669197043900979,0
1.0806824502689465,4
-0.6096945348577605,3
0.1829922700980247,2
-0.9999513978497364,0
-0.760701812726391,0
-0.5084854000302473,3
0.6708820838537197,4
-0.6869022624008705,3
1.4793223718874795,4
-0.6978653453222328,3
1.5261822485822227,4
-0.8828599469241392,0
-0.2571772280878888,5
-0.7605246434382185,0
1.1224298138295437,4
-0.6037271218318265,3
0.2054851392573096,2
-1.003670642092088,0
-0.7612577603727804,0
-0.5008127149980925,3
0.7049092418316012,4
-0.5369755768523264,3
0.6560653155186211,4
-0.6867087158373221,3
1.5462931449534705,4
-1.002931538717126,0
-0.770787849894524,0
-0.8665596760005966,0
-0.2496014312048485,5
-0.7600400931168658,0
1.069315169768225,4
-0.6107258650303091,3
0.1770453854925958,2
-1.0044587351226688,0
-0.7697503733810819,0
-0.5065452539819285,3
0.6418604300535564,4
-0.6877608107368893,3
1.441489124518376,4
-0.8858897132119664,0
-0.2713731645287726,5
-0.7639553069140237,0
1.080741797112785,4
-0.6114511293945994,3
0.1948028240328029,2
-0.8779113084791879,0
-0.256621514591923,5
-0.7655042861534649,0
1.069794571509742,4
-0.6017722099140547,3
0.1892785543060713,2
-1.0043477411028818,0
-0.7682195814765009,0
-0.5068119077379751,3
0.6736684939602571,4
-0.6830877176495738,3
1.520409409862542,4
-0.9959051613417425,0
-0.7970731253847808,0
-0.2958343802377092,5
0.1644497587084818,2
-0.5460246251455871,3
0.6596039478691433,4
-0.767606421665218,0
-0.4297321478780785,3
-0.6216529181399053,3
0.4458539736340456,2
-0.4667934981248404,3
-0.0139454023900212,2
-0.5371642592181742,3
0.6833002970260702,4
-0.7643821738114536,0
-0.4291331443216342,3
-0.6273693207535095,3
0.472219259113344,2
-0.4821396609682931,3
-0.1174838688512057,5
-1.0129015163671975,0
-0.814412424704692,0
-0.3785911726453613,5
0.1591660579568674,2
-0.7685343441944275,0
-0.4163188217132959,3
-0.6503716200727615,3
0.6334726862661442,4
-0.4886842823089324,3
-0.1966670703384938,5
-1.0141373245780594,0
-0.804624562533073,0
-0.3909155194236114,5
0.2265368559613443,2
-0.569578439194735,3
0.7752167003826376,4
-1.0182063902005258,0
-0.8111360437105711,0
-0.7487512702366954,0
-0.3805827756432551,5
-0.6496988170710347,3
0.5250813713510687,2
-0.4915625598059746,3
-0.0715620779032598,5
-0.4110623366282132,5
0.1555119106383268,2
-0.5545518966622934,3
1.0281447839289355,4
-0.5155075919836956,3
-0.1206430434526982,5
-1.0144157879431306,0
-0.8123980780274114,0
-0.3917697308604827,5
0.2151542209367849,2
-0.5847206981609805,3
0.7604191422560183,4
-0.791353974616795,0
-0.4167141675987967,3
-0.6608868032747582,3
0.542769105858963,4
-0.7771496681042118,0
-0.4179223773278149,3
-0.6454249497506207,3
0.5124236921082375,2
-0.5082092021780216,3
-0.1152800414894283,5
-1.0184345261786591,0
-0.8077108511807676,0
-0.4037161841813513,5
0.1872038519618741,2
-0.5900178749919629,3
0.7110224049867779,4
-0.5870953225227395,3
0.6986334525674842,4
-0.7744469679519549,0
-0.4184948772403336,3
-0.6404065432167879,3
0.6131060941006929,4
-0.5864203938811625,3
-0.1016086159435832,5
-1.018263841774003,0
-0.8014027479529203,0
-0.3926059992901083,5
0.1899882913143488,2
-0.4472581635360876,3
0.1552547466846117,2
-0.5942320341701605,3
0.7165515824492901,4
-1.0187205691610213,0
-0.814998091270811,0
-0.7525482584548926,0
-0.3868267177223582,5
-0.6556411528628596,3
0.5468032051917138,4
-0.5191983012385535,3
-0.1110441953663535,5
-1.0186889553199878,0
-0.7956889220157779,0
-0.3892641772669472,5
0.2075815717975494,2
-0.5701425498806205,3
0.758006409224522,4
-0.7867654814401399,0
-0.4095993394518488,5
-0.6667216059410053,3
0.5208108795253203,2
-0.510728945716205,3
-0.0833343357713565,5
-0.7832764331968416,0
-0.3898539086351831,5
-0.6498774566764915,3
0.5617907307999903,4
-0.5091064354974392,3
-0.1208932126413138,5
-1.016412328933944,0
-0.804429842917415,0
-0.3945126566088542,5
0.2241629656468723,2
-0.5840135566904378,3
0.7702617825619564,4
-1.020256094972654,0
-0.8061326421372991,0
-0.391188298786149,5
0.2151967839517183,2
-0.5885786011759601,3
0.7235431114318491,4
-0.784129555065781,0
-0.4034338754561198,5
-0.6434910521594458,3
0.6482283251441319,4
-0.5164955596517896,3
-0.1061636520308116,5
-0.5865139453625612,3
0.7449823679820105,4
-0.7860799046394289,0
-0.3955744594489352,5
-0.6554217866397699,3
0.5803968563973694,4
-0.5074941896162313,3
-0.0911126392409025,5
-1.0194586309461056,0
-0.7975764910191255,0
-0.4007327244298601,5
0.2151658235806054,2
-0.7853414098178784,0
-0.3907048412039345,5
-0.6758405104542273,3
0.5402817242824594,4
-0.5141815597359182,3
-0.0763967336751041,5
-1.015965179202046,0
-0.8096495210228514,0
-0.384462815262283,5
0.2464854519184177,2
-0.5884575241887608,3
0.7477632990628551,4
-1.024574203578554,0
-0.8017550955966277,0
-0.7542627103511442,0
-0.3610371245292921,5
-0.6531359503734077,3
0.5482498491085623,4
-0.4928763568670154,3
-0.0830569733227749,5
-0.4235332475439415,3
0.2043059368396026,2
-0.5751872299086236,3
1.0304070557058294,4
-0.5188489249509775,3
-0.0575196151112593,5
-1.019198646339964,0
-0.7744447500002237,0
-0.36956295142025,5
0.4247347448304592,2
-0.5473768713030813,3
0.8614084948516567,4
-0.7825294397459085,0
-0.3603272518212136,5
-0.6554315331376768,3
0.6115424672288254,4
-0.7811788639770931,0
-0.3771988114144751,5
-0.6523925634109958,3
0.5913701849036754,4
-0.5168688104442729,3
-0.042541631341976,2
-1.0228340322490768,0
-0.7978138418792406,0
-0.3808566822654978,5
0.2477403247097489,2
-0.5928618677672098,3
0.7802757620726524,4
-0.5882318136378435,3
0.7563491195543914,4
-0.7911315024172855,0
-0.3893690226203123,5
-0.6523274482083035,3
0.5584818462754384,4
-0.4961508594478018,3
-0.0489437649519113,2
-1.0206197765404057,0
-0.807170296629043,0
-0.3749038957558155,5
0.2946065923363038,2
-0.4402129035266777,3
0.2497702327301511,2
-0.5830007129467237,3
0.8723733527516471,4
-1.0244932556928237,0
-0.8030909867079457,0
-0.7551801609854548,0
-0.331453159385042,5
-0.6580131663133508,3
0.7470957484653882,4
-0.4801043535658121,3
-0.0541678428046598,5
-1.0223624047988986,0
-0.8051558532780203,0
-0.3789822478203147,5
0.2837325580443884,2
-0.5707952146840536,3
0.7902747007745372,4
-0.7929799253527703,0
-0.3803771796092144,5
-0.657123417959708,3
0.5850107388856549,4
-0.5045925542388378,3
-0.0363981228575485,2
-0.7843530839988613,0
-0.3496043994266326,5
-0.6501378639665188,3
0.6274808766814484,4
-0.5017421703278542,3
-0.0282328852953089,2
-1.0231303483725944,0
-0.7963375827834678,0
-0.3715108561493424,5
0.3209494118052582,2
-0.5713345330711149,3
0.8901582981423515,4
-0.9578324882391918,0
-0.8279852451228664,0
-0.2816440851911083,5
0.2994494042352713,2
-0.5500312366828692,3
1.0026641529745464,4
-0.815361141643532,0
-0.4547956390543969,3
-0.6709862300679243,3
0.6001724312666168,4
-0.4570288993507598,3
-0.1212254411282608,5
-0.5740087045581204,3
0.8196199799987214,4
-0.8318858551344234,0
-0.509488560314558,3
-0.6892862987637344,3
0.4720218890923715,2
-0.4976629405811071,3
-0.1735929819638386,5
-0.976059932275956,0
-0.862228688721459,0
-0.4088051122406204,5
0.0820724538400654,2
-0.842981756200317,0
-0.5452525926062766,3
-0.7125886979740075,0
0.3847326763746937,2
-0.5124797512392986,3
-0.2055590446059785,5
-0.978025570478444,0
-0.8731489733502573,0
-0.40799292394128,5
0.0917095049627287,2
-0.6065727403547948,3
0.7156173083540887,4
-0.9821577741300558,0
-0.8721857898627638,0
-0.8432762645795673,0
-0.5533266682138294,3
-0.7148236720480354,0
0.4141729056445556,2
-0.5085395085382974,3
-0.1970993672874904,5
-0.4086810990458715,5
0.1222792444090475,2
-0.6066637717263684,3
0.7321076640635407,4
-0.507755804948514,3
-0.1913532039957978,5
-0.9817938746072612,0
-0.8709396641554418,0
-0.4147787483187827,5
0.10788723537261,2
-0.6016025822911579,3
0.7323037430476076,4
-0.8438576493525659,0
-0.5324574124311459,3
-0.712748567653994,0
0.4295414640935113,2
-0.8428663896678088,0
-0.5255638259116938,3
-0.7102729218955891,0
0.4327563735656727,2
-0.5010168490794571,3
-0.1721153646669102,5
-0.978099155226794,0
-0.8617948079005919,0
-0.4048000080302417,5
0.1207083826761145,2
-0.606409829192846,3
0.7563963811825121,4
-0.6065415119900109,3
0.7845477185668142,4
-0.8450005714608118,0
-0.528800366408551,3
-0.7021486691791474,0
0.4351435003617478,2
-0.5112875516543276,3
-0.1785109072838741,5
-0.9770896558133906,0
-0.8572869980607971,0
-0.4161502217191944,3
0.1063887864790972,2
-0.4214157686573637,3
0.1073105609617297,2
-0.6156711592759927,3
0.6774741993031819,4
-0.9759758965999692,0
-0.8642734794384916,0
-0.8322972328441535,0
-0.5526671255001279,3
-0.712348480033712,0
0.3738130591842498,2
-0.5162907193776054,3
-0.2089126403124258,5
-0.973216099797948,0
-0.8570338980554747,0
-0.4287915536923684,3
0.090620721462616,2
-0.6151343231642232,3
0.6585958386059778,4
-0.8447037915754144,0
-0.5446458848079043,3
-0.7139726084519178,0
0.3598233540040881,2
-0.5237393338506819,3
-0.1848507321589748,5
-0.8417855129737305,0
-0.5273101810045776,3
-0.7134119846090031,0
0.4502460317584282,2
-0.5101244542273282,3
-0.1809586087168713,5
-0.9787379955801604,0
-0.8555605348895187,0
-0.4281945918578139,3
0.0969363202270418,2
-0.6145682298994842,3
0.7013456125603226,4
-1.0047833658938972,0
-0.8625875811155592,0
-0.2789900404129943,5
-0.0101762749694735,2
-0.4879841403071304,3
0.481982238719965,2
-0.7456738948077082,0
-0.5263582814392227,3
-0.5840172164879487,3
0.2870373225530176,2
-0.379089120837631,5
-0.240664482517359,5
-0.4754923342053882,3
0.4979901026115694,2
-0.741286920242468,0
-0.5188662703272061,3
-0.5854794506263208,3
0.321660529450686,2
-0.3899008468402583,5
-0.2023245713737227,5
-1.01342879485393,0
-0.8700282865805049,0
-0.2736711175023128,5
0.0564939603674584,2
-0.7433307699217189,0
-0.505423523933445,3
-0.6025704029593584,3
0.2908316674191648,2
-0.3764683558340538,5
-0.2129973219765842,5
-1.000358393051648,0
-0.8695583445004258,0
-0.2600511812969595,5
0.0385801972868372,2
-0.4773628017596611,3
0.5717926795525576,4
-1.003163552484596,0
-0.8883676189881027,0
-0.7244876331304635,0
-0.504543044749302,3
-0.6024519430868995,3
0.2365301284075389,2
-0.383830597913556,5
-0.2602519634961538,5
-0.301817976474533,5
-0.0434537069329367,2
-0.5016555269713169,3
0.4427156918388106,2
-0.3870727531557114,5
-0.2576124330812376,5
-1.0118730305693164,0
-0.8793131026149822,0
-0.246045632136075,5
0.0216605308777737,2
-0.4821983575121181,3
0.4921808291672829,2
-0.7514221999963545,0
-0.5172223240088125,3
-0.5927965822387253,3
0.281754822486668,2
-0.7379140766348429,0
-0.5033047331412953,3
-0.5840765451566197,3
0.2720594344576089,2
-0.3549277887774578,5
-0.2434909550332313,5
-1.0005935945421451,0
-0.8846803374113956,0
-0.2296109772809712,5
0.00402874635396,2
-0.4736378545325492,3
0.4823569433063037,2
-0.4776214299412324,3
0.4604833437646078,2
-0.7410971105725803,0
-0.5244735219758062,3
-0.599905976235968,3
0.2473934313034441,2
-0.3736248492563033,5
-0.2425828042432155,5
-1.0062891622328325,0
-0.8816309467225075,0
-0.2521484990490569,5
0.0115286103444113,2
-0.29961611353419,5
-0.0271863532935798,2
-0.4884614223755317,3
0.4744454423857858,2
-1.0054857174132017,0
-0.8785611488428897,0
-0.7223465330739585,0
-0.5035782584989275,3
-0.6045906974013099,3
0.2823415251892748,2
-0.3812299391367054,5
-0.2746074838790406,5
-1.0053631411908135,0
-0.8827239112938805,0
-0.2940588397465429,5
-0.0366720077741866,2
-0.4885728874285349,3
0.436435266136526,2
-0.7545415270324146,0
-0.5644725744287369,3
-0.6152137272743728,3
0.1105897970442761,2
-0.4529111412551232,3
-0.3784622397942913,5
-0.7663204610758835,0
-0.6142101901397334,3
-0.6391578511475566,3
0.091771794898506,2
-0.4417940230479887,3
-0.3784937802583995,5
-1.012524190481325,0
-0.9108003117700916,0
-0.3615250714579988,5
-0.163568881145926,5
-0.5460088527916497,3
0.2266660726023733,2
-0.9925326639859176,0
-0.7804223887199956,0
-0.435828173625274,3
0.4553307508740354,2
-0.6281481304595276,3
0.9339190909937968,4
-0.8202361263143916,0
-0.321368006502466,5
-0.690661688901286,3
0.6493182388827412,4
-0.5038299670146684,3
0.022996396779406,2
-0.6139992940256701,3
0.8794011899915746,4
-0.827544854551826,0
-0.3696128007746315,5
-0.70124757332149,0
0.5855465803011284,4
-0.5059452169980397,3
0.0043963941023466,2
-0.9783172581156574,0
-0.8180175547460753,0
-0.4057343385914599,5
0.4155664762442002,2
-0.8497667750229939,0
-0.3378795431084933,5
-0.7475397416118562,0
0.5797962136767865,4
-0.6107740048639001,3
-0.1092934360701139,5
-0.9870658329000316,0
-0.8294139065166966,0
-0.5043498698113441,3
0.1277145867497411,2
-0.6544514032732508,3
0.5928919715997192,4
-0.9765618253650638,0
-0.8421283237215487,0
-0.8291517841825752,0
-0.4666006732513442,3
-0.7332090616170374,0
0.3430012048354514,2
-0.5612483088034534,3
-0.171459161468626,5
-0.4837315491605944,3
0.0638549072965546,2
-0.6371977407302525,3
0.5745865405825066,4
-0.5618622274572498,3
-0.1983073175233589,5
-0.9736538137445996,0
-0.8477067623203716,0
-0.4670133975673201,3
0.0510229050463031,2
-0.6352893942613492,3
0.5266932652998249,2
-0.8336856282987332,0
-0.5122790217178308,3
-0.7124649632428325,0
0.305321650028717,2
-0.821527834817827,0
-0.486285661189519,3
-0.7050942345676076,0
0.3583493868875369,2
-0.5224704506129257,3
-0.1781378670036057,5
-0.9684921224609618,0
-0.8377950707392631,0
-0.4052325616239303,5
0.1181234874204216,2
-0.602937847906589,3
0.5995890440141534,4
-0.5956244829110613,3
0.6211273490866187,4
-0.8078835787850636,0
-0.4447697758709234,3
-0.6840021958457362,3
0.425944088941802,2
-0.5153256385430567,3
-0.1483047916681589,5
-0.9631330173665104,0
-0.8351948146447434,0
-0.3872102253079734,5
0.1563663634694846,2
-0.4263213510049462,3
0.1433261985289281,2
-0.6100037531481705,3
0.65846864670509,4
-0.9702759109696591,0
-0.8338475331157225,0
-0.7906037112366714,0
-0.4144601093100072,5
-0.6735612751603047,3
0.5044792846620063,2
-0.4869022858335573,3
-0.080910503655859,5
-0.968039622715712,0
-0.8151351931309023,0
-0.3431237439634221,5
0.2574368616650495,2
-0.5647957664089895,3
0.8311604854575452,4
-0.7981055831351846,0
-0.3750658147549315,5
-0.6514845627753261,3
0.6365134922126425,4
-0.4527443484033434,3
0.0494908671112317,2
-0.7981552479245905,0
-0.3569539931799131,5
-0.6546416483133805,3
0.6419952025733322,4
-0.4519961359925637,3
0.0041537030439857,2
-0.9627245070987422,0
-0.8138616710633836,0
-0.2978085049326421,5
0.365383947824779,2
-0.5418977163525761,3
0.9597417785341644,4
-0.9658986575976456,0
-0.8113547378649095,0
-0.2848500725480494,5
0.4025023320439733,2
-0.5415171536267243,3
0.9607994603730596,4
-0.7886623595838009,0
-0.3487669836393663,5
-0.6425909963148229,3
0.6931556674544874,4
-0.4373713979667251,3
0.032233140171141,2
-0.5314767174204014,3
0.980335802667939,4
-0.7944783735696701,0
-0.3345922236320999,5
-0.6385152432680834,3
0.7471095170682249,4
-0.4332087780562277,3
0.0611033205130063,2
-0.9632833557622832,0
-0.7963426415828603,0
-0.2613721923381253,5
0.4523367455000682,2
-0.7844082491954979,0
-0.289629772452282,5
-0.637944443055587,3
0.8333076437595444,4
-0.4066620204141815,5
0.0955130725892989,2
-0.9595001020139332,0
-0.7970652240373183,0
-0.2494868257938831,5
0.4662080458864488,2
-0.5266054635871572,3
1.0543213208160105,4
-0.962645942566465,0
-0.8040141703170489,0
-0.7557490338244848,0
-0.2612965456520462,5
-0.6261575129780825,3
0.8209388089314367,4
-0.4110519497214276,5
0.0747212988030786,2
-0.3220628712500226,5
0.3947594513987571,2
-0.5274560900084223,3
1.0437873453521864,4
-0.4336673642488869,3
0.07778460735397,2
-0.9630092424560652,0
-0.800205084655115,0
-0.2657179990787868,5
0.4554311512120037,2
-0.5369302022623194,3
1.0150439774639617,4
-0.7868343787183587,0
-0.30419565605405,5
-0.6324083500931077,3
0.7860771402071312,4
-0.7795712239768448,0
-0.3141524351563722,5
-0.6324872392783005,3
0.779327883805587,4
-0.4329759382701895,3
0.0553951177117001,2
-0.962979108554954,0
-0.8050104679133406,0
-0.2597778596043322,5
0.4840899128797222,2
-0.5185397762231031,3
1.089770400932366,4
-0.5253867142976925,3
1.1026885187250146,4
-0.7778011230958463,0
-0.2690126177641893,5
-0.6234464638191504,3
0.8807691710782652,4
-0.4077390403957701,5
0.1183255108279065,2
-0.9579287354134892,0
-0.7824423647391461,0
-0.2364903974221988,5
0.4497175699606939,2
-0.3423020625718715,5
0.3706384636359201,2
-0.5601790454934618,3
0.9719686096201856,4
-0.9623557587668492,0
-0.8120501554009862,0
-0.7748912780687498,0
-0.3708560650006681,5
-0.6623493327572408,3
0.6286630168369833,4
-0.4741590091404601,3
-0.0934718200064774,5
-0.9623053721876044,0
-0.8230660067929709,0
-0.3465590680802122,5
0.192144256961233,2
-0.576237521376635,3
0.6834354112205299,4
-0.805099468469491,0
-0.4856295186505864,3
-0.6875317969739037,3
0.403816038489375,2
-0.5002241258500486,3
-0.1913909566795219,5
-0.8097954552552271,0
-0.4978690361694442,3
-0.6828449260838213,3
0.3391558327961173,2
-0.5162977603489232,3
-0.2492808011086081,5
-0.9615785784891088,0
-0.8574706598078052,0
-0.4036318400421051,5
0.0310578352999038,2
-0.6013867756449496,3
0.4914828577659638,2
-0.9904650525434936,0
-0.7386533525359706,0
-0.5233885998649491,3
0.3012398342135101,2
-0.6588236536377218,3
0.7666003852061523,4
-0.8273937011280662,0
-0.3681279571760124,5
-0.7215033598758307,0
0.4334296270904694,2
-0.546260377369147,3
-0.0758370501586045,5
-0.6298454892683845,3
0.6881966581457633,4
-0.8352741384435902,0
-0.3884102470494643,5
-0.7342374459982062,0
0.5743488621031803,4
-0.5864813593071428,3
-0.0371848837757261,2
-0.9733329976715768,0
-0.781542237410267,0
-0.4669858885658094,3
0.2605201530293239,2
-0.8305039199872082,0
-0.3426595592521635,5
-0.7275496062810913,0
0.6959431930108115,4
-0.5769328918539893,3
0.0103489446839725,2
-0.9726612492932571,0
-0.7730586751251417,0
-0.4740445498555588,3
0.2497301130625117,2
-0.6375041716213823,3
0.684626642918194,4
-0.9707359826525636,0
-0.8048558980748011,0
-0.8104910603409938,0
-0.3948559678548951,5
-0.7180021158250012,0
0.4219025125172762,2
-0.5471158587499272,3
-0.1362167534624603,5
-0.4711001599055602,3
0.0964090447567955,2
-0.6167635883411081,3
0.5950657971998394,4
-0.5571887575207393,3
-0.1574056317129852,5
-0.96010202802363,0
-0.8172703660333402,0
-0.4513278599310242,3
0.0950512171061559,2
-0.6335113020810317,3
0.5433298917550089,4
-0.8210535836383245,0
-0.4552855189843076,3
-0.7053593153293616,0
0.3294176612420251,2
-0.8110796894677629,0
-0.4571708724849792,3
-0.7015128764665471,0
0.3790608147935241,2
-0.544140534662081,3
-0.2016859318395438,5
-0.9565312398211387,0
-0.8213507341360867,0
-0.4398237152852464,3
0.0567094889145406,2
-0.6216543343668598,3
0.4662581218689896,2
-0.6152578351423048,3
0.4287001220448259,2
-0.8103631676643397,0
-0.4894029708383735,3
-0.6883062568212855,3
0.2861371436049493,2
-0.5363555824978606,3
-0.2400377022052243,5
-0.9584060883994217,0
-0.8254343274941641,0
-0.4274394933128653,3
0.0144710295195679,2
-0.4866395209490251,3
0.0248079726251796,2
-0.6171122042161641,3
0.4167433123411848,2
-0.9567067800905388,0
-0.8355614674665284,0
-0.781665202444054,0
-0.4677943457352734,3
-0.6872870030028977,3
0.3570725469495814,2
-0.5277768784065163,3
-0.2306965941673815,5
-0.9558557529817252,0
-0.8260119990753607,0
-0.4312115697520003,3
0.0224160216925379,2
-0.5993730855312495,3
0.4473036652216071,2
-0.8081631368784779,0
-0.4963918000919964,3
-0.6806611943727654,3
0.2690939370892078,2
-0.5315518807015833,3
-0.2283073128885447,5
-0.8089148000650426,0
-0.4899185034576629,3
-0.6890982578028686,3
0.2685168296319968,2
-0.5251731753273269,3
-0.226494494435384,5
-0.9536670122569102,0
-0.7844076333115773,0
-0.4065751150565958,5
0.0473563601514009,2
-0.6046564995603427,3
0.4775316579859283,2
-1.032920907648959,0
-0.7047534657595302,0
-0.4528693517439884,3
0.5724215818538454,4
-0.6099258454468276,3
1.2266681228439484,4
-0.8135172635424979,0
-0.2090684881143664,5
-0.6869322859696888,3
0.9099185172381564,4
-0.5046294755907775,3
0.1665891218694616,2
-0.5899154932592279,3
1.178380195855589,4
-0.8042463756064315,0
-0.2029984971596319,5
-0.6816363850568808,3
1.097309675343712,4
-0.5277281225765362,3
0.2297541443317868,2
-1.0281309834487435,0
-0.7441543545897433,0
-0.4121952787669372,5
0.6725413965266627,4
-0.8237282527515453,0
-0.1678838408518657,5
-0.7039327588658566,0
1.2458670654010005,4
-0.5567345889309778,3
0.2904382606115423,2
-1.0305547014971197,0
-0.728753745483256,0
-0.4371665180705725,3
0.7038772542516107,4
-0.6174911264581571,3
1.425717357801485,4
-1.0323108049058538,0
-0.7815290030476775,0
-0.8156089830189006,0
-0.2354409453170982,5
-0.711290159126778,0
0.7868437111034063,4
-0.5308115544937722,3
0.0861474935020221,2
-0.4919162084838359,3
0.4356054558106483,2
-0.6387946033532528,3
0.9662480608482452,4
-0.5636181737754637,3
0.0399252272665036,2
-1.031202099818597,0
-0.7881674584039957,0
-0.4552038474122584,3
0.416962210980597,2
-0.6339328489470544,3
1.0040078874065683,4
-0.8296507791562358,0
-0.3412952733560173,5
-0.7082336660527935,0
0.7143824686358624,4
-0.8246156674400598,0
-0.3301371238335961,5
-0.7008032661185671,0
0.6706928996961175,4
-0.5401337519372562,3
0.0099464690957852,2
-1.028730229999378,0
-0.7833684272895982,0
-0.4319926377019641,3
0.4501582295884305,2
-0.5976999376372971,3
0.9023275186399812,4
-0.613282547365288,3
0.8856124414727835,4
-0.8195770249799255,0
-0.3480157242954377,5
-0.6997172744063591,3
0.6620804701620255,4
-0.5371351201751698,3
-0.0119202688628754,2
-1.025493993734959,0
-0.7972253428347539,0
-0.4307004118521404,3
0.3287665407758762,2
-0.476915105837794,3
0.3123434630416155,2
-0.6167283222049377,3
0.9172424059043038,4
-1.0319292261299935,0
-0.7952084711648316,0
-0.796784711191981,0
-0.3003400264243151,5
-0.6899000023358393,3
0.7036630221314581,4
-0.5263203752875186,3
0.0038963035244814,2
-1.0235652243954,0
-0.7867450056753985,0
-0.4221648966823776,3
0.3761815602638596,2
-0.6145430014607126,3
0.8757437875955485,4
-0.8117141327815994,0
-0.3244404600738257,5
-0.6779140857932786,3
0.7842449265275793,4
-0.526340527815,3
0.0031835306385318,2
-0.8175272654460161,0
-0.337782395216107,5
-0.686037070909414,3
0.7111263866955013,4
-0.5242343508151137,3
0.0359231226786501,2
-1.0304743774159042,0
-0.7948246056914077,0
-0.4003159840824201,5
0.3620300734310426,2
-0.5967380940019461,3
0.9568182058772036,4
-1.0306192282613345,0
-0.7971663095693444,0
-0.4043853125691481,5
0.4081241381925807,2
-0.6071899952717219,3
0.9571791063304091,4
-0.8160290095524723,0
-0.3220014186847607,5
-0.6852742777798164,3
0.7349264225610066,4
-0.4929816328996923,3
0.0209214008131677,2
-0.6002416039377724,3
0.9054078697922252,4
-0.8121869893302018,0
-0.3270793424658536,5
-0.6885517389477711,3
0.7006276261171944,4
-0.5298503867980672,3
0.0099518953805298,2
-1.030307045126321,0
-0.7837852198423104,0
-0.410232974943014,5
0.383741822025499,2
-0.8019868459747341,0
-0.2798069560983954,5
-0.6721652372405204,3
0.6471290423036793,4
-0.5228103002940816,3
0.0227117048519949,2
-1.0291709536795222,0
-0.7905069796693883,0
-0.4291592819797101,3
0.3660069885387842,2
-0.6053517667725626,3
0.8767848140356826,4
-1.0266730130279194,0
-0.8005486114665332,0
-0.7778249396267489,0
-0.2754347167781489,5
-0.7001210344312156,0
0.6858213298128661,4
-0.5269052287660161,3
0.006328359727577,2
-0.4683560717902599,3
0.3075621977574752,2
-0.6146961351333764,3
0.9206156050164004,4
-0.5343150597667382,3
0.0070464860883812,2
-1.028194924899792,0
-0.7994895498974901,0
-0.4106652720759055,5
0.3603075750747978,2
-0.6166573968393388,3
0.940440768660718,4
-0.8182146274055668,0
-0.3426909537864878,5
-0.6795089550563754,3
0.6604332367819639,4
-0.8023839378792716,0
-0.3156222710785634,5
-0.6642256796673948,3
0.6880738454879405,4
-0.5120998269701925,3
0.0207457243258689,2
-1.014769008400753,0
-0.8218316974384643,0
-0.4073711779757837,5
0.3960646259307794,2
-0.6000947754324736,3
0.9890973295721684,4
-0.5877510956874101,3
0.9437816230929628,4
-0.7922039251220734,0
-0.3201518407257622,5
-0.6633423246312057,3
0.7625183715467545,4
-0.5217086808358762,3
0.0581009010722666,2
-1.026621693664985,0
-0.7973114149478583,0
-0.3970754571202152,5
0.3814512608416986,2
-0.4680400077996088,3
0.3214326041840007,2
-0.5997820017916901,3
0.955236319756239,4
-1.0304761892600132,0
-0.8070519656074425,0
-0.7727282713110556,0
-0.2809458255580561,5
-0.6783116032962689,3
0.7135510638083182,4
-0.525578103627997,3
0.0197448654327082,2
-1.0255373180266805,0
-0.7875974607535838,0
-0.3996601342300176,5
0.3824582466469539,2
-0.5878296253024906,3
0.9147334463778112,4
-0.8019174824118082,0
-0.3395434401606171,5
-0.6654933812771519,3
0.6926702036732606,4
-0.4573693698061576,3
0.0054028888994072,2
-0.804625373705076,0
-0.3126561889799377,5
-0.672240406863907,3
0.6793968674268343,4
-0.5041694649723288,3
0.0194408701728783,2
-1.0251749127947178,0
-0.7930548387714229,0
-0.4094404518059279,5
0.3713779259555211,2
-0.5929581272549789,3
0.9935253300118672,4
-1.003918609675828,0
-0.7721730202741564,0
-0.5427196794156282,3
0.6276705701456384,4
-0.6974555504922774,3
1.3809585377576183,4
-0.9017801748659292,0
-0.2991006501597624,5
-0.7903895183171948,0
1.047824963907676,4
-0.6397196455864782,3
0.1735912102339166,2
-0.7018423258180655,0
1.4853254854985307,4
-0.9009903323291116,0
-0.280584040249201,5
-0.7765959791651919,0
1.0998675879872009,4
-0.6239573145401665,3
0.1609350397355344,2
-0.9985127270526948,0
-0.7767371721480486,0
-0.5339057261253137,3
0.6475059931709164,4
-0.89904009055892,0
-0.2875755950314408,5
-0.7850574012618434,0
1.0070423080899138,4
-0.634219673728507,3
0.160529610601939,2
-1.006278655895296,0
-0.7813374457436888,0
-0.5225430921404169,3
0.6051669698275248,4
-0.6984653374924027,3
1.434644334812348,4
-1.0103782385302655,0
-0.7789390793401184,0
-0.8798464419602584,0
-0.2708183899264601,5
-0.7799567018455711,0
1.0485489129259422,4
-0.6270968944210168,3
0.1730117174436364,2
-0.5524575143565238,3
0.6105014545043295,4
-0.7032390487668576,0
1.475945142397488,4
-0.6322362629607181,3
0.1601515551555701,2
-1.0044963711127473,0
-0.7682748228712657,0
-0.5165628773667188,3
0.6118180530527033,4
-0.6930667540841857,3
1.5238182416357633,4
-0.8907694707674827,0
-0.2868458237396182,5
-0.7667367190218615,0
1.1160482866496906,4
-0.8888937395926447,0
-0.2564745551065568,5
-0.7778997729096715,0
1.1319223924751531,4
-0.6226194274589262,3
0.2251229122306635,2
-1.004979877582608,0
-0.80616863202528,0
-0.5118409748702376,3
0.6253039201543469,4
-0.6997073885618863,3
1.4048515625544036,4
-0.7079701461069835,0
1.4533511463773792,4
-0.8931504505957344,0
-0.2923093454722922,5
-0.781977088498206,0
1.0932408877335156,4
-0.622575606730164,3
0.1709372008313144,2
-1.002935444865357,0
-0.7689943065806888,0
-0.5214152795132059,3
0.6420670726266631,4
-0.5459577016749343,3
0.6279303931294185,4
-0.6962597515456177,3
1.4911074108886888,4
-1.0097050760257709,0
-0.7676812540787825,0
-0.8733005678132322,0
-0.2585625706578364,5
-0.7675886306543716,0
1.12656091821524,4
-0.6067227225803394,3
0.1752417881576641,2
-1.0003952336135575,0
-0.7725440535962661,0
-0.5087318103262615,3
0.6762776972208775,4
-0.6931216239966301,3
1.5007161779835148,4
-0.8872906639445106,0
-0.2595912316987808,5
-0.7683118934392228,0
1.1328686684976208,4
-0.6027875090955985,3
0.2071669341193368,2
-0.8786737452631175,0
-0.2386500327623688,5
-0.7626131353053589,0
1.1111778264905547,4
-0.6039781189302512,3
0.2081712175082225,2
-1.0051393217607307,0
-0.7624138129837367,0
-0.4979306479506357,3
0.6666085465615186,4
-0.6811603820813856,3
1.4721869707738071,4
-1.0076341623022202,0
-0.7706400502889061,0
-0.5048151912077393,3
0.6935968836503026,4
-0.6807179908736352,3
1.5373776432364443,4
-0.8855027887376248,0
-0.2650992356737529,5
-0.7705306417909367,0
1.156914763530252,4
-0.6066604476230718,3
0.2329619417938611,2
-0.6831321797825678,3
1.5290830247163134,4
-0.8803643465326021,0
-0.2628257470504632,5
-0.7611812650304579,0
1.1841959854872706,4
-0.6137792606455239,3
0.2212933095264299,2
-1.0039568401887828,0
-0.7663231204283203,0
-0.4989075683153551,3
0.705300873496896,4
-0.8763204337777964,0
-0.2439650545252269,5
-0.7590101597418302,0
1.1380736737409256,4
-0.6008621178604233,3
0.2365488017232134,2
-1.004101365803722,0
-0.7731313244641939,0
-0.5013959965399937,3
0.7344704578464301,4
-0.6822836201118662,3
1.5255222571757558,4
-1.0022704847020458,0
-0.7791446916298805,0
-0.8643204215290502,0
-0.2385148431612325,5
-0.7568311958161053,0
1.1716809807161384,4
-0.5963333948485632,3
0.2692034969580357,2
-0.5200394109326382,3
0.6918027120065473,4
-0.6847587324439106,3
1.6250308516865068,4
-0.6012232807572684,3
0.2689738498581427,2
-1.0024834772290283,0
-0.7613773105026499,0
-0.4322982227963095,3
0.7340811563836802,4
-0.6777947452923035,3
1.5726642790594387,4
-0.8897237175257482,0
-0.251996571119782,5
-0.7611309697119217,0
1.16698265354403,4
-0.8780876120218624,0
-0.2501409067546162,5
-0.7614681963996657,0
1.1770739329447808,4
-0.5978141733924713,3
0.2285846421558554,2
-1.001191734541342,0
-0.7700986419817141,0
-0.4842642578508426,3
0.7243076327031395,4
-0.6806199985705589,3
1.6591712095391569,4
-0.685142947856377,3
1.5762575954725433,4
-0.8840359582554118,0
-0.2573698091948903,5
-0.7547585282302498,0
1.1785455055957994,4
-0.5931618757122612,3
0.2595218073919809,2
-1.0019282985199072,0
-0.7632978967676853,0
-0.4839685785256623,3
0.7752837222660713,4
-0.51689793709129,3
0.718751488549954,4
-0.674005009509197,3
1.6392196060273592,4
-1.005473364561465,0
-0.7723898420826364,0
-0.8587433357172667,0
-0.2074070566356343,5
-0.7551441111939297,0
1.229676900199415,4
-0.600050298077337,3
0.261239697945769,2
-1.0020197268109905,0
-0.7620883002615424,0
-0.4847177319739169,3
0.7684762806269338,4
-0.6763538025527186,3
1.6668145161051076,4
-0.8831606001181294,0
-0.2365547934786814,5
-0.7554289148406156,0
1.2296042536685832,4
-0.5926690806235009,3
0.2729181622861614,2
-0.8779400392018069,0
-0.2028407887469457,5
-0.7529116846966419,0
1.220330485749887,4
-0.5883092860161451,3
0.2705678195050491,2
-1.002417369660942,0
-0.7618120250203682,0
-0.4808363726109377,3
0.8035367085287048,4
-0.6727507252308461,3
1.6697572387524842,4
-1.0005179437903822,0
-0.7568017602259919,0
-0.5818243119179934,3
0.3482937849610111,2
-0.7520312807533889,0
1.039556463564692,4
-0.9132102014916156,0
-0.390480062437503,5
-0.8065939400329718,0
0.7154216456874982,4
-0.6906871863694575,3
-0.0257684318266754,2
-0.743591930443969,0
1.036295629449088,4
-0.9148147538025226,0
-0.3933375265549581,5
-0.8046528060526608,0
0.6965940959813071,4
-0.668095736749925,3
-0.0098708507703132,2
-1.003341444407145,0
-0.7840063848653633,0
-0.578235092133217,3
0.3451187026159581,2
-0.8875657873772022,0
-0.3818085618426804,5
-0.7900968715003268,0
0.670511707712208,4
-0.6576930697179993,3
-0.0347240583838065,2
-0.9984342127917992,0
-0.793570628620573,0
-0.5727732454892064,3
0.2745775932944824,2
-0.7231997010951844,0
0.9913632476859876,4
-1.000907784373248,0
-0.7953016490470206,0
-0.8775320007821552,0
-0.392034339997344,5
-0.7933191404628102,0
0.7213499598303723,4
-0.6752452055549361,3
-0.0225070086424845,2
-0.586305178826327,3
0.3499355016396277,2
-0.7172116072719712,0
1.072112404417332,4
-0.6633592372102254,3
-0.0165221352663383,2
-1.002522642651796,0
-0.7817169207184658,0
-0.5777120483555632,3
0.3572318294169623,2
-0.724852851730375,0
1.0688961183183483,4
-0.8976082397378466,0
-0.3889684397626162,5
-0.7916301979297339,0
0.7425167882375712,4
-0.8958942906620333,0
-0.3880744984025125,5
-0.7822756024272179,0
0.7819336993290082,4
-0.6439634283691923,3
0.0271693296333689,2
-1.0023416797832303,0
-0.7843830657902289,0
-0.5684173881118533,3
0.4071502463023738,2
-0.7171428807757929,0
1.101212531306072,4
-0.7279423527330313,0
1.1464729754639869,4
-0.8950938989824924,0
-0.3723758225062029,5
-0.789191488814083,0
0.8012897201139755,4
-0.649137576176922,3
0.0412432553380475,2
-1.005311994815176,0
-0.7747271822856528,0
-0.5588865884859311,3
0.4359700642052904,2
-0.5713515651708116,3
0.4145040282209101,2
-0.7103865955354806,0
1.1207277963137086,4
-1.009158480059389,0
-0.7782544121361902,0
-0.8835300286221195,0
-0.3457565546318145,5
-0.7738970800663666,0
0.8228417535846853,4
-0.6365866930074021,3
0.0604986825066065,2
-1.0013920229427755,0
-0.7794770244008222,0
-0.5415345027794131,3
0.4628090705658729,2
-0.7033424180183769,0
1.2066955960024497,4
-0.8921510393512894,0
-0.3248656299076646,5
-0.7834586433501757,0
0.8860978990705841,4
-0.6336239318912098,3
0.0882942325957401,2
-0.8798418065481177,0
-0.3234720817682561,5
-0.7815590925800309,0
0.8909902977424495,4
-0.631247827164518,3
0.0901282856359906,2
-1.0041416396008778,0
-0.7713215767407001,0
-0.5299919888546546,3
0.5383841605980495,4
-0.6966913132473832,3
1.352907916675186,4
-0.8240927243622012,0
-0.7526625354093134,0
-0.6429068885692348,3
-0.6166136117368967,3
-0.4717696420639213,3
-0.2912803421558702,5
-0.1549148887963783,5
-0.0170078826355933,2
0.1196405771054602,2
0.2511116887329112,2
0.3700050857320074,2
0.4429328316280116,2
0.5552557263135924,4
0.6543043173100169,4
-0.8288511831897977,0
-0.707558022129825,0
-0.6068642738565422,3
-0.5310200570073139,3
-0.4757914269399093,3
-0.31004412663784,5
-0.1560750013223802,5
-0.0338260490558954,2
0.0828035455962531,2
0.1992123179457211,2
0.3173700637168284,2
0.4203401519590379,2
0.5160526500459277,2
0.6431545321414742,4
-0.8145943516947882,0
-0.7415621839443233,0
-0.628530644767709,3
-0.5318196067702896,3
-0.4777585782362805,3
-0.2404295916707286,5
-0.1241625487562482,5
0.0826390966647711,2
0.1209539996330735,2
0.2329372881380597,2
0.3571764592236135,2
0.4533596442269632,2
0.5796080033256408,4
0.645660954967993,4
-0.7740108750579011,0
-0.6699446696508702,3
-0.5449790778567407,3
-0.5007384002419933,3
-0.3655962898359133,5
-0.1867324027444594,5
-0.0005993501194986,2
0.1507137822646035,2
0.2661667963069969,2
0.4462281549365765,2
0.5579217778602077,4
0.6925567448789507,4
0.8061236478965528,4
0.9164464780888072,4
-0.7497561161010945,0
-0.6193429401527372,3
-0.5054272443857668,3
-0.3831947073097441,5
-0.3407284033381577,5
-0.1397127682055886,5
0.0237239159752735,2
0.1708277193003218,2
0.3312061844109129,2
0.481946679767961,2
0.593280784673667,4
0.7241365014624892,4
0.8377597876302232,4
0.937318699284446,4
-0.7770325421273976,0
-0.6717517435941633,3
-0.5847280558135503,3
-0.465038815280388,3
-0.3846116700383674,5
-0.2208501418895542,5
-0.0530604538550689,5
0.080855381832361,2
0.2666832371405256,2
0.39517091668127,2
0.551906336809207,4
0.6936499908057416,4
0.857916819785755,4
1.024590756505014,4
-0.8236808031808307,0
-0.4241735676068474,3
-1.0237850311662329,0
-0.1737156294585338,5
0.3269741411475652,2
0.574124352247934,4
-0.8474542027518721,0
-0.4368969236369353,3
-0.129367842257927,5
0.1477334236242434,2
0.3768330384337855,2
0.5966455480047799,4
-0.7848214271535586,0
-0.4252526182415194,3
-0.1147376527443482,5
0.1487030695696094,2
0.3929084672138658,2
0.6193675904346505,4
-0.8238966404569164,0
-0.4889406509569705,3
-0.2046701473526204,5
0.0482918214524078,2
0.3527929731966202,2
0.6426848168407504,4
-0.8245236000202578,0
-0.4305765267733977,3
-0.1054777807193708,5
0.1566073578732191,2
0.4993751674225131,2
0.5966983593583357,4
-0.7910954546684373,0
-0.4284486157557515,3
-0.1151939247954524,5
0.1692599493154416,2
0.4236292411015725,2
0.6375391103427372,4
-0.8025825595518331,0
-0.4686650191607951,3
-0.1792768722185376,5
0.0918706877377723,2
0.3330554196666322,2
0.5548452568300379,4
-0.600333445673809,3
-0.217683959313479,5
0.0170167653381647,2
0.2662244919634275,2
0.5311090769244302,2
-0.6117548267275231,3
-0.2516258352445757,5
0.0630596231980958,2
0.3258706859536375,2
0.5435404461036255,4
-0.5350389620805271,3
-0.2574749286749789,5
0.0308247011006017,2
0.3145098931207414,2
0.4534317457425336,2
0.7900181016222478,4
0.7351943623009116,4
0.7361410023219412,4
-0.6458320718563076,3
-0.375430031592693,5
-0.0766052867807494,5
0.1905666626584451,2
0.4287558971490703,2
0.6838750487080503,4
-0.6312493150328998,3
-0.2535888693533467,5
0.0359785225564003,2
-0.803614762753444,0
-0.4234148817887673,3
-0.0967689804410745,5
0.7867299814893434,4
0.7577756138265381,4
-0.6142708798805424,3
-0.4914564749258716,3
-0.692785249176108,3
-0.4884141825268059,3
-0.6819843297263687,3
-0.4917140806986837,3
-0.6437126716971723,3
-0.4846137513218563,3
-0.681389615186725,3
-0.5203993732588654,3
-0.7114219375662192,0
-0.4771450495936554,3
-0.6377265571323512,3
-0.473047271117863,3
-0.3397270622364432,5
-0.5602672893430708,3
-0.4305708094311059,3
-0.3050495922324213,5
-0.1673355650686935,5
-0.1372058730450577,5
-0.108072204353748,5
0.0275131310856998,2
0.294372667990245,2
0.278378285391621,2
0.4194941917117261,2
0.5203231636392558,2
1.6731193831274522,4
0.8064669236206288,4
0.8774821279299101,4
-0.7634061201390637,0
-0.5821896360683297,3
-0.4436581265461804,3
-0.1525328806392529,5
-0.000987092065566,2
0.0830801094458874,2
0.1085898937610331,2
-0.3395791458455465,5
0.3621803133514076,2
0.4981759507783891,2
0.6354663413595065,4
0.7146853146027212,4
0.8055455751538902,4
0.9562847603865092,4
1.0865630420895809,4
-0.7741335802382567,0
-0.5691411686274771,3
-0.2614421441756832,5
-0.1544159026289555,5
-0.0854045179435862,5
0.0242816039652229,2
0.1743618374846359,2
0.254611203916921,2
0.3920536963477035,2
0.5593646307953517,4
0.6781743767303421,4
0.7342986303869234,4
1.0686057594703386,4
0.8587079071349124,4
-0.4486171241147649,3
-0.76249370154989,0
-0.5871513657992863,3
-0.4316183993735941,3
-0.2999627508676534,5
-0.1886174731851387,5
-0.0544255463229358,5
0.0411721472343168,2
0.1426603944350426,2
0.2382742415329228,2
0.5425307504594155,4
0.4773619373414959,2
0.6613432713822982,4
0.765495502116261,4
0.82456203598845,4
0.8972263561032663,4
-0.743928912190283,0
-0.5961238095579239,3
-0.4870207583761626,3
-0.3439991654243102,5
-0.2235199299525091,5
-0.1496399211445289,5
-0.0621072807550632,5
0.0798114418089724,2
0.2012653043943644,2
0.282469829189055,2
0.4176828296915877,2
0.5900490527988438,4
0.6524977857634564,4
0.7490431024499642,4
0.8014142721533755,4
-1.0232724749424429,0
-0.0716082872536092,5
0.4928108928073176,2
-0.3077150426362206,5
0.6928159463864665,4
0.7191092133607535,4
-0.6857084077026712,3
0.5071237590700448,2
0.4448105377525195,2
0.4243485274403971,2
-0.4612937875749414,3
0.4305015442013251,2
-0.4497343478955964,3
0.4395816488549604,2
-0.0128601348976834,2
0.209662057265042,2
0.3219351070660639,2
0.3342965086665398,2
0.5703416184962911,4
0.6031816426643415,4
0.6356741789145888,4
0.6426495359664095,4
0.6812260419298015,4
0.6634218009974002,4
-0.7754424780215379,0
-0.6671924913507026,3
-0.5709157552637824,3
-0.495520364782212,3
-0.4324728484472912,3
-0.2756515802802274,5
-0.1390616186475235,5
-0.0232583088194457,2
0.0796566994815975,2
0.2147392205466752,2
0.2854555888975676,2
0.3833318629965551,2
0.4711253420372552,2
0.5697957747098683,4
0.638871020987597,4
0.6079540195388438,4
0.5370328593683553,4
0.4583985884393435,2
-0.8305722380927154,0
-0.6864793704728327,3
-0.5899711601414156,3
-0.4848983866564335,3
-0.4415843377546618,3
-0.2612773710486905,5
-0.1412716567779846,5
-0.0010789960800352,2
0.0864127357287294,2
0.1875116059066429,2
0.2735318072432895,2
0.3582459854928729,2
-0.8481981815156667,0
-0.7273736780616351,0
-0.6309978204123528,3
-0.5221213487506251,3
-0.4359879110544796,3
-0.3522936057192855,5
-0.310493493902696,5
-0.2884121582982434,5
-0.1376032627526464,5
0.0013775241324954,2
0.0804545564120069,2
0.3201688436405112,2
0.4643286234657444,2
0.6731084270102246,4
-0.8118212743439817,0
-0.7223686786621416,0
-0.6346827877908385,3
-0.5413406332886452,3
-0.4569052482125078,3
-0.3778123866428384,5
-0.2947399399508245,5
-0.2347919950620458,5
-0.145273542194362,5
-0.0819495867306346,5
0.1314919180446974,2
0.3689758214767296,2
0.4343236182409762,2
0.5828170550376026,4
-0.8294897454649243,0
-0.7164951117798224,0
-0.6378232041263703,3
-0.5537624463316675,3
-0.4258683097818313,3
-0.3806910960866052,5
-0.3223560977945158,5
-0.2603078242924244,5
-0.1691064096053317,5
-0.0247543931397009,2
0.0069969737800174,2
0.2577179493323155,2
0.4032275192057712,2
0.5559928461317452,4
0.5827173142153779,4
0.5085955689822816,2
0.6312533138765253,4
0.6265112740387357,4
0.0803591067881125,2
-0.0991079232638931,5
-0.2283977199621762,5
-0.3224354574058543,5
-0.379022287971649,5
-0.4574774777208859,3
-0.550427332023362,3
-0.6227300462976763,3
-0.7392369269255232,0
-0.8568096519217793,0
-0.8586585837374704,0
-0.7245286448274255,0
-0.6198227639213559,3
-0.5531274998544317,3
-0.4741621872519295,3
-0.3878353519166184,5
-0.3232374822735732,5
-0.2588192262624732,5
-0.1447617007890503,5
-0.0373498508832625,2
0.1513646481225359,2
0.2832006756350643,2
0.4696537295384129,2
0.5686572436675845,4
-0.2952332100915357,5
-0.5347960338083873,3
-0.501215193132788,3
-0.4778741891403288,3
-0.4537361248467374,3
-0.434480617928599,3
-0.4140823577771078,5
-0.4028811600246161,5
-0.3470753957929292,5
-0.794273982490705,0
-0.6291983594887232,3
-0.5974890740690202,3
-0.5637626202996608,3
-0.5268658673672388,3
-0.4974826075474272,3
-0.4867094885574312,3
-0.4583612060500154,3
-0.4486057432229914,3
-0.4259682680617085,3
-0.4164163048699062,3
-0.4019924664025527,5
-0.9052230524580236,0
-0.8176256569462842,0
-0.7442541539848639,0
-0.6916795811784944,3
-0.6563313320529668,3
-0.6112793591069127,3
-0.5607639901122117,3
-0.5371238827249513,3
-0.5175566489377674,3
-0.4902074562561556,3
-0.4684814588422573,3
-0.3560707440248483,5
-0.4208546110663189,3
-0.4167956089426561,3
-0.4017830357299108,5
-0.8552671809788511,0
-0.7942843887648063,0
-0.7348687301533962,0
-0.6900647334320484,3
-0.6494723495992921,3
-0.6031113506470719,3
-0.5076533561725122,3
-0.5303650011540154,3
-0.514112656772377,3
-0.4897923690651387,3
-0.4709966728400097,3
-0.4528121332454882,3
-0.4265132119207517,3
-0.4340513437748098,3
-0.4275842526717159,3
-0.8978160516851144,0
-0.7763491717076328,0
-0.7424781272342169,0
-0.6892010360368833,3
-0.6472488436292655,3
-0.5697749937844335,3
-0.5690994997704513,3
-0.5440645737036619,3
-0.5140045938509216,3
-0.5009982079622364,3
-0.4239414480536984,3
-0.4607980220709267,3
-0.4435818371126456,3
-0.4198367766044971,3
-0.9010640288295606,0
-0.7522896506316228,0
-0.7070202714155213,0
-0.8615067760845185,0
-0.7843392095025876,0
-0.7325401355878209,0
-0.6814265814642073,3
-0.6456813244272904,3
-0.5710002922035142,3
-0.7782423087578818,0
-0.5693180970167585,3
-0.4298798987015923,3
-0.3691549434405528,5
-0.2681121470248843,5
-0.0816318079157278,5
0.0651089353619714,2
0.2130080094584521,2
0.3371885130427465,2
0.488883221790416,2
0.5971152842164056,4
0.7213455049654733,4
0.7843532050700164,4
0.8945847767027144,4
-0.7623243459068456,0
-0.5691119864455645,3
-0.4557149429071158,3
-0.3387186804783146,5
-0.2595877191849519,5
-0.0727665487131499,5
0.0898134261626055,2
0.2317843765612091,2
0.3826690960569047,2
0.4906631582756025,2
0.6023114539609553,4
0.6827217304171926,4
0.7972624737284717,4
0.9162098456097394,4
-0.7551253024020087,0
-0.5601989537690137,3
-0.4271726364410934,3
-0.3176942169169292,5
-0.2243873086998469,5
-0.0233513831059654,2
0.1331160414010256,2
0.2905806552503833,2
0.4016402259240577,2
0.540668874876781,4
0.6603847489061727,4
0.7376279731468427,4
0.8680007034254988,4
0.9520395818176248,4
-0.8364172710435115,0
-0.5429655858721335,3
-0.417162693164156,3
-0.3053255943514604,5
-0.1899455003007649,5
-0.0250615199649693,2
0.1107225879834518,2
0.3030637222784402,2
0.4040075930603803,2
0.5557978152822194,4
0.6500169629368455,4
0.7463769965477467,4
0.8547359569457502,4
0.9493775693356916,4
-0.7509406569274862,0
-0.5394010310848085,3
-0.4334031753832825,3
-0.330138812012442,5
-0.2071857877634495,5
-0.0292687317522413,2
0.1390370778314278,2
0.2741073436733998,2
0.406344390104598,2
0.5278418598908488,2
0.6384180882582824,4
0.7361086969986645,4
0.7588751129314186,4
0.8690476133383707,4
0.2192438862454313,2
0.3473049252304977,2
0.4816641229517442,2
0.6053748955018232,4
0.7282650624021711,4
0.8275427263490389,4
-0.7671684756997018,0
-0.5903656831664069,3
-0.4683625538999177,3
-0.3612408723358911,5
-0.279213488878519,5
-0.0825688233229403,5
0.0906384234916712,2
0.2357301812600325,2
0.3489211682875621,2
0.5091581519216843,2
0.616445411789942,4
0.7015254204452943,4
0.8118525230351588,4
-0.7790505255011344,0
-0.6097515738193091,3
-0.4825858606877907,3
-0.3951043063974007,5
-0.3228626653027986,5
-0.1318148213162685,5
0.0255226162451995,2
0.1785622503795316,2
0.3131953052945369,2
0.4381195532356954,2
0.563099405028628,4
0.6729881658435819,4
0.7985672120748382,4
0.9330596899450784,4
0.8745606932633863,4
0.4304604379446,2
0.5768186949206966,4
0.674193271789054,4
-0.310390321475067,5
-0.3416528250346213,5
-0.4943241849316022,3
-0.3333413353334653,5
-0.3037798227370055,5
-0.2899091077286549,5
0.9206435662833116,4
0.8555959952987089,4
0.9636011084794412,4
0.8863663983907712,4
0.6983376632716332,4
0.6637685828721276,4
1.117460088472151,4
0.8541696730227006,4
-0.771586243913564,0
-0.6107975117251503,3
-0.4977343938742591,3
-0.3833744891032037,5
-0.3213882001876361,5
-0.155326062857004,5
-0.0069353813151994,2
0.0972877507041642,2
0.2129622635742137,2
0.3183770568147638,2
0.469220038477617,2
0.5825078221518982,4
0.6697307556030982,4
0.8050214656733305,4
-0.7704174590009363,0
-0.6032915808412387,3
-0.5042818736559683,3
-0.4138455909134146,5
-0.3129218355285432,5
-0.1669847960794315,5
-0.0120954052597747,2
0.1373013102400383,2
0.2726489133750484,2
0.3977278408451586,2
0.5111768914206654,2
0.6360207099773523,4
0.7337022422441728,4
0.8397832518460266,4
-0.7699962076997589,0
-0.6027747674655596,3
-0.5070543844166814,3
-0.4131984770277259,5
-0.3394276992608186,5
-0.1612465720906781,5
-0.0462252477106608,2
0.0920954879448393,2
0.2199871033896934,2
0.3180671445474541,2
0.4083579839835809,2
0.5331211846813524,2
0.6601735515193852,4
0.7357299183179882,4
1.1719144443068552,4
1.0441549488379476,4
-0.7794381802965401,0
-0.6236174004259307,3
-0.4743500572982394,3
-0.3957768929907176,5
-0.3310857903338487,5
-0.1426011725236005,5
0.0204900500452804,2
0.1484868715634967,2
0.3605160382720745,2
0.4805205785257926,2
0.5046676229046831,2
0.6525236361520192,4
0.7535629899964209,4
0.919857546112389,4
-0.7511076266089011,0
-0.6089630958581882,3
-0.4823914866029233,3
-0.4171270063242331,3
-0.3199177854817022,5
-0.16611951550207,5
-0.0316574306054592,2
0.1370442753112942,2
0.2545531805000492,2
0.3902781681255706,2
0.4993911709303429,2
0.582302737828948,4
0.7073813720893409,4
0.8688542669753869,4
-0.7808247615364619,0
-0.6178379768557932,3
-0.5029777376029506,3
-0.38824017007758,5
-0.324535801934149,5
-0.1596163108996071,5
0.0023672727667067,2
0.1530315170627113,2
0.2859493071702469,2
0.3999322049347223,2
0.5125069591942404,2
0.6276102438323092,4
0.7183072673682975,4
0.840391907402372,4
0.8872757756244722,4
0.7403387336389655,4
0.7085595973292211,4
-0.8249948009872352,0
-0.8048623889631354,0
-0.7439017991596195,0
-0.6933674212688798,3
-0.6362295655704783,3
-0.5931697351865259,3
-0.5433787625896571,3
-0.0143267871753718,2
0.3137691617654953,2
1.778662349014413,4
1.1921601207666388,4
6491.205448283374,1
3.180076534762956,4
-0.7142413927783006,0
-0.7848453906568793,0
-1.0406794139263111,0
-1.044622586959902,0
-1.0470335170039498,0
-1.0469528939807118,0
-1.0445728880819856,0
-1.04589800736457,0
-1.0450531995881769,0
-1.0450606938801503,0
-0.761064760347347,0
-0.6802365197633378,3
-0.5392541671532469,3
-0.4152815555782514,5
-0.3129420739583811,5
-0.2294946651036294,5
-0.0439781871914309,2
0.1136266756286525,2
0.2430662721718519,2
0.3541710313216044,2
0.4761122861087792,2
0.5841665367635975,4
0.6853421215875652,4
0.7621762362681472,4
-0.7097269997117653,0
-0.5215248228585643,3
-0.405082672118439,5
-0.2972734604320852,5
-0.2207381737355148,5
-0.0260219884602204,2
0.1339591132624468,2
0.2649770675890601,2
0.3797049068454496,2
0.4793763935581372,2
0.5833481185227098,4
0.694790527282765,4
0.7836663455423849,4
-0.7159114679334759,0
-0.5207006109555675,3
-0.4094770612664149,5
-0.3147988407141465,5
-0.2320431644317367,5
-0.039389800664244,2
0.1239801981563413,2
0.2489587480687898,2
0.3657976377711581,2
0.4921334666323191,2
0.5843329905707035,4
0.7234370958183218,4
0.7758110800592599,4
-0.7070963064454474,0
-0.5138125071784705,3
-0.3936865804383413,5
-0.2924570061501081,5
-0.210580480022083,5
-0.0091173455831973,2
0.1274995175985886,2
0.2563679436869988,2
0.3775425719151958,2
0.4763910668659836,2
0.5761674150215188,4
0.6698425390170604,4
0.7658940346378862,4
-0.7122541693777491,0
-0.5379203578999766,3
-0.4312224403383562,3
-0.330007323152826,5
-0.2354806818951008,5
-0.085009359959193,5
0.0734826114795603,2
0.2124045568735106,2
0.3277060616103168,2
0.4149618502624131,2
0.5267791654452125,2
0.6095075346275145,4
0.7053934592079218,4
0.7073135655940976,4
0.7259825077008013,4
0.6807207522940897,4
0.7043548206032351,4
0.6056699998937827,4
0.7330016361099538,4
0.7826896236218961,4
-0.1714234296483581,5
0.6196190966948483,4
0.4748920574986601,2
0.4199527025505991,2
0.768509155371057,4
0.7352988278874888,4
0.7514168599485991,4
0.9071284968903044,4
0.9229475664310216,4
0.8931531274739264,4
0.7864353472220633,4
0.4628643823203771,2
0.7409915157326605,4
0.8522511546761391,4
0.6671573128303852,4
0.916957696441645,4
-0.782453830636497,0
-0.5883328034685891,3
-0.4702314084266628,3
-0.3792159121349793,5
-0.30458902295816,5
-0.128739262342671,5
-0.0007027385551916,2
0.1318838789295328,2
0.2344567850704689,2
0.3595418888554453,2
0.5062130916101748,2
0.5899097866819842,4
0.6760919996311441,4
-0.7482809400045412,0
-0.5873885011283299,3
-0.479130273774453,3
-0.3799781469116909,5
-0.2985037053764197,5
-0.1243922329667454,5
0.0061324711990302,2
0.1562244478567359,2
0.2640374920183514,2
0.3702736036986201,2
0.4756820280899938,2
0.583485596815051,4
0.6770388388333388,4
-0.7464796425153319,0
-0.5760089510417803,3
-0.4750015416462591,3
-0.3844459377591375,5
-0.3037235068918286,5
-0.1335607681683103,5
0.0143529467938259,2
0.1615428544072663,2
0.2725166393897514,2
0.3768038903320162,2
0.49410084598219,2
0.5662797888091955,4
0.6379427582655699,4
-0.7524802489812833,0
-0.6068310177037922,3
-0.4978892102829438,3
-0.4039841167273941,5
-0.2954691391549889,5
-0.1369271912897995,5
1.499786111152419,4
0.5371864267365241,4
0.6918569295695949,4
0.6680323003379771,4
0.810077141769955,4
1.6630089323169264,4
0.6605964672278186,4
0.5765416909244403,4
0.6849013031839117,4
0.674342189140968,4
0.871116830207322,4
1.681230533335853,4
6.07224126666402,4
0.6264180287507666,4
0.5686587040522515,4
0.6238199674024234,4
1.146444777737006,4
1.0264082601035254,4
1.1870458955502934,4
1.3724998532940509,4
0.8271910405529914,4
0.3742080745667732,2
0.6275515918856869,4
0.7336337673134379,4
0.7322297659958892,4
0.9292434041805984,4
0.7239107030252725,4
0.899261011025462,4
0.8933836081296394,4
0.3400459076266113,2
0.7030491833976684,4
0.7029526604780869,4
0.7025009657883103,4
0.6730787513977161,4
0.4920073579912518,2
0.9086247225407668,4
0.8908038745113658,4
-0.7326957020677729,0
-0.5796438610898761,3
-0.4604001852674672,3
-0.384775791606928,5
-0.2918579759923765,5
-0.1072726333951305,5
0.0393850170116963,2
0.1867045192713498,2
0.343697911520804,2
0.4621911208595088,2
0.5348031996629943,4
0.6698686290772358,4
0.7587267231142711,4
-0.7299656219008667,0
-0.5750935212724299,3
-0.4581629417005461,3
-0.3538047307845954,5
-0.2893266661515507,5
-0.0708158878692125,5
0.0517140615440773,2
0.1972244104201487,2
0.3183441340158841,2
0.4235655302237726,2
0.5280849225693505,2
0.6420108717981958,4
0.7756144975153314,4
-0.7381162692233098,0
-0.5806070945302496,3
-0.4650038261947021,3
-0.3729628242136852,5
-0.2996537122921969,5
-0.1524377946148499,5
-0.0004923016336446,2
0.1611275955469814,2
0.2698518865078312,2
0.4215915119690656,2
0.5018817763286818,2
0.5914260503463888,4
0.7173305626144149,4
-0.7416070505579382,0
-0.5718018759425627,3
-0.4627731960448135,3
-0.3641919502567253,5
-0.2829128073171452,5
-0.1068212156123358,5
0.0609856900615058,2
0.1782429628233746,2
0.3273574981134667,2
0.4510975727909037,2
0.5036957568905633,2
0.5987262320879583,4
0.7546380202798728,4
-0.7279982887424359,0
-0.5662632680377228,3
-0.4487459498475207,3
-0.3652782042125596,5
-0.2839401280290118,5
-0.1045452066880666,5
0.0521232255776417,2
0.2000747037180198,2
0.3128085362124776,2
0.4384643172470746,2
0.5454813873508182,4
0.6347598421395844,4
0.7385188850977105,4
-0.4324416377115082,3
-0.4609476739970519,3
-0.4563432454250657,3
-0.4501295616394223,3
-0.639249596564096,3
-0.4835334899178623,3
-0.4861105367565536,3
-0.4936523636330856,3
-0.480015727226481,3
-0.195536641453032,5
-0.2541577800627783,5
0.451046414814533,2
-0.2126410687561139,5
0.100586305209303,2
-0.1264083560719913,5
0.7907406120686675,4
-0.1830994767666058,5
0.1146076272417254,2
0.4671388045006428,2
0.0757909504584776,2
1.0363862200396188,4
-0.1695127637635929,5
-0.0278818683712205,2
0.0640245536596483,2
-0.1182393008731867,5
-0.0109907132248879,2
0.005220535089681,2
-0.0038123076226072,2
-0.0890298920613104,5
0.9682643580688932,4
0.6994332293463628,4
0.3708781537258305,2
0.3095557735230435,2
0.3144913461945606,2
0.797521356591044,4
0.1558085114990257,2
0.0091102376514975,2
-0.3006982850488933,5
-0.2595336417487033,5
0.0917360233072879,2
-0.1780373345772979,5
0.0571760990851129,2
-0.2911890775066207,5
0.2452215728460394,2
0.4235724239217238,2
-0.3097222207683265,5
-0.30404427643074,5
-0.309755826801874,5
-0.3043666839170868,5
-0.2949150089625177,5
-0.3114754144103889,5
-0.3172384869140077,5
-0.3009514722739364,5
-0.305911430473466,5
-0.3124616919633054,5
-0.3009858748786309,5
-0.3048261111726789,5
-0.3123152131853303,5
-0.29840832187562,5
-0.2972830899224954,5
-0.2969887511541957,5
-0.3019660430869526,5
-0.2957314407382564,5
-0.2974277588073797,5
-0.3101824911379287,5
-0.4270851859899573,3
-0.4165577052440763,3
-0.4156244964983103,3
-0.4170410289149613,3
-0.4049841296230829,5
-0.4091622048072811,5
-0.4043773035787635,5
-0.4085790375848029,5
-0.3978297273996626,5
-0.4045684846361344,5
-0.3978138078875756,5
-0.4026682406631573,5
-0.4044359799023482,5
-0.3953466305250462,5
-0.414467959298695,5
-0.397117838444991,5
-0.4001424977353786,5
-0.3981349120866812,5
-0.3980715372982912,5
-0.3961987722314757,5
-0.5287690254633876,3
-0.5176923272079066,3
-0.5165834411561573,3
-0.5177830175124961,3
-0.5036002894844829,3
-0.5084624458060703,3
-0.5082016914596734,3
-0.5064470650483928,3
-0.5112661898694804,3
-0.505504508645368,3
-0.5037742490811126,3
-0.5049186417007844,3
-0.5034790927447015,3
-0.5014503117846074,3
-0.5014837905580457,3
-0.5027713447392788,3
-0.4978344214423057,3
-0.4988435851052769,3
-0.4999765427585702,3
-0.4958993539210392,3
-0.6276207597739702,3
-0.6261215966979128,3
-0.6210311833084687,3
-0.6199583397601468,3
-0.6160107806433813,3
-0.6142905902863112,3
-0.6136759749255626,3
-0.6145592659741347,3
-0.6138512329297668,3
-0.6186549902971646,3
-0.6160142176316623,3
-0.6124802064322842,3
-0.607810008193385,3
-0.6063367868440019,3
-0.6170349855092289,3
-0.6093762968187705,3
-0.6071862754175308,3
-0.6060004193963772,3
-0.6078447697651498,3
-0.6043342695833521,3
-0.7642730430236928,0
-0.7591885974654202,0
-0.7627339593248926,0
-0.7631035516223881,0
-0.7606643762263479,0
-0.7652920954250584,0
-0.7637061846004853,0
-0.7617649571615169,0
-0.758338009254471,0
-0.7643889355986855,0
-0.7635133103095011,0
-0.7568677427581719,0
-0.7597400785788777,0
-0.7596927314589637,0
-0.7573224101954594,0
-0.7600662829259934,0
-0.7606626202730405,0
-0.757796583942556,0
-0.7644933078480407,0
-0.754510506272233,0
-0.2490891844136658,5
-0.3074087598297116,5
-0.3105664200390334,5
-0.2996866012148271,5
-0.2933922726665064,5
-0.2953364806043654,5
-0.2922556341719028,5
-0.2987465726286161,5
-0.304519212688249,5
-0.30394982237356,5
-0.2895113998178988,5
-0.3133721042222069,5
-0.299869343093778,5
-0.2972757341729776,5
-0.3020237189173895,5
-0.2950605318081907,5
-0.3007857251665309,5
-0.296601264472324,5
-0.2960444008249325,5
-0.3023169646821462,5
-0.2936555377181549,5
-0.2616522248743454,5
-0.4049650522884992,5
-0.4027100172974062,5
-0.4010891291738258,5
-0.3879117596030633,5
-0.4016253760116338,5
-0.3893823057231068,5
-0.3949177748256625,5
-0.3877230531429348,5
-0.3896828396930494,5
-0.3937600788146803,5
-0.3889628475406623,5
-0.3905332252615627,5
-0.3957979792539838,5
-0.3891845011650291,5
-0.3891001879487861,5
-0.3928473889886171,5
-0.3833636375070426,5
-0.3875203028016092,5
-0.3924331858167489,5
-0.3906055793922732,5
-0.3441803302783254,5
-0.4820451389800055,3
-0.4736115552329004,3
-0.4644966230045466,3
-0.4635794045177435,3
-0.4656413946192061,3
-0.4587124468389834,3
-0.4618508000944686,3
-0.4625827955133813,3
-0.4626517738791285,3
-0.4641192131813376,3
-0.4572646149128306,3
-0.4598147159557701,3
-0.4587456430909993,3
-0.4611510056898013,3
-0.4585201244895395,3
-0.4574268589250742,3
-0.4615119535290237,3
-0.4629207128824569,3
-0.4593532493754078,3
-0.4606157255358188,3
-0.4644517142851282,3
-0.5711940696524133,3
-0.5676611526391708,3
-0.5647822902803777,3
-0.5610576986636653,3
-0.56261505842399,3
-0.5536254687129921,3
-0.5602269273850301,3
-0.5578100254700319,3
-0.5590179278597318,3
-0.5553839274373754,3
-0.5549218805798424,3
-0.5562647218501013,3
-0.5551981295757851,3
-0.5535193988788184,3
-0.5546369195544241,3
-0.5593795724292453,3
-0.5621195637021642,3
-0.5601557760160212,3
-0.5587627955728073,3
-0.5586240222973718,3
-0.5996486308614637,3
-0.6927031798555003,3
-0.6866956797257826,3
-0.6859786333549185,3
-0.6802744257210298,3
-0.6788986509817408,3
-0.6807152807781164,3
-0.6726993588784027,3
-0.6755891820060694,3
-0.6746561976985314,3
-0.6819203049766948,3
-0.6736472166459864,3
-0.67879804908164,3
-0.6740610078696422,3
-0.6742772534298324,3
-0.6717559637307448,3
-0.6715240653908072,3
-0.6710737299801597,3
-0.6681140880363253,3
-0.6724019589932901,3
-0.6739589523943308,3
-0.392931262597734,5
-0.3897754537781702,5
-0.3898320739338156,5
-0.3853305623049697,5
-0.3814120708948246,5
-0.3789796418678817,5
-0.3919934801531131,5
-0.3852885974572125,5
-0.3931471902097577,5
-0.402436412659261,5
-0.3955669552840784,5
-0.3942555871218433,5
-0.4002050350256365,5
-0.3947218256514038,5
-0.3971095028861539,5
-0.3916646578154292,5
-0.396574121996459,5
-0.3938065343566059,5
-0.3879539525564732,5
-0.389591906004494,5
-0.4916654832531024,3
-0.4860009244155002,3
-0.48116179733304,3
-0.4754056625024793,3
-0.4772681474916982,3
-0.4741655921122314,3
-0.4747796158925104,3
-0.474221625073611,3
-0.4686079742669571,3
-0.4741518860122254,3
-0.4651283105663379,3
-0.4680141600566389,3
-0.4650901523726066,3
-0.4761604534183036,3
-0.4682230635092689,3
-0.4615806250173134,3
-0.4673855738865945,3
-0.4605482311237668,3
-0.4653865830764828,3
-0.4604029881756173,3
-0.5650291772123509,3
-0.5598647650077151,3
-0.555116119966411,3
-0.5493544526220987,3
-0.5532724128584428,3
-0.5550898589941299,3
-0.5648444786242143,3
-0.5607931081402359,3
-0.564876885276799,3
-0.5546471399467107,3
-0.5570469384941954,3
-0.5612739057691657,3
-0.5584394230343785,3
-0.5577560595338681,3
-0.5528058306088096,3
-0.562025836860199,3
-0.5555644588904654,3
-0.5530805429269157,3
-0.549564428146316,3
-0.5427200142728094,3
-0.6422511946505777,3
-0.6421880469085812,3
-0.6465580629928582,3
-0.650623459700961,3
-0.6432086146623006,3
-0.6433132375124201,3
-0.6473258385612158,3
-0.6424746993445714,3
-0.6436101561343609,3
-0.640647923875211,3
-0.6427646418427433,3
-0.6455104515603651,3
-0.6387639821070815,3
-0.6352561227059784,3
-0.6405931020586187,3
-0.6426552144276837,3
-0.6370154611889918,3
-0.640650414408993,3
-0.6389484761971077,3
-0.6424451718238318,3
-0.7589349913763425,0
-0.7540824602033892,0
-0.7498702190350568,0
-0.7493767104081969,0
-0.7501830878428438,0
-0.7477801766480909,0
-0.7488546920706741,0
-0.746035201848968,0
-0.7444467113907332,0
-0.7533783450636542,0
-0.7444624806147273,0
-0.7460817814105769,0
-0.7481785256478957,0
-0.7464146922525748,0
-0.7487328748640618,0
-0.7502431394463398,0
-0.7481781805152854,0
-0.7539341063266956,0
-0.7502379031001796,0
-0.7525758134762504,0
-0.4160981379329302,3
-0.421496578995017,3
-0.4225274190514274,3
-0.4200454660263674,3
-0.4163597718337286,3
-0.4194669411019644,3
-0.4128646067824613,5
-0.4175546431926339,3
-0.4207072762950671,3
-0.4141146667349502,5
-0.4193554411628186,3
-0.4165916730052451,3
-0.418998566227335,3
-0.4188668714387481,3
-0.423169951218337,3
-0.4212964614783829,3
-0.4168916293476934,3
-0.4086528601716876,5
-0.4059632320950816,5
-0.4099026640995037,5
-0.4141192679501074,5
-0.4097017818923507,5
-0.4200650760763345,3
-0.4086108889789011,5
-0.4116160155259813,5
-0.4116281126658603,5
-0.4144188176889142,5
-0.4167009915423746,3
-0.4151690404021158,5
-0.4084637067796189,5
-0.4201549088666382,3
-0.4070021305510829,5
-0.4125998549212844,5
-0.4105716811393896,5
-0.4128571442551541,5
-0.4136444482612699,5
-0.4074273612107978,5
-0.409034652937775,5
-0.4096777568483478,5
-0.4098803688480567,5
-0.4120302124741806,5
-0.4069159365463088,5
-0.4077898105271497,5
-0.4162259809307104,3
-0.4073550464119972,5
-0.4088831762279026,5
-0.4099501547471017,5
-0.4059776216155142,5
-0.4099192540110239,5
-0.4075831235524228,5
-0.4112849740518475,5
-0.4083361382921336,5
-0.407834612260245,5
-0.4058307643742918,5
-0.4132507579065246,5
-0.4028979360690422,5
-0.4011990343320837,5
-0.400449660441796,5
-0.4035748969253329,5
-0.4006692540429283,5
-0.4025398269099923,5
-0.4013893255412595,5
-0.4068816984611832,5
-0.3971306846100279,5
-0.3960839723436378,5
-0.4055292031278251,5
-0.4043019289556344,5
-0.4032625008768846,5
-0.3989579528560087,5
-0.4027274721599643,5
-0.4043299371379444,5
-0.4048909380814185,5
-0.4046763635951788,5
-0.3942490712389396,5
-0.3930913334284316,5
-0.4011337822179417,5
-0.4021148361082072,5
-0.4033339038996714,5
-0.3962732021636687,5
-0.3982091473985425,5
-0.5833904749085936,3
-0.5269223900990856,3
-0.5156578425410883,3
-0.5068408382726162,3
-0.5050750615249875,3
-0.4947939634634806,3
-0.4920944984823315,3
-0.4592137340258382,3
-0.4940447245588191,3
-0.486468118490558,3
-0.4870362572011408,3
-0.4865925483639332,3
-0.4851937848305523,3
-0.4849884111133944,3
-0.4829476715914279,3
-0.4796047379051178,3
-0.4813680441023339,3
-0.482503234234622,3
-0.4790418790855549,3
-0.4777279825175696,3
-0.4769855261235847,3
-0.4816093672869604,3
-0.4737876333564431,3
-0.4684054175330561,3
-0.4765463624029316,3
-0.4763135887736081,3
-0.4730665782772842,3
-0.4746850076956886,3
-0.470702774232754,3
-0.4732996982469138,3
-0.4761142400479836,3
-0.477389271790153,3
-0.4712378572376137,3
-0.4653470355368702,3
-0.4722580554976344,3
-0.4738824483775987,3
-0.4755669212358808,3
-0.4708365944720049,3
-0.4696752092847192,3
-0.47362788331696,3
-0.474146859315543,3
-0.4776249035247363,3
-0.4751834389210475,3
-0.4671252518909901,3
-0.4626501115362046,3
-0.4757575260648262,3
-0.4728538060902426,3
-0.4745021428851532,3
-0.4699262269545493,3
-0.4731479674100587,3
-0.4714413721687922,3
-0.4701751913236969,3
-0.4680797609094208,3
-0.4720308590114213,3
-0.476621746996799,3
-0.4736334824172324,3
-0.4720894885383891,3
-0.4644990682641835,3
-0.4601119034689667,3
-0.4630692851780155,3
-0.4612893213895586,3
-0.4627620230415569,3
-0.4648413971714503,3
-0.4592318107101128,3
-0.4638774015726545,3
-0.4654101175012867,3
-0.4679825324474642,3
-0.4667883330396796,3
-0.4695221163402681,3
-0.4731013875870477,3
-0.4704126274305638,3
-0.4684476952505363,3
-0.4720262432532268,3
-0.4717809733880803,3
-0.4725184006681235,3
-0.4713064577145859,3
-0.4707704451638474,3
-0.4699243680834088,3
-0.4709016667226922,3
-0.4737584585285155,3
-0.4790979914865871,3
-0.4709485429168163,3
-0.6740318895663864,3
-0.5666018436959818,3
-0.5631840911153319,3
-0.5666672872313799,3
-0.5639469741796118,3
-0.5540315673157477,3
-0.5652444090333949,3
-0.5552299378800541,3
-0.5624301400627887,3
-0.5605178766963794,3
-0.562075916328713,3
-0.5574018846651184,3
-0.5572017494182138,3
-0.5557715568908499,3
-0.5573808216615511,3
-0.5579329113896137,3
-0.5538175800108326,3
-0.557959810820387,3
-0.5589398145055483,3
-0.5551145941054448,3
-0.5573760154312889,3
-0.5517279024291587,3
-0.5498485529126088,3
-0.5486352546295437,3
-0.5547355556052784,3
-0.5588251219071856,3
-0.5543672514263978,3
-0.5496904778237467,3
-0.5590131699362426,3
-0.5483262940473327,3
-0.5536364662667617,3
-0.5531735485774543,3
-0.5527015948305529,3
-0.5577983043298641,3
-0.5568749897877769,3
-0.5556359874537611,3
-0.5578358282363938,3
-0.556486976987201,3
-0.5537951374507694,3
-0.5583965100168278,3
-0.5605002531996257,3
-0.558675759068772,3
-0.5603573209324839,3
-0.5609553123217544,3
-0.5623501520217302,3
-0.5521644348588527,3
-0.5534549257178841,3
-0.5575056924193573,3
-0.556056035776762,3
-0.5563609986161071,3
-0.5568597575063494,3
-0.556700116018529,3
-0.5563338984370667,3
-0.5573214582994619,3
-0.5516073420919785,3
-0.5544230585669523,3
-0.5538780086429976,3
-0.5531089211936187,3
-0.5614332602847335,3
-0.5582419465825776,3
-0.5627636190904715,3
-0.5512394720326209,3
-0.5572760003370064,3
-0.5585590079327996,3
-0.5568585387444025,3
-0.5529917188488216,3
-0.5519278645554447,3
-0.5609145389886789,3
-0.5533875736783509,3
-0.5545119910443709,3
-0.5502224624350762,3
-0.5460408907360703,3
-0.554067470100834,3
-0.5616582501497451,3
-0.5566110481650476,3
-0.5536491659980676,3
-0.5625983254423207,3
-0.5610939226276792,3
-0.5597486690245038,3
-0.5588319006097768,3
-0.563396343162894,3
-0.8782363105506499,0
-0.8806996760609067,0
-0.8851588390227407,0
-0.8792407486409872,0
-0.8801978412616269,0
-0.8776453473221144,0
-0.879616867551428,0
-0.8807153713664427,0
-0.8818597734871653,0
-0.8770577508067181,0
-0.8781150698656279,0
-0.8794484473499726,0
-0.8799145669973825,0
-0.8825417173150654,0
-0.8789410337215695,0
-0.8778205994855864,0
-0.8801616705709185,0
-0.8766730546913881,0
-0.8773699364819987,0
-0.876907544295962,0
-0.2766167369121224,5
-0.6418204908505042,3
-0.6391736829117802,3
-0.6390068316381187,3
-0.6333937085121821,3
-0.6366860373885732,3
-0.6335463208772564,3
-0.6289125665776052,3
-0.6332029835606218,3
-0.6317466558684363,3
-0.6280008298866417,3
-0.6231709234634587,3
-0.6237816365243166,3
-0.6283746550636617,3
-0.6302474084367842,3
-0.6286908092699981,3
-0.62895018883945,3
-0.6262569816730479,3
-0.6316221701062977,3
-0.6274053267387639,3
-0.6286320735358972,3
-0.6250432384866526,3
-0.6268694445299152,3
-0.6271849455244024,3
-0.626778229485002,3
-0.6277109713013442,3
-0.6204248335030479,3
-0.6213164234650608,3
-0.6153152888117768,3
-0.6149505785350595,3
-0.6132755954671752,3
-0.6141944564189354,3
-0.6081293593757213,3
-0.609278274328877,3
-0.6077341324302279,3
-0.6099463838656434,3
-0.6086721572849317,3
-0.6048725335063365,3
-0.6067918574107432,3
-0.6028109964580352,3
-0.6021846929489111,3
-0.6024769380703997,3
-0.6020995390966264,3
-0.606822798587475,3
-0.5975577509478142,3
-0.6028775019456051,3
-0.603631249756588,3
-0.604467480529763,3
-0.6032803131267412,3
-0.6038808777880951,3
-0.601835033772068,3
-0.5961438230184445,3
-0.6034107718094357,3
-0.6008723152129265,3
-0.5942671548347916,3
-0.6033250121038668,3
-0.6013663016295552,3
-0.5959425508103247,3
-0.5976295901577021,3
-0.597468765097414,3
-0.600034981366981,3
-0.6044793043144542,3
-0.6007668913331343,3
-0.6045189194289986,3
-0.6007826107111148,3
-0.5986114292872075,3
-0.6001161468966815,3
-0.5989560881484387,3
-0.6004738889556651,3
-0.595550731709616,3
-0.5962490456081473,3
-0.5978030950908586,3
-0.597037167519224,3
-0.5950263661488869,3
-0.5925038049331404,3
-0.5932971477226959,3
-0.5941343493627699,3
-0.5938288923958687,3
-0.5979855788038609,3
-0.5973141649814447,3
-0.5947139150115451,3
-0.5063772373598516,3
-0.7378410098231113,0
-0.7432870223725991,0
-0.7451790844254075,0
-0.7395925050297648,0
-0.7430065969296461,0
-0.7435225510137912,0
-0.7374667227203888,0
-0.7423194387520267,0
-0.744384084332594,0
-0.7458952184106329,0
-0.7408512047270364,0
-0.7435011758762559,0
-0.7410216608731846,0
-0.7417478525417975,0
-0.7469642813089712,0
-0.7445419281116399,0
-0.7431219861872499,0
-0.7413692092444375,0
-0.7426960870541487,0
-0.7442841473623887,0
-0.7462026743315744,0
-0.7427625024874646,0
-0.7448627611273885,0
-0.7432980468367822,0
-0.7432957254460137,0
-0.7426271917400612,0
-0.7422015950652389,0
-0.7410002751596543,0
-0.7389276827576783,0
-0.7385713558694584,0
-0.7411732048284461,0
-0.7437947652911618,0
-0.7437509720449861,0
-0.7450508268322712,0
-0.7421620770164352,0
-0.7404066743155626,0
-0.7402206633326502,0
-0.7418608797009019,0
-0.7437828387703762,0
-0.7417936212086282,0
-0.74276211628831,0
-0.7397669791124182,0
-0.7419624936933689,0
-0.7416741461980725,0
-0.7463224292250126,0
-0.7457516618395073,0
-0.7428749455963475,0
-0.7447617290339004,0
-0.7435161562816641,0
-0.7436645982946024,0
-0.7403640229564682,0
-0.7437644151512743,0
-0.7375661447994504,0
-0.7426699561538577,0
-0.7416904855704987,0
-0.7470088554974029,0
-0.7445092266927664,0
-0.7452246730056427,0
-0.7458417662929466,0
-0.7470441300410684,0
-0.7487793583135499,0
-0.7485841998695478,0
-0.7510962114968054,0
-0.7528257659185126,0
-0.7497944077927201,0
-0.7503766488456924,0
-0.7457329223549185,0
-0.7484644941884656,0
-0.7491288739185605,0
-0.7515093696910051,0
-0.749257854342832,0
-0.7477745546389875,0
-0.7497598613025585,0
-0.7491672998969137,0
-0.7499107351851683,0
-0.7504360911902033,0
-0.7476962350964809,0
-0.75171479406872,0
-0.7528166049186861,0
-0.7547669238563091,0
0.2836959726083053,2
0.3291830209630711,2
0.2668418945119252,2
0.2219731830016824,2
0.0898233527005569,2
0.0910320266200085,2
0.0631982518475714,2
0.079256392892433,2
0.0940584651079124,2
0.0770660097779171,2
0.0882608399297958,2
0.0916312330037323,2
0.0644837663076064,2
0.0899467189654268,2
0.0961171979710412,2
0.0536785552976986,2
0.0765580762633354,2
0.0957271964763049,2
0.0626182873830908,2
0.0804154447639977,2
0.0914274663269389,2
0.0596163972410724,2
0.0807045416245249,2
0.0958670417740864,2
0.5267127363203075,2
0.2517484565248885,2
0.1335925890493959,2
0.1335789633377487,2
-0.002888023663951,2
-0.0326339559074375,2
-0.0135621268919249,2
-0.0187670114300222,2
-0.0130415365471716,2
-0.0047214548977998,2
-0.013943580382783,2
-0.0085002846725512,2
-0.0162159697583301,2
-0.0115337635979747,2
-0.0080368551947487,2
-0.0149291334352682,2
-0.0078677525949575,2
-0.0140246937575423,2
-0.0111280147461881,2
-0.0238814347016605,2
-0.0092616568750979,2
-0.0291834360458804,2
-0.0085876746625747,2
-0.0284448496561728,2
0.3055914430885221,2
0.1003979090707062,2
0.0130277419976494,2
0.0136034331000258,2
-0.1304606166194893,5
-0.1350436917520323,5
-0.1457546101173162,5
-0.1287429161220954,5
-0.1400167811031152,5
-0.1397159190536884,5
-0.1263232483285508,5
-0.1351833991093608,5
-0.1348613421512105,5
-0.1177975351699561,5
-0.1222768237841246,5
-0.1406089082631784,5
-0.1260956998286952,5
-0.1358490782660147,5
-0.1432887891967706,5
-0.1236601761006908,5
-0.1358860730346636,5
-0.1292044442903726,5
-0.1328177122184017,5
-0.1385383727283554,5
0.0533591385542634,2
-0.0963734120525613,5
-0.1479824045683833,5
-0.1269533379470613,5
-0.2819488791415645,5
-0.2842612111055676,5
-0.2901025703731744,5
-0.2862701953968268,5
-0.277576777609044,5
-0.2829786290913602,5
-0.2835611958752914,5
-0.2877524199883587,5
-0.2910364811023027,5
-0.2861368446453836,5
-0.2832499819666867,5
-0.280902788755865,5
-0.2788300171466511,5
-0.2765852257193999,5
-0.2864842029433692,5
-0.2831568234500532,5
-0.2811778321516316,5
-0.2802492278014912,5
-0.2815106217385708,5
-0.2829579779058665,5
-0.2653456523409927,5
-0.3578364607514791,5
-0.3884287998988885,5
-0.3770389746018691,5
-0.4905886339346694,3
-0.4903082542606521,3
-0.4906017694021423,3
-0.4934986219659436,3
-0.4869027611094838,3
-0.4866702390383624,3
-0.4837027384357413,3
-0.4869706872741425,3
-0.4852993957494244,3
-0.4877874969983991,3
-0.4871695955233205,3
-0.4809356561015951,3
-0.4856881880810994,3
-0.4835147738820114,3
-0.4761197807686718,3
-0.4800815976801424,3
-0.4822097288143994,3
-0.4804356848220287,3
-0.4787308361467718,3
-0.4808010438315555,3
-0.0833824174881294,5
-0.1977771756084544,5
-0.2786606945445031,5
-0.2641077775327012,5
-0.3867075249396151,5
-0.3899649872642007,5
-0.3882917778064393,5
-0.390142265276279,5
-0.3832146221775168,5
-0.3872458305478881,5
-0.383480489968694,5
-0.3859889326950723,5
-0.3871936820690573,5
-0.381472308511986,5
-0.3858027838831372,5
-0.3873618978622125,5
-0.3838119687181012,5
-0.3861379262856745,5
-0.3782517208975702,5
-0.3812263549539496,5
-0.3821396130905252,5
-0.3813921153094737,5
-0.3904432515663819,5
-0.3796123302711592,5
-0.4597073720059857,3
-0.0049914862064948,2
-0.0757233287045822,5
-0.0659995812278895,5
-0.221438274428264,5
-0.2190737548574636,5
-0.2205148786887739,5
-0.2118567367943051,5
-0.2149002773052883,5
-0.2178819583491139,5
-0.2256174401284984,5
-0.2146630929466172,5
-0.2137503179200436,5
-0.2173319429567358,5
-0.220960509168162,5
-0.2161710991608509,5
-0.2222985895975881,5
-0.2228844719871975,5
-0.2163651270408592,5
-0.2264765954930744,5
-0.2174832163553151,5
-0.2223499820636341,5
-0.221100478667976,5
-0.2142254861163223,5
-0.0742025136788382,5
0.2069480381557641,2
0.073938312700807,2
0.0606313042478176,2
-0.0955956024068467,5
-0.0911926991451212,5
-0.1074761066354278,5
-0.1057734139266433,5
-0.0897030413728443,5
-0.1029929416502539,5
-0.1029366567545902,5
-0.0955158516335983,5
-0.099822094727107,5
-0.1078357871034668,5
-0.1043626785515268,5
-0.1025743090635772,5
-0.1061708867555603,5
-0.1005349041403167,5
-0.1141938346098987,5
-0.1074105897476614,5
-0.1002142326852605,5
-0.101175142882899,5
-0.1018713094497715,5
-0.1088679474328784,5
0.620127498371444,4
0.2897420878889939,2
0.2067756810206724,2
0.213608919572841,2
0.0444188262092972,2
0.0273721918963706,2
0.024697944392733,2
0.0245677466397369,2
0.0263563358175782,2
0.0253557168065176,2
0.0449363324368662,2
0.0329722502932379,2
0.0246274238336486,2
0.0320200367463683,2
0.0289064961497267,2
0.0333868648604691,2
0.0377316979337839,2
0.0395572384119899,2
0.0230839955732247,2
0.0253574359517246,2
0.0316844338075272,2
0.0314217658594678,2
0.0281202751605631,2
0.0385607392240685,2
-0.6548398929432065,3
-0.5341085693268498,3
-0.563737349287807,3
-0.5515416390750968,3
-0.6347327837539662,3
-0.63789986952856,3
-0.6397433377996414,3
-0.6305975754542712,3
-0.6361429325008324,3
-0.6355889368130822,3
-0.6388009410606328,3
-0.6328042103889788,3
-0.633402363962697,3
-0.6396054705883809,3
-0.6338454973486297,3
-0.6359567202305783,3
-0.6360929998953334,3
-0.6324131893714945,3
-0.6330225417228693,3
-0.6281448350335971,3
-0.6343886818770877,3
-0.6304274675998731,3
-0.6398957378233628,3
-0.6340942519644646,3
-0.0213952451569214,2
-0.5717474083508596,3
-0.5721344137981835,3
-0.5593338756206115,3
-0.6473645648049232,3
-0.6453207975024643,3
-0.6517935996817379,3
-0.6479379190208431,3
-0.6494890582940068,3
-0.6514874899023096,3
-0.6487672679082241,3
-0.6490833034676994,3
-0.6448152000415379,3
-0.6433517697171176,3
-0.6457569427531352,3
-0.6442505945678352,3
-0.6441591749708158,3
-0.6459015923040421,3
-0.6442260244634314,3
-0.6423459489476651,3
-0.6383806267383186,3
-0.6462981444751276,3
-0.639084829728214,3
-0.6413787219088282,3
0.5333007628586603,2
0.2641384087871944,2
0.2564679142980489,2
0.278777593598395,2
0.0811305329200491,2
0.0765216517284407,2
0.0707743565769509,2
0.0745579140601742,2
0.080422704112914,2
0.0825421161723666,2
0.0684884155595763,2
0.079903173565699,2
0.0702686139207464,2
0.0744087284620973,2
0.0749987007767841,2
0.0776981581553351,2
0.077852135660168,2
0.0815316246539729,2
0.0814975848243796,2
0.0862003103991435,2
0.0846531031153956,2
0.0743427799010085,2
0.0829755315871215,2
0.0884956172225326,2
0.5830742064981138,4
0.262895971150243,2
0.1722357122555069,2
0.1805648826052848,2
-0.0077670247280476,2
-0.0093380311000832,2
-0.0031461285127468,2
-0.015144888724388,2
-0.0121602393586477,2
-0.0008695368718881,2
-0.0079870243730491,2
-0.0133693074047167,2
-0.0039538579290665,2
-0.0018580382726469,2
-0.0100322317567173,2
-0.0091583578067089,2
0.0023557422595636,2
-0.0019683791641548,2
-0.0109120010438379,2
-0.0008793012161727,2
-0.0043698873387867,2
-0.0092979603318071,2
-0.0026497110180607,2
-0.0045786556299713,2
0.1922201465780503,2
0.1260712021754056,2
-0.0070136629483936,2
-0.0002509888191311,2
-0.1704453325074212,5
-0.1654852883121026,5
-0.1680875848309748,5
-0.1701669062898721,5
-0.1636392691466967,5
-0.1718694954870423,5
-0.1622210456653518,5
-0.1692401208888138,5
-0.1674313606888923,5
-0.1724210515756349,5
-0.1629544549308211,5
-0.1702683170448715,5
-0.1673298183879814,5
-0.1643897273110449,5
-0.1651591956260324,5
-0.1667986825472884,5
-0.1634719073281687,5
-0.1640476330257917,5
-0.1609626073738007,5
-0.1652156382477308,5
0.156216215057021,2
-0.0807109313610673,5
-0.1816629109350153,5
-0.164857669519159,5
-0.302030064168016,5
-0.3093003989701909,5
-0.3098273000836095,5
-0.3022326858778827,5
-0.3055476806522285,5
-0.3059069275162669,5
-0.3024705324893549,5
-0.3048539343980278,5
-0.3085627919723901,5
-0.301713195051916,5
-0.3089520760905709,5
-0.3152103577718813,5
-0.3066822725671718,5
-0.3067866973092602,5
-0.3092536860226681,5
-0.3089863911299259,5
-0.3104514598315193,5
-0.3105714233048349,5
-0.3065693079483907,5
-0.3083957615334999,5
0.1087393561699785,2
0.1414707195200152,2
0.1231972519028575,2
0.1924089442162265,2
-0.0422912537917684,2
-0.0477808897733708,2
-0.042233608029665,2
-0.0483378680482758,2
-0.0636987334339604,5
-0.0594280522896051,5
-0.0539139690034892,5
-0.0529650165188636,5
-0.0520190499076267,5
-0.0677813129082666,5
-0.0624648205920759,5
-0.0716959712937342,5
-0.060404682476458,5
-0.0636626432777035,5
-0.0648569264294607,5
-0.070133166860454,5
-0.0762645001686529,5
-0.0706767186021833,5
-0.0691593034511425,5
-0.0773914758989593,5
0.1204941320892438,2
0.0887034967013724,2
0.057311156863147,2
0.0891393613212579,2
-0.0971914157995532,5
-0.1254823321864702,5
-0.1361154472613552,5
-0.1226252574196035,5
-0.1114921620318472,5
-0.1369507014684845,5
-0.1261221133072476,5
-0.1335517020065393,5
-0.1407646461689351,5
-0.1412340322404183,5
-0.1407692254238219,5
-0.1456461958263508,5
-0.1462033101240227,5
-0.1424829701156809,5
-0.1470050458977851,5
-0.1466855157180352,5
-0.1366194339155153,5
-0.1494856041274277,5
-0.1482758422696544,5
-0.145910699535066,5
-0.0144199616109051,2
-0.035780830100632,2
-0.0363934176278767,2
-0.0158092223309553,2
-0.1963571531588927,5
-0.1959851143527653,5
-0.2014715773149017,5
-0.1982679073540306,5
-0.203403499595323,5
-0.1802614127707473,5
-0.1942875523827352,5
-0.1969813899839366,5
-0.2083059534983151,5
-0.2000634050370487,5
-0.1966443116264068,5
-0.1910463267233913,5
-0.2165444029420683,5
-0.1948327319745896,5
-0.2123834391584894,5
-0.2074199778022142,5
-0.215864770848816,5
-0.2118355041815489,5
-0.2145210523477967,5
-0.2207749278867128,5
-0.3286376778781407,5
-0.09229921384883,5
-0.0928488975555216,5
-0.0620674585151912,5
-0.2308131996696141,5
-0.2477940094986085,5
-0.2506935385867108,5
-0.2492612103799732,5
-0.2517836025534051,5
-0.2567900686873852,5
-0.2560716150956566,5
-0.2636405213989559,5
-0.2616974712662808,5
-0.2622943379115572,5
-0.2657060427728209,5
-0.2689184725460983,5
-0.2720786603824098,5
-0.2652446934483831,5
-0.2641186539580243,5
-0.2638493843795788,5
-0.2681566360196116,5
-0.2671606823776351,5
-0.264798410407018,5
-0.2702571077465573,5
-0.128088260400829,5
-0.1763340783131708,5
-0.1937306820617966,5
-0.1811789704637907,5
-0.324190069159801,5
-0.3292470028294175,5
-0.3351215220360085,5
-0.3402916376481328,5
-0.3330932887279334,5
-0.3427205226165473,5
-0.3344140001975019,5
-0.340653365140938,5
-0.3367360944356931,5
-0.3380962389579911,5
-0.3337850421049935,5
-0.3417606246631121,5
-0.3369571595804804,5
-0.3416358892227712,5
-0.3443894655834981,5
-0.3427737071372633,5
-0.4461296136029444,3
-0.4068409115669563,5
-0.3708732932540183,5
-0.3558571835276906,5
-0.4450290645454421,3
-0.2220526429134998,5
-0.2407794848780907,5
-0.2029979857261224,5
-0.360615890733665,5
-0.3662538808542282,5
-0.361812040433013,5
-0.3670221445422816,5
-0.3658011610136699,5
-0.3679755629490583,5
-0.365487945662676,5
-0.3682208026042079,5
-0.3679442865188651,5
-0.3654600017658238,5
-0.3687535723905636,5
-0.3724441582926827,5
-0.3694117072496797,5
-0.3780385878368855,5
-0.3777136893026855,5
-0.3716516797525034,5
-0.3732271472613555,5
-0.3755504804967857,5
-0.3799303164826752,5
-0.382843973076966,5
-0.2930617922994001,5
-0.3042781382772677,5
-0.3284420567766112,5
-0.2902673057587969,5
-0.4315086688344363,3
-0.4331251987658325,3
-0.4342608696906498,3
-0.4386507989901723,3
-0.4331750180271124,3
-0.4407978825223436,3
-0.4421258560428941,3
-0.4374105781794274,3
-0.4445821423691014,3
-0.445735133692307,3
-0.44543518394272,3
-0.4495055586213693,3
-0.4487847414644473,3
-0.4478929098135897,3
-0.4514176190180869,3
-0.4556945406817843,3
-0.4598181643798933,3
-0.4512067757124138,3
-0.4589224554883285,3
-0.4609634067121246,3
-0.3370759049672459,5
-0.3946519018100184,5
-0.4103010600648576,5
-0.3727709027110433,5
-0.4989075530741882,3
-0.5004713970599957,3
-0.508178485006038,3
-0.5057223972638307,3
-0.5028814811345701,3
-0.5096306651701621,3
-0.5100571424731197,3
-0.5086862234234805,3
-0.5139314933362217,3
-0.5113685448842884,3
-0.5091024141636142,3
-0.5088479768382592,3
-0.5103321440905898,3
-0.5070095623959077,3
-0.5095738805301268,3
-0.512087709030421,3
-0.5138846821654598,3
-0.5138785529650621,3
-0.5174718932461546,3
-0.513345970917668,3
-0.5067126556793278,3
-0.5083364765444432,3
-0.5201188967172834,3
-0.5057964395166081,3
-0.6055785625314009,3
-0.6065264687475415,3
-0.6081072196853854,3
-0.6148954974204646,3
-0.6137180322241647,3
-0.6162225382814196,3
-0.6112186379243632,3
-0.6104892221205518,3
-0.6159578350443413,3
-0.6116643879017603,3
-0.6153491745752968,3
-0.6159965263440007,3
-0.6145566350959133,3
-0.6145480205230731,3
-0.6131629260090415,3
-0.617760488802124,3
-0.611225763265838,3
-0.6162729934532273,3
-0.6118940248103502,3
-0.6100240362391022,3
-0.6685620755431099,3
-0.6572318880432618,3
-0.6678150584721168,3
-0.6582236197829241,3
-0.7288193305393733,0
-0.7314971892304777,0
-0.7363303573753877,0
-0.7299864452288511,0
-0.7351478890718476,0
-0.7341724051496324,0
-0.7299199372604298,0
-0.731150976982156,0
-0.7311308362578853,0
-0.7358999498844604,0
-0.7372659803772444,0
-0.7376767280665334,0
-0.7310375744793088,0
-0.7377352803666665,0
-0.7342853580266732,0
-0.7382643045356427,0
-0.7350759741478143,0
-0.736883773173802,0
-0.7387795664540675,0
-0.7402469604017001,0
-0.6548043609971359,3
-0.6447672162463376,3
-0.6737199639333353,3
-0.651445732769193,3
-0.7335097404195295,0
-0.7293961160733379,0
-0.732291241544166,0
-0.729797358071061,0
-0.7331087762841193,0
-0.7350251040570174,0
-0.7271220251956587,0
-0.7340218633553117,0
-0.733545615175443,0
-0.7293051739086164,0
-0.7293929579367963,0
-0.7364261307861993,0
-0.7300312488217565,0
-0.734175983183617,0
-0.7324652913482022,0
-0.7313437324344817,0
-0.7300701484777581,0
-0.7317967086077792,0
-0.7334668891265536,0
-0.7373854801426963,0
-0.2979531281075289,5
-0.5267497853530381,3
-0.5420954872012212,3
-0.5279221235665588,3
-0.6210125123538175,3
-0.6227440451817178,3
-0.6233880062287204,3
-0.6191789691195987,3
-0.6214171423641259,3
-0.6226304885845313,3
-0.6241685370385687,3
-0.6270829257497451,3
-0.6278802802568952,3
-0.6326183849795811,3
-0.634277988020938,3
-0.6348436090167807,3
-0.6348672977649751,3
-0.6439444130455748,3
-0.641351881084489,3
-0.6350296382739958,3
-0.6335968299659225,3
-0.6360644738795458,3
-0.6359788260306566,3
-0.6311394382800182,3
-0.4495085532646231,3
-0.4700494986918911,3
-0.4391959519962624,3
-0.4240486735943237,3
-0.5301486550708391,3
-0.5334209235249818,3
-0.534454794061876,3
-0.5350368391033266,3
-0.5324822959778196,3
-0.5326432295915156,3
-0.5331037708944399,3
-0.5340127101405141,3
-0.5317126926395122,3
-0.5354070869577362,3
-0.5303480166289527,3
-0.531984274348045,3
-0.5356712824813453,3
-0.5322625159374982,3
-0.5329691346994689,3
-0.5349979924356528,3
-0.5367207521326374,3
-0.5375637990798128,3
-0.5383117382309812,3
-0.5335389380613177,3
-0.2807935441118017,5
-0.3298966489381171,5
-0.3503759487063624,5
-0.3159801594325889,5
-0.4449135365583752,3
-0.450338815782012,3
-0.4495236537805095,3
-0.4543454120099229,3
-0.4555676580697713,3
-0.4535443343727589,3
-0.4563095877571386,3
-0.4563352912428564,3
-0.4562184799853976,3
-0.457003959523701,3
-0.4582825763017784,3
-0.4591212152785915,3
-0.4567197105010374,3
-0.4592607767021588,3
-0.4591457578085912,3
-0.4645933737714232,3
-0.4581308094940215,3
-0.4585508462729685,3
-0.4600365993881025,3
-0.4663963509808495,3
-0.5281120348540224,3
-0.2870461929184487,5
-0.2773132769550016,5
-0.2548570023161594,5
-0.3862827221490092,5
-0.3881186736077716,5
-0.3845912212440012,5
-0.3957410702331209,5
-0.3940654100921172,5
-0.3994309109724888,5
-0.389776459088285,5
-0.3941775677185085,5
-0.4046612520413622,5
-0.4023313210358907,5
-0.3976725802019805,5
-0.3995862329058769,5
-0.399276388630011,5
-0.4029479061395004,5
-0.4037839471157944,5
-0.391969629764443,5
-0.401335122672407,5
-0.4007838116465868,5
-0.4078501336603319,5
-0.4036208646690185,5
-0.1284532078291189,5
-0.169535403253681,5
-0.1978706334016507,5
-0.1436585838367279,5
-0.3148376475722702,5
-0.3222877125011129,5
-0.3151645145457404,5
-0.3161104762901193,5
-0.324092760076358,5
-0.3194904427015507,5
-0.3249257113652752,5
-0.3259266271644651,5
-0.3262758176768836,5
-0.331207899749307,5
-0.3257547987455929,5
-0.3379252317715474,5
-0.335511348571694,5
-0.3350847478002214,5
-0.3373487935955091,5
-0.3376017159576252,5
-0.3336601657048027,5
-0.3410355549759832,5
-0.3311552820181972,5
-0.3476938751155173,5
-0.0110398746556222,2
-0.1009397599177293,5
-0.0871605340019738,5
-0.0456072760899782,2
-0.2328079998032945,5
-0.2309657883476801,5
-0.2315140933830514,5
-0.2361857209321627,5
-0.2283046927324418,5
-0.229935540076593,5
-0.2297180327060875,5
-0.2381631515958433,5
-0.2359488963112799,5
-0.2295167416923597,5
-0.2362788649470667,5
-0.2368171258624125,5
-0.2405506287123511,5
-0.2495573623831261,5
-0.2563062456935542,5
-0.2482213154877582,5
-0.2435203910231838,5
-0.2484759737975472,5
-0.2523058943207507,5
-0.2483739071474831,5
0.0067568789790817,2
-0.0377312743683387,2
-0.0841073863746212,5
-0.066499646850171,5
-0.2348197436698734,5
-0.2400592247239609,5
-0.2422267328636553,5
-0.2441551666664526,5
-0.2467030303477889,5
-0.2420590263162728,5
-0.2424847487657763,5
-0.240092478521497,5
-0.2437842797966527,5
-0.2470248957165753,5
-0.2429094886276005,5
-0.2393797789053626,5
-0.247326337300179,5
-0.2449903176952749,5
-0.2476581750683787,5
-0.2533258135730636,5
-0.2510061070463242,5
-0.2503070062497183,5
-0.2495261827166001,5
-0.2501239134344514,5
0.0645818256313727,2
0.0302910623961063,2
-0.0171649776277929,2
0.0343488855212611,2
-0.1766270855580456,5
-0.1790469746530648,5
-0.1766760005993933,5
-0.184167692296464,5
-0.1811346247510507,5
-0.1895337783737241,5
-0.1847465936882267,5
-0.1917986049534009,5
-0.1921248335624916,5
-0.1889479814736952,5
-0.1929737763600741,5
-0.1925349056541849,5
-0.1949230593208735,5
-0.2038525879706603,5
-0.2052669291903796,5
-0.204169836987578,5
-0.2139848655284034,5
-0.2179072323601723,5
-0.221634367663918,5
-0.2274173331443432,5
-0.1886434012700039,5
0.0310625016338189,2
-0.0345699892331146,2
0.0084648487141364,2
-0.1573438754771661,5
-0.1599384959950739,5
-0.1638628718223229,5
-0.1670965571227807,5
-0.1705776928054688,5
-0.1703534890923678,5
-0.1725829217246487,5
-0.1778218147826167,5
-0.1819249725266878,5
-0.1768570684515154,5
-0.1858374717291013,5
-0.1849756083015574,5
-0.1922767290286403,5
-0.1952319436106462,5
-0.1959160997923696,5
-0.2010618901406788,5
-0.1989354424094029,5
-0.2004253157899156,5
-0.2015662868092719,5
-0.2002784485478376,5
-0.0504548158342438,5
-0.2257358045684213,5
-0.1476746051592054,5
-0.2262352477982003,5
-0.321063448220842,5
-0.3329334411642172,5
-0.3382716084879027,5
-0.3475832288324111,5
-0.36247468432037,5
-0.3662649877053729,5
-0.3616322290052632,5
-0.3595022062092204,5
-0.3667556781221108,5
-0.3601934474153651,5
-0.3622183285725393,5
-0.3642404036767279,5
-0.3539587731489667,5
-0.3515501866060037,5
-0.3611652582904585,5
-0.3595424929483974,5
-0.3522456595537734,5
-0.3607495422657887,5
-0.3513561615146583,5
-0.3525457798983936,5
-0.0378192843699979,2
-0.2597382349234284,5
-0.1883713310366587,5
-0.2536100603190974,5
-0.342421742083257,5
-0.3390571814227034,5
-0.3385008026462937,5
-0.3387001050261851,5
-0.3353497088025476,5
-0.3370294263390609,5
-0.3316205848117759,5
-0.3384986767147462,5
-0.3411247297139867,5
-0.3477241801023516,5
-0.3467785184398191,5
-0.3467910422127144,5
-0.3498003505511411,5
-0.3409390484471282,5
-0.347301148936686,5
-0.3481751022644042,5
-0.349066832105474,5
-0.3536896179310111,5
-0.3518827591141383,5
-0.3423887058940202,5
-0.6351304868094957,3
-0.2963842742492179,5
-0.2781866237476514,5
-0.3426514177247615,5
-0.4144500290046322,5
-0.4151568809107997,5
-0.4205860905388122,3
-0.418689706471787,3
-0.4166067042262914,3
-0.4228056865233309,3
-0.4161170606834954,3
-0.4139513082967002,5
-0.4196783237066619,3
-0.4191974815883135,3
-0.4128997572152193,5
-0.4168574688926257,3
-0.4198958208495651,3
-0.417776210339172,3
-0.4162093224558765,3
-0.4163772762659235,3
-0.4209507449510123,3
-0.4181286792490007,3
-0.4227155197879926,3
-0.4152587435795329,5
-0.5365012346898945,3
-0.3246389387365622,5
-0.3178833488928954,5
-0.377026522304377,5
-0.4427973904532779,3
-0.4460406955126739,3
-0.4478752034029181,3
-0.4443706127021329,3
-0.4439785679896587,3
-0.4461694753647209,3
-0.4422880799813385,3
-0.4396812883825527,3
-0.4405238610777764,3
-0.4357949678626781,3
-0.4396356207490173,3
-0.4395984963250912,3
-0.4375372752301353,3
-0.4404460610735101,3
-0.4360151958617735,3
-0.4312442708350248,3
-0.4366466095369216,3
-0.4281603148261025,3
-0.435094449910993,3
-0.4296173667351367,3
-0.4768604045089399,3
-0.3703090101379021,5
-0.3414522377394054,5
-0.3968985490995874,5
-0.4641060290692171,3
-0.4686583363593316,3
-0.4652519522869062,3
-0.4657367337821636,3
-0.4687885123418886,3
-0.4608747784313882,3
-0.4637282438769984,3
-0.4618893767530547,3
-0.4677477197292027,3
-0.4649959344286867,3
-0.4666247468062832,3
-0.4686622858171477,3
-0.4667995838552601,3
-0.4674392666147069,3
-0.4669845979777814,3
-0.4590446532607883,3
-0.4677142418365654,3
-0.4616034097708974,3
-0.4620149095420536,3
-0.4638901831138241,3
-0.4475301298246059,3
-0.4568060717375612,3
-0.4464770820736433,3
-0.491988972019805,3
-0.5446876284247522,3
-0.54952302932606,3
-0.5433453160298407,3
-0.5442385614504396,3
-0.5464500395846204,3
-0.5380960608410877,3
-0.5415998561797868,3
-0.5386906888526233,3
-0.5402401847951341,3
-0.5353123806260687,3
-0.5355145252683733,3
-0.5335385242332437,3
-0.5302312155357634,3
-0.5312863727192219,3
-0.5322414505911858,3
-0.5260766020610322,3
-0.5299017644587288,3
-0.5311491119801539,3
-0.5341881427979291,3
-0.5293888078849066,3
-0.5151117771601949,3
-0.5505950944372942,3
-0.5078270253836983,3
-0.5407235552045256,3
-0.5898753302877473,3
-0.5864088174723469,3
-0.5891619971826277,3
-0.5893491113086871,3
-0.5933631866574638,3
-0.5779587222585795,3
-0.5807921869521736,3
-0.583342830522993,3
-0.5807504534870384,3
-0.5772265394913496,3
-0.5777609032549681,3
-0.5762923630018741,3
-0.57564863450667,3
-0.5751489112071289,3
-0.5753684761132485,3
-0.5712657813606385,3
-0.5731639588496885,3
-0.5730818431445812,3
-0.5741298940907971,3
-0.5692528424636071,3
-0.6446062513399823,3
-0.5936349167370687,3
-0.5370090910665587,3
-0.5786085962588736,3
-0.6270854879850343,3
-0.6270454103613031,3
-0.6266112782549548,3
-0.628869879773304,3
-0.6281301983051611,3
-0.6227553300081526,3
-0.625789861376291,3
-0.6216055776419254,3
-0.6227492949274717,3
-0.6232058083760569,3
-0.6243784781549975,3
-0.6214483697916497,3
-0.6244905662291194,3
-0.6244360891647045,3
-0.6226745188237641,3
-0.6242935600033879,3
-0.6261931974778532,3
-0.6252666114130501,3
-0.6287714149748838,3
-0.6261233588447973,3
-1.032235041754262,0
-1.0283595738638454,0
-1.0343573390900502,0
-1.029327963208919,0
-1.031458764942113,0
-0.5260964675593106,3
-0.4181032597290499,3
-0.4244188375330204,3
-0.4297898320010616,3
-0.3913234416698488,5
-0.7150935641891751,0
-0.7537938897753755,0
-0.7563969855429244,0
-0.7556401303647095,0
-0.7642503719648026,0
0.1324005467288773,2
-0.4289803969497177,3
-0.5911332553810307,3
-0.4339486383783589,3
-0.4292468152345258,3
-0.6613706260535643,3
-0.6628641941020137,3
-0.6584922908653261,3
-0.6563887596186537,3
-0.6540512112099709,3
-0.653383220481803,3
-0.6600137241641786,3
-0.6580022006817283,3
-0.6618909598056146,3
-0.6658960424769778,3
-0.6669487670742822,3
-0.6705518211629946,3
-0.6655870564275754,3
-0.6714916051935077,3
-0.6691182841967676,3
-0.6645652252082508,3
-0.664178068872935,3
-0.662494380918724,3
-0.6679867476867274,3
-0.3807841220861615,5
-0.4813757464089349,3
-0.6040489445464641,3
-0.4585991176878862,3
-0.4582457005920295,3
-0.6810178921736278,3
-0.6798080557381609,3
-0.6795405930277978,3
-0.6770465772836817,3
-0.6703629104890116,3
-0.6738203746508646,3
-0.678539902511772,3
-0.6760278988120834,3
-0.6783829470951626,3
-0.6770177624964848,3
-0.6803599569127055,3
-0.6792496099930626,3
-0.6743303716069968,3
-0.6806194299534409,3
-0.6732258007073146,3
-0.6746038728821399,3
-0.680866543189814,3
-0.677538019620888,3
-0.6817794880793902,3
-0.686954536181739,3
-0.5176055714408389,3
-0.6402403343309336,3
-0.5130594911715876,3
-0.7006917221942801,0
-0.6983547590346286,3
-0.7051571274785393,0
-0.7084578042961195,0
-0.7032109287777948,0
-0.7045364817189987,0
-0.70729509243189,0
-0.7135896999492158,0
-0.7115920293698406,0
-0.7045234102889038,0
-0.7088657735261653,0
-0.709555527731639,0
-0.7112544337494324,0
-0.712256481339751,0
-0.7138542870959118,0
-0.7149407190705983,0
-0.713228538211682,0
-0.7173253493513597,0
-0.7170368409126557,0
-0.712366797773809,0
-0.4320626246915137,3
-0.5454392972886207,3
-0.6927815878917796,3
-0.586160128445179,3
-0.749085226787849,0
-0.7519166815950424,0
-0.7474459767848102,0
-0.7411159122092182,0
-0.7439692964490326,0
-0.7441621957151832,0
-0.7447551030859083,0
-0.7487895071706783,0
-0.7462433086910523,0
-0.7440786364010474,0
-0.7398796044412882,0
-0.7423426770526822,0
-0.7414221342123147,0
-0.7457027937855227,0
-0.7423618442027191,0
-0.7414517304517222,0
-0.7411310498226785,0
-0.7421793002068963,0
-0.7437170050206294,0
-0.741563354347793,0
-0.7987556241610495,0
-0.5813729262180585,3
-0.7078659611574231,0
-0.59283814202727,3
-0.7580792816489736,0
-0.7645572455086175,0
-0.7637051424745382,0
-0.7585895168851495,0
-0.760210695673575,0
-0.7592300315318086,0
-0.7614206281090703,0
-0.7580063359699062,0
-0.7641662077854664,0
-0.7549076414379321,0
-0.7583006110472179,0
-0.7657251274701505,0
-0.7568069922117538,0
-0.7580857248645021,0
-0.7560132729188553,0
-0.7572821830593076,0
-0.7591860667510726,0
-0.754584389519536,0
-0.753403540249572,0
-0.7588878717847596,0
-0.502224267712514,3
-0.6000572439433024,3
-0.7186406998136006,0
-0.6212586853683592,3
-0.7822027700933513,0
-0.7855773887733186,0
-0.7859574954816828,0
-0.7866450707135128,0
-0.7814497370063203,0
-0.7864013926448312,0
-0.78544172021999,0
-0.78376360664057,0
-0.7874756137590481,0
-0.7863926973259748,0
-0.7837373507529982,0
-0.7835409400843081,0
-0.7807753048739817,0
-0.7833243346098997,0
-0.7806200080412096,0
-0.7814911767596269,0
-0.7803393585147345,0
-0.7814907838952538,0
-0.7842211996222929,0
-0.7808271925570265,0
-0.4496905356272904,3
-0.626126764755851,3
-0.7522813525511429,0
-0.6618231323835233,3
-0.801272653680559,0
-0.8033280040985598,0
-0.8058307362966625,0
-0.8041976595890146,0
-0.8075994865681997,0
-0.8001360545596129,0
-0.809372604299125,0
-0.8077392617603489,0
-0.8078364323776821,0
-0.8042166597379107,0
-0.8051370617989398,0
-0.8051278123464095,0
-0.8041089395294512,0
-0.8013456796616721,0
-0.8014008846093015,0
-0.8080013473683114,0
-0.8057655516905008,0
-0.8078189748322954,0
-0.8021609890972669,0
-0.8040052885439433,0
-0.4753646928326787,3
-0.6654426548891441,3
-0.779528440781859,0
-0.6930361589079842,3
-0.8298925793959566,0
-0.8308854675885688,0
-0.831155261099635,0
-0.8324310204132954,0
-0.8300274220712258,0
-0.8251101517064623,0
-0.8292900925385073,0
-0.8297497599166148,0
-0.8287438818386242,0
-0.8295306502057135,0
-0.8310024899216089,0
-0.8330851053014338,0
-0.8299164770526978,0
-0.8314934021827207,0
-0.8302755425052756,0
-0.833285967652232,0
-0.8242565495169638,0
-0.8329133054053105,0
-0.8268025718784264,0
-0.8286689572323198,0
-0.5268246828496435,3
-0.7031712990267281,0
-0.8059995594209024,0
-0.7527109615916221,0
-0.8678978584794225,0
-0.8656221709706491,0
-0.8665239250488255,0
-0.8673733938086339,0
-0.8657111895968712,0
-0.8711081969924375,0
-0.8679679832825737,0
-0.8659195233152499,0
-0.8697124682137785,0
-0.8697777914023304,0
-0.863466847186267,0
-0.8673896260233287,0
-0.865754281871481,0
-0.8693676178323629,0
-0.8691310262403366,0
-0.8695926619022595,0
-0.866212408676178,0
-0.8699971568089571,0
-0.8690073958607462,0
-0.8686873037821348,0
-0.6216638695709708,3
-0.6539411284024257,3
-0.6180430067281968,3
-0.6531699691769868,3
-0.6887663723183896,3
-0.6955938024330786,3
-0.6915223416209921,3
-0.6948591986306245,3
-0.6954476820397913,3
-0.6902966574002046,3
-0.6930758046918629,3
-0.6938146907142901,3
-0.6938712860107443,3
-0.6934968018324774,3
-0.6960264433423514,3
-0.6935257001599098,3
-0.6906848207291222,3
-0.6918819868805596,3
-0.6944528442803933,3
-0.6937055304809535,3
-0.691177072399706,3
-0.6913002654028109,3
-0.6918027767517088,3
-0.693384719279495,3
-0.6343650809205669,3
-0.7485676205696958,0
-0.7187180306879314,0
-0.7543617318511655,0
-0.781548862100627,0
-0.7855652534476103,0
-0.7823063460893809,0
-0.7849670984469279,0
-0.7828654753378843,0
-0.7836796093173113,0
-0.7837771537859834,0
-0.7849826746724304,0
-0.7854003272489345,0
-0.7850133476659342,0
-0.780668590159536,0
-0.7834590512407262,0
-0.7829116728352401,0
-0.7819495041448027,0
-0.7822215928644202,0
-0.7829882948471536,0
-0.7810950684772833,0
-0.7824857674827402,0
-0.7830935383047034,0
-0.7815997048300894,0
0.1762257349994149,2
-0.2707432163126181,5
-0.4717354310192113,3
-0.3125214587139462,5
-0.5229027514812415,3
-0.5198518296434441,3
-0.5227283536757639,3
-0.5272021678893909,3
-0.5228068004745886,3
-0.5216966681205126,3
-0.5220172632362404,3
-0.5277033175778368,3
-0.5259891296003544,3
-0.523985558478478,3
-0.5255370993940487,3
-0.524887313114114,3
-0.5225308197075538,3
-0.522646828499333,3
-0.5252442595580873,3
-0.5190052062610367,3
-0.5255690524686244,3
-0.5240837558259298,3
-0.519239521834514,3
-0.5221031289110218,3
0.0819419724266623,2
-0.2744798275929397,5
-0.5109175390516894,3
-0.355546151547531,5
-0.5509274382238589,3
-0.5558734165385285,3
-0.5535005499122816,3
-0.5537261985056333,3
-0.5537739833011102,3
-0.5579553238861307,3
-0.5505146894910004,3
-0.5504326486633007,3
-0.5532940404888955,3
-0.5557669550808566,3
-0.5549330002666637,3
-0.5560192102248681,3
-0.5540829653615059,3
-0.54683208046136,3
-0.552943628641129,3
-0.5481453422449099,3
-0.5519476156332069,3
-0.5502377903328189,3
-0.5517462700846463,3
-0.5507804176363258,3
0.1515303561804004,2
-0.3451223245265892,5
-0.5197627551369863,3
-0.3851673786916169,5
-0.5773007741396103,3
-0.5720951453794296,3
-0.5730584661242663,3
-0.5746500527313256,3
-0.5722932042369819,3
-0.5714012353477604,3
-0.5714190772848308,3
-0.569538601465304,3
-0.5730141363460118,3
-0.5733470482269535,3
-0.5712294551112718,3
-0.5716292189028659,3
-0.5735217517336118,3
-0.5722870404192947,3
-0.5749971353909429,3
-0.5736492259379575,3
-0.5739543990786761,3
-0.5745984651963626,3
-0.5766332075581305,3
-0.5728891659394192,3
-0.0947231482926207,5
-0.3889812552260631,5
-0.5761103933981663,3
-0.446825279748401,3
-0.6229192266888894,3
-0.6239651656079176,3
-0.6278431919154255,3
-0.6255430531927912,3
-0.6264307007422092,3
-0.630427939813247,3
-0.6223548215669685,3
-0.621523728395695,3
-0.6222589406236846,3
-0.6224845932631495,3
-0.6212943387167252,3
-0.6163081353514537,3
-0.6207878023803408,3
-0.6168498065191326,3
-0.6162523057618468,3
-0.6187379008880765,3
-0.6152667844175288,3
-0.6148540653123887,3
-0.6134594945512548,3
-0.616543524312267,3
-0.1389678723334849,5
-0.3716337517039298,5
-0.5859448594630895,3
-0.476860547398462,3
-0.6474108090498001,3
-0.6491582380006398,3
-0.6513956429849236,3
-0.6488662661848467,3
-0.6492061254938091,3
-0.6507843843238111,3
-0.6506957883452656,3
-0.6506283849802036,3
-0.6519120634223851,3
-0.6476592796856141,3
-0.6458561549768939,3
-0.6505050644222872,3
-0.6512453292884056,3
-0.6552101784450168,3
-0.6509141581254333,3
-0.6512274161151972,3
-0.6515699396992876,3
-0.6490799657584525,3
-0.6524084539438263,3
-0.6517499015407686,3
-0.8247934245412345,0
-0.486427276910184,3
-0.6669759563092927,3
-0.576009341345891,3
-0.7183559523287628,0
-0.7185027099536759,0
-0.719434884218607,0
-0.7210862104720025,0
-0.7209733946334724,0
-0.7202385151853916,0
-0.7216929705417239,0
-0.7167636569446609,0
-0.719424271938768,0
-0.7195782770102253,0
-0.7175918556879866,0
-0.7221651557332159,0
-0.7174103049763012,0
-0.7206135722474669,0
-0.721073748812641,0
-0.7167973824701341,0
-0.7160768195409069,0
-0.7182116673996208,0
-0.7160319354286622,0
-0.7151738598807448,0
-0.2003319976814942,5
-0.5898386851630116,3
-0.7325681719286524,0
-0.6657522065173231,3
-0.7806716818240357,0
-0.7831381581909959,0
-0.7791813570568626,0
-0.778633617867571,0
-0.7799939511333694,0
-0.7795410314189649,0
-0.7821514082380082,0
-0.7816338581546411,0
-0.7858122465388028,0
-0.7812417536314701,0
-0.7813691027145986,0
-0.7807954365098195,0
-0.7811935730505156,0
-0.7807519602879396,0
-0.7793804345204807,0
-0.7809080402953396,0
-0.7770735433833669,0
-0.7797994990643566,0
-0.7794396163241413,0
-0.7775729831765855,0
-0.8460601126454494,0
-0.6716590272065951,3
-0.7798130897775255,0
-0.6714525351209865,3
-0.7559288756853243,0
-0.8373926161279392,0
-0.8369191683973977,0
-0.8365193385104948,0
-0.8377348979802657,0
-0.8376600394365925,0
-0.8386009000287894,0
-0.8363468515575385,0
-0.8376511470176913,0
-0.8380678396163821,0
-0.838944244123296,0
-0.8365851144603392,0
-0.838916405238882,0
-0.8374893272953228,0
-0.8388602738519906,0
-0.8361141231278507,0
-0.8375620037983249,0
-0.8394244800561992,0
-0.8328703213781894,0
-0.8367188708431974,0
-0.5240502384652805,3
-0.7385877202192476,0
-0.8315982905865894,0
-0.7507124425473396,0
-0.8748980950253599,0
-0.9101065134499644,0
-0.913762654974303,0
-0.9178059756615315,0
-0.91376757179718,0
-0.911350152253225,0
-0.9131244781608612,0
-0.9138991971705056,0
-0.916304737510678,0
-0.915017577488172,0
-0.911680780966123,0
-0.9123043517325627,0
-0.91237097467686,0
-0.9100778191201732,0
-0.911767135263833,0
-0.9105489468843436,0
-0.9109175057446588,0
-0.9129479988518748,0
-0.9114274507280457,0
-0.9124928119064776,0
-0.5257005087048001,3
-0.2716845669697907,5
-0.4580186887203323,3
-0.3021287900364816,5
-0.3151016828687876,5
-0.5095498904440989,3
-0.5108187641352254,3
-0.5098806303849645,3
-0.5085712348081325,3
-0.5145578840388663,3
-0.5172703058083592,3
-0.5129392542640584,3
-0.5147999967053923,3
-0.5178527529685574,3
-0.5104717534002478,3
-0.514627773797307,3
-0.5135270802848628,3
-0.5128875874048028,3
-0.5094425426820405,3
-0.5104267490260717,3
-0.5122230388338254,3
-0.5152583443175793,3
-0.5182505825294806,3
-0.5118085132121934,3
0.5198038337920545,2
-0.2428628041771907,5
-0.4435411266989955,3
-0.2502157797926612,5
-0.2869759555295221,5
-0.4895523682003315,3
-0.4899414561319719,3
-0.4896506192725102,3
-0.4913943923887499,3
-0.4949291217553559,3
-0.4901156728406871,3
-0.4896980686016781,3
-0.4861656306532897,3
-0.4871874108118157,3
-0.4955644675671157,3
-0.4906326216085582,3
-0.4898891172352079,3
-0.4891873239049117,3
-0.4910250211950256,3
-0.4912793896843794,3
-0.4932935577343112,3
-0.4942806605540871,3
-0.4912860711594849,3
-0.4927283939962662,3
-0.5847965821858138,3
-0.7282899079885563,0
-0.7190079962751889,0
-0.7002216612092406,0
-0.6739842730623652,3
-0.6539582013487392,3
-1.0312039439033431,0
-1.0318960114242874,0
-1.0317180606395464,0
-1.0307448547079625,0
-1.0333392192403572,0
-0.2869542902669377,5
-0.3824093285330932,5
-0.3733232011931564,5
-0.3721558456516175,5
-0.3675231705346816,5
-0.3698076462376242,5
-0.3577710160546891,5
-0.366779300205116,5
-0.7182184031415849,0
-0.7496073152935443,0
-0.7460592561405667,0
-0.747885678224435,0
-0.7457600379231917,0
-0.7080276026568,0
-0.7321969310950526,0
-0.706519945576264,0
-0.731843756882667,0
-0.7228377202399918,0
-0.7635145368467585,0
-0.777220191085493,0
-0.7785978143147543,0
-0.777350719498398,0
-0.7742687711463954,0
-0.6253080402169602,3
-0.6513125721190697,3
-0.5626934258138491,3
-0.6630466694226335,3
-0.6597949999708952,3
-0.5571976134027811,3
-0.6401799876815015,3
-0.6061613760267108,3
-0.6146311712226625,3
-0.6105989915609493,3
-0.5169906998059917,3
-0.5584648378066528,3
-0.59637701579283,3
-0.5842326110524911,3
-0.5522916447516445,3
0.4579093539002981,2
0.1183776862908583,2
0.6043966458408876,4
0.0595933929665568,2
-0.0867138232981152,5
-0.0998720360054755,5
-0.0952115244891397,5
-0.0983920165716243,5
-0.0796487605482342,5
0.5018011645133156,2
0.5352865237954407,4
-0.1051344961580527,5
-0.0989464033675998,5
-0.0837992282397263,5
-0.6822205156078707,3
-0.7187365663187416,0
-0.7279260509708678,0
-0.7110527245542031,0
-0.6989527550181056,3
-0.5512443191063138,3
-0.3569023300801005,5
-0.3633119359903928,5
-0.34861016896832,5
-0.3718999339466032,5
-0.3554201732692588,5
0.0201079436158377,2
-0.4375198978312516,3
0.0435856320497692,2
-0.4266975315081223,3
0.0374463149620104,2
-0.42556842481188,3
-0.000958663697597,2
-0.4493510508280007,3
0.0238550346315297,2
-0.4409896280135018,3
-0.3238267339185736,5
-0.3156989350135411,5
-0.3156843547218221,5
-0.3215819635330555,5
-0.3301190675444466,5
-0.1128245017420961,5
-0.4721133539103279,3
-0.4664949742568663,3
-0.4658631801278359,3
-0.4588777581774747,3
-0.4658391414103911,3
-0.3160917793224125,5
-0.3186895084314922,5
-0.3239728629184459,5
-0.3173025577759508,5
-0.3069839416707716,5
-0.039449192042853,2
-0.4653682663314924,3
-0.4617954278809352,3
-0.4539425554558141,3
-0.4597689877605956,3
-0.4537842714191178,3
-0.5881962481264322,3
-0.5980430634276286,3
-0.606068402922056,3
-0.6050615408490664,3
-0.5881952220607229,3
-0.6024723658485346,3
-0.6013847991574891,3
-0.5943102549357008,3
-0.7948463422865261,0
-0.7945116844111624,0
-0.8012485948047056,0
-0.804351258237148,0
-0.8007618208729783,0
-0.8642149793076086,0
-0.8552513955557102,0
-0.8489615336264408,0
-0.8436757154933681,0
-0.8532729051382906,0
0.3264296993721907,2
-0.1360416777959566,5
-0.123168875556512,5
-0.1167005957463378,5
-0.1075233237065247,5
-0.0928725368153146,5
0.4001841973108393,2
-0.1115356944094402,5
-0.097348222732099,5
-0.0948584440654931,5
-0.0815570583885145,5
-0.0800283901314546,5
-0.5582224121467659,3
-0.7239848743046937,0
-0.7232583157573116,0
-0.7202472456052537,0
-0.7246472306406431,0
-0.7205373700415734,0
-0.5753635151722997,3
-0.742073423820933,0
-0.7306881071326591,0
-0.7394499073853257,0
-0.7348366288489022,0
-0.73992571466869,0
-0.0932721454327414,5
-0.4223496963860235,3
-0.4142754731059235,5
-0.4168695529143804,3
-0.4081273484258009,5
-0.4042194031035345,5
-0.0903801860292351,5
-0.4254969423709133,3
-0.4052305306410012,5
-0.4004550783379701,5
-0.4056380904207211,5
-0.4111229137646414,5
-0.5239224634599939,3
-0.5829321617088047,3
-0.5760928692955393,3
-0.5748913708059834,3
-0.5707324023141191,3
-0.5606950910166975,3
-0.491959707544491,3
-0.5696488710382831,3
-0.5597390911367401,3
-0.5567660833568222,3
-0.5565761089017633,3
-0.5547785030961085,3
0.0340484286261443,2
-0.3981135545351483,5
-0.392905918614192,5
-0.3919143163886417,5
-0.3853662061297713,5
-0.3824915464148046,5
0.0385393443191139,2
-0.3980309366043713,5
-0.3852754819141842,5
-0.3880810173107725,5
-0.3877919159557429,5
-0.380402220006536,5
0.4332834036935611,2
-0.124371221183244,5
-0.0984390007087544,5
-0.1085742378357971,5
-0.0855875712023133,5
-0.0923123840120228,5
-0.0138677820772876,2
-0.1276065649851718,5
-0.1150286591891693,5
-0.0991153521492719,5
-0.0970691293669167,5
-0.0279840745016486,2
-0.0970619696871211,5
-0.1024783893710277,5
-0.0914024043626979,5
-0.0849357312190387,5
-0.6051522963879061,3
-0.5880749373952832,3
-0.6027841569586222,3
-0.601389728274627,3
-0.5772596764045811,3
-0.5644884536574095,3
-0.5785499449046608,3
-0.5685652247355879,3
-0.5650189776413352,3
-0.593699698662432,3
-0.5664224424883402,3
-0.5931132696774442,3
-0.577051028003343,3
-0.590421000800289,3
-0.5582220920213172,3
-0.5678976232035055,3
-0.5711828078967045,3
-0.5618599626997204,3
-0.5876901677043808,3
-0.5935446921114425,3
-0.1196375832835718,5
-0.1591734158082394,5
-0.0997289968778166,5
-0.1683527501848939,5
-0.1392364216104245,5
-0.093168016212238,5
-0.1026973559467518,5
-0.1152614318524857,5
-0.0986602082931226,5
-0.1820210649825543,5
-0.1267198486697641,5
-0.174891133584737,5
-0.1342031892602467,5
-0.1437841920882835,5
-0.1081711331331361,5
-0.0947455657370634,5
-0.109529163810827,5
-0.1028903265726449,5
-0.1792307110728218,5
-0.1966362077570002,5
-0.5450984647721145,3
-0.5842393986675034,3
-0.6258789868779309,3
-0.6312086626789838,3
-0.6414459611352659,3
-0.6428703450198786,3
-0.6432360236764436,3
-0.6515996626732733,3
-0.6583495032023005,3
-0.6632876192428927,3
-0.6659856268969399,3
-0.6538493354576492,3
-0.6756003631495966,3
-0.6752283677958637,3
-0.6874901416746624,3
-0.6809246798606661,3
-0.692663881207309,3
-0.6874506506450182,3
-0.6944839376085575,3
-0.6880788608646117,3
-0.3905189060339404,5
-0.340261159948649,5
-0.355105828323941,5
-0.3661248363178405,5
-0.3432094571579355,5
-0.3370211939105821,5
-0.4211917608979459,3
-0.4082008085949162,5
-0.3963569827508902,5
-0.3827989475538003,5
-0.3988831736179128,5
-0.4005367380729322,5
-0.3962467293628062,5
-0.3942666536102189,5
-0.3960116568467677,5
-0.3800662484665124,5
-0.4180477757669164,3
-0.4107358065305247,5
-0.4467953483829056,3
-0.4290601881196425,3
-0.4033384952038835,5
-0.401525826779985,5
-0.4142248735356455,5
-0.399940746015068,5
-0.4036512559442847,5
-0.4325250529272182,3
-0.408881978155001,5
-0.4170013715802541,3
-0.4103914746133461,5
-0.3994478754507101,5
-0.4047792540260053,5
-0.4082242158078624,5
-0.4020668454001145,5
-0.3978428565361191,5
-0.4099548760122022,5
-0.4470209314430661,3
-0.4111815992472196,5
-0.4248724801428121,3
-0.4072659551273841,5
-0.426343185595053,3
-0.4131797491664686,5
-0.4022091172746618,5
-0.4079534464017815,5
-0.3909527969915777,5
-0.4033687741764249,5
-0.4317264662289687,3
-0.559459842366451,3
-0.6371400942941092,3
-0.6092317707308759,3
-0.5948802746862912,3
-0.5849659665953246,3
-0.5852207754949935,3
-0.5982141062424571,3
-0.5773802978217506,3
-0.5890583494734257,3
-0.5780300999573776,3
-0.5835103237915154,3
-0.5717199797430598,3
-0.5861538981238194,3
-0.5695630443438356,3
-0.5899169019524179,3
-0.5933755559254709,3
-0.5871210437205919,3
-0.5828456648737798,3
-0.5867817035733354,3
-0.5801772494436603,3
-0.5657807099763464,3
-0.6098740221821851,3
-0.6212670029633554,3
-0.6089218492584453,3
-0.609968612142891,3
-0.6126690770163528,3
-0.6204100221551108,3
-0.6114668234737921,3
-0.6115431033453265,3
-0.6023264416422813,3
-0.6137233010226923,3
-0.6090925696108846,3
-0.6160426859637166,3
-0.608607410467784,3
-0.6249482511145598,3
-0.6199438238247106,3
-0.6165033366636536,3
-0.6151550750788817,3
-0.6083695909439112,3
-0.607459713719182,3
1.0289880306178998,4
-0.1280436559149191,5
-0.1632579884280445,5
-0.5693888375389202,3
-0.6078102156332407,3
-0.6055844793327746,3
-0.6018157834527692,3
-0.5964260407884813,3
-0.5983806880212186,3
-0.6079273098175545,3
-0.5979067328502274,3
-0.6009395113563242,3
-0.5991146485219516,3
-0.5622263801792432,3
-0.5687501913855967,3
-0.5739601994014902,3
-0.5651847381098782,3
-0.5580180607126248,3
-0.5602827000716359,3
-0.5703268090714637,3
-0.5604018817724823,3
-0.5671181142961759,3
-0.5654883969734096,3
-0.1790720326115346,5
-0.2105547105635556,5
-0.1514295896085993,5
-0.1867429475048337,5
-0.1556102083327774,5
-0.1464136058367393,5
-0.1560820049919358,5
-0.1397155509383229,5
-0.1218088600290792,5
-0.196922334605528,5
-0.6203953370029324,3
-0.5908107784482425,3
-0.555604002835839,3
-0.5906378119622102,3
-0.5968228709346834,3
-0.5534929124626607,3
-0.5662343332665084,3
-0.5670100423759427,3
-0.5814645572660201,3
-0.5922277419566788,3
-0.1090551301554993,5
-0.354970591829333,5
-0.3282957226814403,5
-0.0934778135525918,5
-0.3685988093747125,5
-0.4184663815513094,3
-0.4202610316492786,3
-0.4294036266350211,3
-0.4173304635274537,3
-0.4188555557362057,3
-0.417873879934655,3
-0.4153874180507079,5
-0.4635528393798453,3
-0.4293038520498277,3
-0.4170238128850383,3
-0.4169852713699857,3
-0.4130759269918938,5
-0.4205337122026191,3
-0.4137262426923289,5
-0.4134228291124407,5
-0.4115467901548206,5
-0.4036847760593759,5
-0.4136627865662214,5
-0.4049997292255575,5
-0.4181948039513794,3
-0.4165551209884803,3
-0.4126159320755624,5
-0.4054412344294957,5
-0.4079097972660477,5
-0.4099039094393298,5
-0.4076002172485664,5
-0.4173213376375291,3
-0.4162962541904728,3
-0.4049896281634207,5
-0.4087705031077139,5
-0.4149930042908021,5
-0.4114976733433245,5
-0.4123455036084603,5
-0.4137660943055912,5
-0.4105315506919659,5
-0.4130372888841895,5
-0.412589335654541,5
-0.4063064700622831,5
-0.4178830683630173,3
-0.4057361758698394,5
-0.4091374142575634,5
-0.4136604295323207,5
-0.4087847018029115,5
-0.4145175942361505,5
-0.4080048681011453,5
-0.4106012623892815,5
-0.4083295112649335,5
-0.409064997356504,5
-0.4079882002556662,5
-0.268142082831422,5
-0.5398683071010337,3
-0.5886346451105298,3
-0.5818976493427768,3
-0.5892037072670664,3
-0.5870522372674023,3
-0.5928753271344974,3
-0.5854791676044478,3
-0.588595735693695,3
-0.5777283062849865,3
-0.5770012430141898,3
-0.5856518768333452,3
-0.5797514061477708,3
-0.5905351875728886,3
-0.5788445731679926,3
-0.5848129185501542,3
-0.5805761617785752,3
-0.5829180484975608,3
-0.5753160957996082,3
-0.5693262501738697,3
-0.5745566166665059,3
-0.5805081833533837,3
-0.5764324417850042,3
-0.5768772506999315,3
-0.5701619467560769,3
-0.5653336506120618,3
-0.5759864366839923,3
-0.5742796623848448,3
-0.5795392788760493,3
-0.5743780816123765,3
-0.5711525047844037,3
-0.5691174441363859,3
-0.5710278054381299,3
-0.5799226385559355,3
-0.5815643042782433,3
-0.5653527709635902,3
-0.572962599006883,3
-0.5764677708237501,3
-0.5708183983215568,3
-0.5710261228730372,3
-0.5672955146990556,3
-0.5749576543620241,3
-0.5710641935289934,3
-0.5768143512575971,3
-0.5757156806186324,3
-0.5672205216737929,3
-0.5798958476513985,3
-0.5799077272198211,3
-0.5741483510124858,3
-0.6102668538718412,3
-0.6035868521839443,3
-0.5816372921237124,3
-0.58453791212492,3
-0.5781008335372445,3
-0.576382673946098,3
-0.5773754939294057,3
-0.5720673981984805,3
-0.5791378260513879,3
-0.5780792204019561,3
-0.5824084588428979,3
-0.5786261203928659,3
-0.5804103506729307,3
-0.5876577990331535,3
-0.5735497044361872,3
-0.573845230976451,3
-0.5785174823102486,3
-0.5757480589521382,3
-0.5733193751619944,3
-0.5718935371927192,3
-0.5730049590537337,3
-0.5737402170137436,3
-0.5719850907313174,3
-0.5646458992455436,3
-0.5699185336164444,3
-0.5818125612538445,3
-0.5721280020144581,3
-0.5792973002633087,3
-0.5719948520672685,3
-0.5687329688557529,3
-0.5783416585221859,3
-0.5775517271614394,3
-0.5761922503165808,3
-0.5788968699039349,3
-0.5758573659430292,3
-0.5807695141694119,3
-0.5775217879139509,3
-0.5659872840125718,3
-0.5688880566570739,3
-0.5688839426666659,3
-0.5731600101316948,3
-0.5807934501432672,3
-0.5742307640386085,3
-0.5851711478718069,3
-0.5786176428097466,3
-0.5778652820451582,3
-0.5811656548687787,3
-0.5720724699439284,3
-0.5790120050380033,3
-0.5731654063120246,3
-0.5785917998770479,3
-0.5706727498147406,3
-0.5763203434807294,3
-0.5507261173461899,3
-0.5463918464138198,3
-0.5707557099334178,3
-0.5729306890992992,3
-0.5777410703825734,3
-0.5707778767473325,3
-0.575600386735341,3
-0.5726283920775974,3
-0.5769110726743027,3
-0.5722716164977021,3
-0.5739243290995149,3
-0.5702689889934257,3
-0.5738026069695242,3
-0.571610415240623,3
-0.5777080513688895,3
-0.5786759916398895,3
-0.5748951974854063,3
-0.5706130967527487,3
-0.5754599067293765,3
-0.5792681139913882,3
-0.5740323088070064,3
-0.5685901771598628,3
-0.5755334210171634,3
-0.5747146659472774,3
-0.573795755308741,3
-0.5756938797526243,3
-0.5719538505188151,3
-0.5728218353282203,3
-0.5694509796809901,3
-0.5741204104738893,3
-0.580320255866214,3
-0.5681245315372191,3
-0.5821487127258006,3
-0.5878056896972289,3
-0.5751690472178674,3
-0.5810924493450184,3
-0.5700904283847462,3
-0.5776111739241462,3
-0.5765943645685097,3
-0.559905990208554,3
-0.5780206291664517,3
-0.5727176950132267,3
-0.5758496937869365,3
-0.5802980339381358,3
-0.5762798910266225,3
-0.5702898837680878,3
-0.5698933312672215,3
-0.5759377676324533,3
-0.5821558135725934,3
-0.5760391358944535,3
-0.5811657667751596,3
-0.5779044087898048,3
-0.5757715830735343,3
-0.571749310144694,3
-0.5784338267906576,3
-0.5769408649106488,3
-0.5748272493347044,3
-0.5720405763968306,3
-0.5724879785206433,3
-0.5746858944359304,3
-0.5695401867443336,3
-0.5730163853843304,3
-0.5699479653900376,3
-0.5785129953144411,3
-0.5671610383077378,3
-0.5780391781954596,3
-0.5749640923315612,3
-0.5757771203373853,3
-0.5712525327615335,3
-0.5678580547244597,3
-0.5736683707530569,3
-0.5796555138551792,3
-0.5797846105587052,3
-0.5724693512109459,3
-0.5757183464026823,3
-0.5780155841242752,3
-0.5817602216333064,3
-0.574979444358645,3
-0.5720485723938529,3
-0.5705721996953352,3
-0.5826199732392078,3
-0.5810606574828245,3
-0.5765086669788776,3
-0.5801286497281841,3
-0.5822592692157088,3
-0.5694408411376728,3
-0.5752798375595475,3
-0.5857349146098513,3
-0.5721149992731257,3
-0.5752075768936613,3
-0.5726899296687611,3
-0.5786355218149087,3
-0.5800330494689759,3
-0.5774561599761446,3
-0.5791448605890848,3
-0.5866845755721982,3
-0.5765727659279328,3
-0.5630612594439917,3
-0.5709625587654913,3
-0.5821655789985805,3
-0.5747234031423466,3
-0.5715828825182352,3
-0.5765525143484177,3
-0.4668793297900055,3
-0.4279093211020613,3
-0.371403399177813,5
-0.3141075077499577,5
-0.2824469507629113,5
-0.2394669751413705,5
-0.1970787592924335,5
-0.1687501281943824,5
-0.2658386758215136,5
-0.4329542490171121,3
-0.4809953596713302,3
-0.4903674411811682,3
-0.4917969090097286,3
-0.4932105798653584,3
-0.487694271005889,3
-0.4881685161509949,3
-0.4885007195620772,3
-0.496741909208088,3
-0.4857891368855566,3
-0.4844218672566996,3
-0.4832667661938585,3
-0.4811330010140724,3
-0.4816156202925302,3
-0.4865697921766391,3
-0.486806971035975,3
-0.488030535442696,3
-0.4901802399197215,3
-0.4823794050307156,3
-0.4895814224415958,3
-0.4920843075348977,3
-0.4886791159234494,3
-0.4865386964011952,3
-0.484681666089773,3
-0.486250661732474,3
-0.4857721146601503,3
-0.4835311738889947,3
-0.4897624334463563,3
-0.4881766659332023,3
-0.4887184295767809,3
-0.4784557832494865,3
-0.4885575762385814,3
-0.4838923442052016,3
-0.4881687806837176,3
-0.4914757628101935,3
-0.4832760356855465,3
-0.4788501796709888,3
-0.4933836015827576,3
-0.4825475517565331,3
-0.485259204655232,3
-0.4926945151538597,3
-0.4872013536287213,3
-0.4859203231967715,3
-0.4895908875989188,3
-0.4798507600162096,3
-0.4868000691237019,3
-0.4818675407608523,3
-0.4755408225147272,3
-0.4866309848267518,3
-0.4904173771986688,3
-0.5723190335608992,3
-0.5852719834983536,3
-0.5442986589816092,3
-0.5923560955175814,3
-0.5785765211185216,3
-0.5522514247769441,3
-0.5653978100170468,3
-0.5597317008515393,3
-0.5515627450137924,3
-0.5789814768839847,3
-0.5636545426877627,3
-0.5812142539172055,3
-0.572194706957766,3
-0.575755869936575,3
-0.5514153877951152,3
-0.5380648628619011,3
-0.5576726050132917,3
-0.5523061499204196,3
-0.5841971918014045,3
-0.592423771192506,3
-0.2209926824421897,5
-0.2059867661237629,5
-0.1559560429424105,5
-0.2194535664715851,5
-0.2042534221853144,5
-0.1489687972828621,5
-0.1606067474047748,5
-0.1622337436650484,5
-0.1448209822307239,5
-0.2073621958780899,5
-0.6187067048965365,3
-0.6005313244577083,3
-0.5515284145571788,3
-0.6003401149758091,3
-0.5822652150789912,3
-0.5588204224224502,3
-0.5675259768100441,3
-0.5724893238656279,3
-0.5641984796643675,3
-0.5925296123479804,3
-0.6541735413016939,3
-0.5683935210052196,3
-0.5208246017628095,3
-0.4931368068232512,3
-0.4542139097780586,3
-0.4200127787709975,3
-0.3719734415856977,5
-0.3683058403054619,5
-0.3238999390420222,5
-0.4036018952226615,5
-0.5762615864147881,3
-0.5797828597339623,3
-0.5809524820469293,3
-0.5822078473464118,3
-0.5795596854709526,3
-0.5851824384327825,3
-0.5851748183447967,3
-0.5849639093303177,3
-0.580510096810167,3
-0.5805175926385605,3
-0.5727948222756418,3
-0.5717238486993685,3
-0.570006050342299,3
-0.5749480244192124,3
-0.5776335798996489,3
-0.5743299346330727,3
-0.5794707251807433,3
-0.5772090396892405,3
-0.5738282991496411,3
-0.5770776516988886,3
-0.5834282432849157,3
-0.5694394047403022,3
-0.5782682263643435,3
-0.5795368339760183,3
-0.5777992613096602,3
-0.5719974534881939,3
-0.5724224290776687,3
-0.5825486536882385,3
-0.5744934025915472,3
-0.5734216482512041,3
-0.5806709597683203,3
-0.5760509982219777,3
-0.5896178954131012,3
-0.5834724414074052,3
-0.5868131455043311,3
-0.58624655799673,3
-0.5915717311484673,3
-0.5907565598387249,3
-0.5892830831458364,3
-0.5951110863054714,3
-0.5844480198381974,3
-0.5888904042850892,3
-0.5867852919898916,3
-0.5932578959667628,3
-0.5968345200909208,3
-0.590807207585637,3
-0.5877523963594505,3
-0.5982409940624006,3
-0.5970917396503881,3
-0.5961178492953152,3
-0.5662539775898902,3
-0.5914278325478081,3
-0.584108291569842,3
-0.5929388807367635,3
-0.5956191426420573,3
-0.5946007627657935,3
-0.5961949184148377,3
-0.594724022314858,3
-0.5980097082860247,3
-0.5982611699374007,3
-0.5991709347704214,3
-0.6006026894961978,3
-0.6011411870669344,3
-0.5951691564113852,3
-0.6042405979138283,3
-0.5935894323663516,3
-0.5965057188670202,3
-0.6040121719381749,3
-0.6013821451499556,3
-0.6036211532846454,3
-0.596050454547227,3
-0.5982408349291913,3
-0.5947196201599118,3
-0.5954871713755077,3
-0.603827299693271,3
-0.5952241423510631,3
-0.5972581495637221,3
-0.5960104902672817,3
-0.603573140583992,3
-0.5868311552173286,3
-0.6006085244576995,3
-0.599725450434392,3
-0.6013611667462107,3
-0.6035659454454033,3
-0.6010227253403855,3
-0.60686335346108,3
-0.5975045012217824,3
-0.6033729746748088,3
-0.6059331230471457,3
-0.5941100544437007,3
-0.6057375454962315,3
-0.6069371705848101,3
-0.5978213971259404,3
-0.602544495391902,3
-0.6001848858887362,3
-0.604597182937975,3
-0.6000398875022541,3
-0.6002819077884244,3
-0.6039565050480938,3
-0.6040451009078379,3
-0.8500843950438277,0
-0.8192190065659682,0
-0.7762090530599853,0
-0.7410207457032995,0
-0.7120412773350827,0
-0.6786657252108581,3
-0.654935918349862,3
-0.6274959594703262,3
-0.598882469131259,3
-0.5465519568945435,3
-0.4886359396176534,3
-0.4752218776616204,3
-0.4864503302247851,3
-0.4621533609497899,3
-0.4704656834910852,3
-0.4721330267658629,3
-0.4509515199215054,3
-0.4643721714376028,3
-0.4790368904389319,3
-0.4741353869957255,3
-0.4801958546363692,3
-0.4718244331136338,3
-0.4688705791949957,3
-0.4778285923852047,3
-0.4681689318313121,3
-0.4663917339789907,3
-0.4689789487240002,3
-0.4758771295716801,3
-0.4941622945547922,3
-0.7265258422032008,0
-0.6785177538438806,3
-0.6371960493442276,3
-0.597536604868285,3
-0.57054872171717,3
-0.5538258749600303,3
-0.5270591423298201,3
-0.5090415758240374,3
-0.4860085489726136,3
-0.5596438136423018,3
-0.5089990591253317,3
-0.5035623285623726,3
-0.5078107037858626,3
-0.5109724171578898,3
-0.5087280217082173,3
-0.5060806279954315,3
-0.5090562408812109,3
-0.5144066744808948,3
-0.503691100670053,3
-0.5063107020885502,3
-0.4983796584840927,3
-0.5018095654739503,3
-0.5057581851379199,3
-0.5030076602514382,3
-0.5100920297051832,3
-0.5051276302073713,3
-0.5075260486961152,3
-0.5127935089412067,3
-0.5073489623967421,3
-0.5062753835906351,3
-0.5107492966468693,3
-0.5054746468605179,3
-0.5009984457610748,3
-0.5107052212361674,3
-0.5102756243374496,3
-0.506253697104553,3
-0.5096467970906885,3
-0.5045062848467153,3
-0.5070732060575035,3
-0.5177212900268418,3
-0.5059217202283448,3
-0.5097338287223481,3
-0.5124304375022726,3
-0.5145550103482363,3
-0.5074434730156503,3
-0.5142160935284071,3
-0.5094497093145255,3
-0.5067575591520072,3
-0.5137784270823841,3
-0.514460923517877,3
-0.504354056761983,3
-0.5117783845004097,3
-0.5106527592341462,3
-0.509587655976147,3
-0.5123989887480741,3
-0.5094236671037464,3
-0.5140141532111596,3
-0.5134204734546675,3
-0.5188614557660486,3
-0.5149949655693541,3
-0.5114274686948461,3
-0.5161905786866726,3
-0.5112038984012417,3
-0.518154172880268,3
-0.5637881818629396,3
-0.5906589927281294,3
-0.593250372770635,3
-0.5880956387736913,3
-0.5791913320245785,3
-0.5826963664887689,3
-0.5933674253412291,3
-0.5850795102668017,3
-0.583382517214907,3
-0.580077377029342,3
-0.5843690312954902,3
-0.5788892352347796,3
-0.5804343579382457,3
-0.568644162914106,3
-0.5950338041365123,3
-0.587823618985858,3
-0.5874850937036763,3
-0.5799885788245372,3
-0.580794862608727,3
-0.5834743125661027,3
-0.6001092718776254,3
-0.5898429037513748,3
-0.5925704691371603,3
-0.5957698367310575,3
-0.5811747371336671,3
-0.5820928396573405,3
-0.5871580883709722,3
-0.5882836499566522,3
-0.5915992467551386,3
-0.5813985973216501,3
-0.5527145246996675,3
-0.5602117095207075,3
-0.563940066284635,3
-0.5583283359311318,3
-0.5530755606943278,3
-0.5524221864061538,3
-0.5617843251635641,3
-0.549129266239461,3
-0.5495145151930303,3
-0.5385859172277067,3
-0.8579680626261721,0
-0.8157627706609499,0
-0.7728335741012893,0
-0.7348311428422276,0
-0.7133522144466521,0
-0.6863241263861988,3
-0.6522287586557376,3
-0.6281986784489839,3
-0.6060668793607119,3
-0.5921947945622655,3
-0.7618693725711068,0
-0.947465973772465,0
-0.6654192023687973,3
-0.8995037065465181,0
-0.761100504076411,0
-0.7445721278887205,0
-0.8670357391834412,0
-0.8059919978078517,0
-0.7693814755473137,0
-0.7276676543975972,0
-0.8553067791716904,0
-0.7628834616806649,0
-0.5920276613592593,3
-0.7231350366921181,0
-0.9256197174823864,0
-0.5663441638476775,3
-0.8633311643268928,0
-0.5843046796974921,3
-0.8594024761971204,0
-0.6372762215585536,3
-0.6071255927262241,3
-0.7987616505484446,0
-0.6682491630976255,3
-0.455223595180357,3
-0.6595091042706175,3
-0.9151408095912612,0
-0.6063401424393069,3
-0.4681143442948134,3
-0.6638352588519509,3
-0.9078318134437602,0
-0.4873179037107938,3
-0.848719490395988,0
-0.6241871205837002,3
-0.5998578324790215,3
-0.7982252592859436,0
-0.775881461487225,0
-0.7235454185932431,0
-0.6897538831557416,3
-0.6512473852606012,3
-0.6293117147441095,3
-0.6121244813551606,3
-0.5922569054560751,3
-0.5823245337918942,3
-0.5642856044733112,3
-0.8110543582842704,0
-0.4584572653804439,3
-0.6537221711029167,3
-0.5813835421994016,3
-0.435730256217217,3
-0.7501605939917078,0
-0.70220664031797,0
-0.5052394283509539,3
-0.5098523332930585,3
-0.7457816174565342,0
-0.6950971486798171,3
-0.4983763209242726,3
-0.5168640086689309,3
-0.8038778886776049,0
-0.4445352636961037,3
-0.6428507337453504,3
-0.5763470043904262,3
-0.4312933120889506,3
-0.7467411923335627,0
-0.6951829052621965,3
-0.5059116350908426,3
-0.5094878713501125,3
-0.7997884433222485,0
-0.4459938304205824,3
-0.6557211119806113,3
-0.5705143981556465,3
-0.4335796960459845,3
-0.616459225168475,3
-0.4893017627435969,3
-0.4084508810655329,5
-0.3288366321862929,5
-0.2867913616574031,5
-0.2324808388608183,5
-0.1850914995753249,5
-0.1549851809797073,5
-0.1117497029728677,5
-0.2716528224167043,5
-0.2113784193767294,5
-0.1643308665112164,5
-0.1278684067825172,5
-0.6140289349830309,3
-0.4829651191926045,3
-0.4111533667541022,5
-0.3256450684596115,5
-0.2832926479070102,5
-0.1529244454360283,5
-0.4956071010178161,3
-0.5264559276506182,3
-0.5218177830935982,3
-0.5391478246162862,3
-0.5555998355037464,3
-0.5506282641894189,3
-0.5666282214680507,3
-0.5612173295072609,3
-0.5561317409711758,3
-0.5489092346709739,3
-0.557211629306384,3
-0.5655354533742709,3
-0.5572363545376718,3
-0.5566965681132496,3
-0.5581925232242896,3
-0.5573494117258099,3
-0.5565199538297392,3
-0.5551992334813762,3
-0.5566047181325412,3
-0.5520942100892311,3
-0.5497562991041781,3
-0.5490926933495254,3
-0.5560822468245012,3
-0.5501842021447724,3
-0.5507705410150276,3
-0.5542471095168271,3
-0.5519995910470242,3
-0.5510542692433996,3
-0.5505786976036958,3
-0.5501608483237527,3
-0.5547738462465426,3
-0.5523991481346078,3
-0.5533233131634828,3
-0.547387734938733,3
-0.5554139753768118,3
-0.5502527087178398,3
-0.5493599970970166,3
-0.5437318709647776,3
-0.5489984011482162,3
-0.550823295539293,3
-0.5534087818303004,3
-0.5536451015068408,3
-0.5488029545580937,3
-0.5452733842634117,3
-0.5507997767043948,3
-0.5467532336182239,3
-0.5523562891494481,3
-0.5510028573306247,3
-0.5484384739648281,3
-0.5530877137747182,3
-0.5491480231692546,3
-0.5452332162583957,3
-0.538897462255449,3
-0.5543409966945594,3
-0.5420485807472731,3
-0.5428143060700417,3
-0.5482988876257225,3
-0.5439189958263466,3
-0.5505570222499244,3
-0.5461229130818808,3
-0.5436573109278042,3
-0.5441515474539095,3
-0.5522962464376228,3
-0.5481344227858675,3
-0.5551911421080102,3
-0.5424767265054007,3
-0.5526763097087403,3
-0.556545933895401,3
-0.5416355654379986,3
-0.5466837524867787,3
-0.552273459801578,3
-0.5474314217722723,3
-0.5347331450528862,3
-0.5463961348277357,3
-0.5531716005671329,3
-0.5498362087167974,3
-0.5396428615684422,3
-0.5513503184566725,3
-0.5453295844862811,3
-0.5471790682084381,3
-0.5447964808506391,3
-0.5412948623039193,3
-0.5450002061239099,3
-0.5450584929209767,3
-0.5450768907936974,3
-0.5492765782141033,3
-0.5438067028222089,3
-0.5486144330373779,3
-0.5429534487904624,3
-0.5377604040828776,3
-0.5465092468355697,3
-0.5415296826795591,3
-0.5431182743237812,3
-0.5480107973717115,3
-0.5472694359663731,3
-0.5390382960991975,3
-0.5454739871206501,3
-0.5475859725105764,3
-0.5393578191139798,3
-0.5547279355109229,3
-0.5364135910411305,3
-0.553601269552237,3
-0.5373874355495798,3
-0.5496905538955127,3
-0.4412730015698576,3
-0.8233466974976341,0
-0.5112850519857968,3
-0.8478353794611343,0
-0.4979889456877568,3
-0.8423512358988121,0
-0.4918092321552705,3
-0.8468141202585746,0
-0.491877214082505,3
-0.8384679035891707,0
-0.4891491713777174,3
-0.8371755870947943,0
-0.4840182808435233,3
-0.8371095297696141,0
-0.4714315857759745,3
-0.8375005736664209,0
-0.4739258806573286,3
-0.8379440707421965,0
-0.4707032188030896,3
-0.8301006118557217,0
-0.4668420473022661,3
-0.8284607531605166,0
-0.4676190728960041,3
-0.8312071996122807,0
-0.4687110334858604,3
-0.8339438195409268,0
-0.4731562824440439,3
-0.8325207572943146,0
-0.4757699804351885,3
-0.8326121999942458,0
-0.4923699390732657,3
-0.8343367096837058,0
-0.4835348848130538,3
-0.8380562474049025,0
-0.4840761880123204,3
-0.8350913904403292,0
-0.4833273612728719,3
-0.8328497462775266,0
-0.4791109683742478,3
-0.8358388066449098,0
-0.4784104522614553,3
-0.8304920001742172,0
-0.4757381199872488,3
-0.8336132048069329,0
-0.4763371830132527,3
-0.8349132901612727,0
-0.4705997818788571,3
-0.8304230848017592,0
-0.4682085978569756,3
-0.8361193473670738,0
-0.4688494181989105,3
-0.8273212488710882,0
-0.4684344451042419,3
-0.8261975379453417,0
-0.4611108299535118,3
-0.827601236327546,0
-0.4768568539499206,3
-0.8331652558516306,0
-0.4597199418320428,3
-0.8281873356068985,0
-0.4718619795876715,3
-0.8267746460052381,0
-0.4625665676238131,3
-0.8309346422611763,0
-0.456647221070676,3
-0.8286099883334063,0
-0.459750497901857,3
-0.8359106081364949,0
-0.4586263324701118,3
-0.8282889473296857,0
-0.4511642486512631,3
-0.8267393187637245,0
-0.4591727555595554,3
-0.8282650621694141,0
-0.4551117771332271,3
-0.8297530172997374,0
-0.4521564841135518,3
-0.8235864612916377,0
-0.4482446018749451,3
-0.8261753146157544,0
-0.4526013221565292,3
-0.8193681961931085,0
-0.4523480120643138,3
-0.8258069839785093,0
-0.4476674823617397,3
-0.8185009846697577,0
-0.4431224096789682,3
-0.8214492388822536,0
-0.4441083837047865,3
-0.827569875621417,0
-0.4450963304190815,3
-0.8229133519844486,0
-0.443956955670876,3
-0.8246692209556524,0
-0.446555724197047,3
-0.8223463818880676,0
-0.437879892498223,3
-0.8199994086576485,0
-0.4444225303583472,3
-0.8192801573579034,0
-0.8544116144268757,0
-0.5701989894011582,3
-0.724456341054746,0
-0.67517069709183,3
-0.5853878267938514,3
-0.8101040807555246,0
-0.76176997886995,0
-0.6240198944902312,3
-0.6422700966235279,3
-0.8105723254837378,0
-0.7679870362439397,0
-0.635493129398639,3
-0.6444219379500159,3
-0.8585364708249373,0
-0.5847467747937694,3
-0.7421408036189585,0
-0.6946066196108429,3
-0.5950101990603379,3
-0.85694558212949,0
-0.5921647244988916,3
-0.7470166238758794,0
-0.6894695418810399,3
-0.5951378826956372,3
-0.8123087637161632,0
-0.7830879852612764,0
-0.6426877946643658,3
-0.6632313219266247,3
-0.6696037831722005,3
-0.5518832752918763,3
-0.4674622586658771,3
-0.4269873304875865,3
-0.3859699298602663,5
-0.3469720468750185,5
-0.3174196390442103,5
-0.2745600972697011,5
-0.2302124260314005,5
-1.1037303505255938,0
-0.5839587274080392,3
-0.5739123457836441,3
-0.5820923543724569,3
-0.6040407196699656,3
-0.624563846534616,3
-0.6119104852852579,3
-0.6171668460879466,3
-0.6159099053021866,3
-0.6175109668972472,3
-0.625278009030012,3
-0.6192103333194743,3
-0.6156842620544092,3
-0.6230738795831376,3
-0.6193672144127952,3
-0.6201455325019295,3
-0.6166405402075656,3
-0.6243340438847823,3
-0.6251698639180454,3
-0.6184085456607284,3
-0.6263651481961936,3
-0.625829916816544,3
-0.6245628802278345,3
-0.6278140635102916,3
-0.6245644672373731,3
-0.6249172972340018,3
-0.6210240526563776,3
-0.6287247794634658,3
-0.6226728184571344,3
-0.62753807723401,3
-0.6280008456808752,3
-0.6280410527972775,3
-0.6263454917446363,3
-0.628485714631404,3
-0.6296104737820484,3
-0.6356037650243259,3
-0.6289161298896068,3
-0.629634236258831,3
-0.6354587479950731,3
-0.6302460473583176,3
-0.6270808002435085,3
-0.6377692907277068,3
-0.6294445098922999,3
-0.6239460085357162,3
-0.629967067729087,3
-0.6260120335220791,3
-0.6229295995789148,3
-0.6246381002628818,3
-0.632592458095788,3
-0.6301725938829323,3
-0.6282864279897511,3
-0.6248365807145158,3
-0.6311954649814826,3
-0.6420228075843796,3
-0.6323147810307456,3
-0.6255702422101542,3
-0.6335765534360214,3
-0.6292315150306783,3
-0.6312211730843399,3
-0.6299394776805931,3
-0.6372328819185389,3
-0.6348774675063904,3
-0.6304827540638444,3
-0.6325476773443638,3
-0.6360918919642555,3
-0.635025781689299,3
-0.6317902605174953,3
-0.6292540063814592,3
-0.6318190280937892,3
-0.6308651137088312,3
-0.6342576697949296,3
-0.6187738486700046,3
-0.6415778558621407,3
-0.6364477759465117,3
-0.6353511247779167,3
-0.6455043517368266,3
-0.6355077346781097,3
-0.629822398884311,3
-0.6241581133298914,3
-0.6358211996086331,3
-0.6285492654175705,3
-0.6294353483893723,3
-0.6300231154418509,3
-0.6363313129781498,3
-0.6298058225629671,3
-0.6291226749427524,3
-0.6369573760107001,3
-0.6302801475492121,3
-0.6331741662393209,3
-0.6328379919686211,3
-0.633686815902041,3
-0.6277459709181548,3
-0.6334179242724839,3
-0.6311747404664578,3
-0.6353658007027476,3
-0.6315112006817154,3
-0.6324447902694819,3
-0.6319463915402818,3
-0.6335378998845013,3
-0.6244307901478474,3
-0.631912569058032,3
-0.6296585558144024,3
-0.6340320270963328,3
-0.6281026667194015,3
-0.6314210821240979,3
-0.3760487323810085,5
-0.6008666063941713,3
-0.5989758188647213,3
-0.5958123011005283,3
-0.617390639623029,3
-0.6498007150132443,3
-0.6327444597376798,3
-0.6375250334695357,3
-0.6411830991868275,3
-0.634652133641902,3
-0.6356568007860106,3
-0.6352681541097173,3
-0.6340265869092817,3
-0.6368260819540293,3
-0.6388080251704403,3
-0.6285558686596331,3
-0.631875852657234,3
-0.640655937927738,3
-0.6350491413984483,3
-0.6348331855814091,3
-0.6324210187437425,3
-0.6326565606321559,3
-0.6343672427998427,3
-0.6375576213865366,3
-0.6353454578472644,3
-0.6330886535206084,3
-0.6372215886361352,3
-0.6316003826479719,3
-0.6318210677252023,3
-0.6318214789147497,3
-0.635522196163177,3
-0.6287388228496696,3
-0.6321066891491007,3
-0.6329252241589924,3
-0.6310188974967255,3
-0.6275728155528015,3
-0.6364251727430723,3
-0.6344526999222501,3
-0.6337184011315198,3
-0.6334975071765893,3
-0.6326219388665094,3
-0.6329425891720122,3
-0.6345208625405655,3
-0.6315578721733789,3
-0.6324472362384155,3
-0.6392372332495716,3
-0.6377785564358897,3
-0.6363196780705903,3
-0.6342802236015722,3
-0.6404267135384178,3
-0.6276390523564775,3
-0.6330446272634183,3
-0.6370809195091467,3
-0.6350062843987435,3
-0.6287363242152915,3
-0.6342732864110592,3
-0.6360157538738993,3
-0.6344951419272435,3
-0.6361622972507792,3
-0.6336392795977334,3
-0.6383099266511147,3
-0.6366174904405293,3
-0.6353409276242536,3
-0.6389925191782537,3
-0.6378217015460884,3
-0.6358750132750731,3
-0.6357235880938644,3
-0.6379759848717513,3
-0.6362525058013029,3
-0.6408673854597642,3
-0.6391170932156893,3
-0.6469621298700102,3
-0.6341301500262952,3
-0.6414575433548472,3
-0.637737600688689,3
-0.6338078190561743,3
-0.6344157642150705,3
-0.6380569541156131,3
-0.6410823458989837,3
-0.6348724866719876,3
-0.6382127968533196,3
-0.6364329376797803,3
-0.6357248392726234,3
-0.6315767610312844,3
-0.6375008097094224,3
-0.6284282194277698,3
-0.6367990016335764,3
-0.6390404391502842,3
-0.636236401162152,3
-0.6412614776499662,3
-0.637565927390343,3
-0.6336065733539721,3
-0.6370282094174248,3
-0.6247388574065507,3
-0.6330301127227294,3
-0.6348804706887878,3
-0.6344496189602713,3
-0.6352841208105027,3
-0.6344243870045669,3
-0.6329289650033768,3
-0.640139444259115,3
-0.637822722235923,3
-0.6298876854360308,3
-0.6313781411936292,3
-0.6331692623285805,3
-0.3117953087260322,5
-0.5650242711503226,3
-0.5747350378475956,3
-0.5721557821469955,3
-0.5916191693993414,3
-0.6234993481154398,3
-0.6077961349405576,3
-0.6066881222167946,3
-0.6167641106800482,3
-0.6241343772981802,3
-0.610607210581522,3
-0.6146489586847305,3
-0.6135508223116481,3
-0.6175372712377756,3
-0.6191100738212766,3
-0.617461438579327,3
-0.608145863146436,3
-0.6177242994599632,3
-0.6192448657264787,3
-0.6137313330211203,3
-0.617025224721685,3
-0.6117139901715255,3
-0.6121166140038824,3
-0.6130816877261167,3
-0.6096430380483463,3
-0.6122802037723796,3
-0.6224358450605214,3
-0.6261468112078324,3
-0.6160720583353944,3
-0.6179785996744579,3
-0.6259645320047348,3
-0.6249775664092108,3
-0.6160863606219052,3
-0.6161171042733006,3
-0.6118296491646774,3
-0.620680241209849,3
-0.6156496062867133,3
-0.6136683589237262,3
-0.629971741207356,3
-0.6282502228311275,3
-0.623791026300402,3
-0.6138413963104116,3
-0.6132050802422528,3
-0.6176586268940418,3
-0.6178131048456825,3
-0.6166038904017075,3
-0.6201209953851962,3
-0.6240482524551851,3
-0.6230254891507246,3
-0.6197549974013824,3
-0.6198927841011114,3
-0.6131747049749282,3
-0.6201154601571247,3
-0.6200284665040863,3
-0.6184573907128347,3
-0.6129164470578482,3
-0.6248256448320729,3
-0.6181810273283052,3
-0.615714502155853,3
-0.6263414940356387,3
-0.6185144389915757,3
-0.6168506376406165,3
-0.6111139755721344,3
-0.6197629228731337,3
-0.6171810866121321,3
-0.6210464817927625,3
-0.611102177932889,3
-0.6199841534976063,3
-0.6142976395174299,3
-0.6174426428547279,3
-0.6208132469957743,3
-0.6276391016564107,3
-0.6183812777402987,3
-0.6190578365618863,3
-0.6215338821687455,3
-0.6215692998803899,3
-0.6203211355567672,3
-0.6214599270072174,3
-0.6165165470124581,3
-0.6200775291777606,3
-0.6191774514264178,3
-0.619353094491702,3
-0.620805754817415,3
-0.6018998499955565,3
-0.6256136947808554,3
-0.6233186106835175,3
-0.6198814285537613,3
-0.6074518144394463,3
-0.6215564204922193,3
-0.62388354581709,3
-0.6065352932610416,3
-0.6178651914853037,3
-0.6218936613619321,3
-0.621199081162273,3
-0.6175658519661027,3
-0.6166430001852677,3
-0.620037631863694,3
-0.6229712329519548,3
-0.6122370070683723,3
-0.6148984049739293,3
-0.6238683311090968,3
-0.6228987003038576,3
-0.618146863624102,3
-0.6266985375264753,3
-0.6125920550009313,3
-0.2975602633963338,5
-0.9634136050915978,0
-0.3537517679979217,5
-0.9662425655541452,0
-0.3354840809237994,5
-0.9703176076347008,0
-0.34135126864867,5
-0.9674929864439996,0
-0.3522927317008736,5
-0.9717799981195424,0
-0.3666002153496212,5
-0.9638689912324564,0
-0.3602081632764852,5
-0.9659109714889712,0
-0.3671552351026091,5
-0.9682428686231191,0
-0.3723852976853173,5
-0.9692359076629752,0
-0.3829920572953075,5
-0.9703724889297451,0
-0.3887362223298523,5
-0.9669296599383091,0
-0.3948819789814116,5
-0.9651229538993128,0
-0.3765202700854956,5
-0.964603965313306,0
-0.3554496722549757,5
-0.9680030939030766,0
-0.3479568325801966,5
-0.9657915180690182,0
-0.3531315342353457,5
-0.9671856159117596,0
-0.3466193537820493,5
-0.9681459961211112,0
-0.3551097004603271,5
-0.9674912953083022,0
-0.3580948241755464,5
-0.9692566765821696,0
-0.3588788400256549,5
-0.9703220137795888,0
-0.362291826050542,5
-0.9703652909441872,0
-0.37770465659613,5
-0.9695337667464335,0
-0.3747740290710506,5
-0.972317983401738,0
-0.3777322454133409,5
-0.9709130817475928,0
-0.390661923000774,5
-0.9704847488476956,0
-0.3882005113871753,5
-0.9725966998276296,0
-0.3909373673066235,5
-0.9720554829114604,0
-0.39332784679608,5
-0.9722021348747591,0
-0.4002645294913068,5
-0.9749014305181604,0
-0.4001273577153652,5
-0.9707091632892276,0
-0.3988878120109591,5
-0.9742234089708468,0
-0.4031866858652222,5
-0.9726018369877278,0
-0.4094528851735491,5
-0.9733349564145888,0
-0.4229248156854508,3
-0.9734252362582474,0
-0.4076450004496401,5
-0.9736695427773252,0
-0.4070675959791283,5
-0.976528421852372,0
-0.413653036747713,5
-0.9753917296945296,0
-0.4140920014474963,5
-0.9743352090227796,0
-0.417761721266461,3
-0.972889524476767,0
-0.417148727814702,3
-0.9729385695649934,0
-0.4293806184377901,3
-0.9732299218402783,0
-0.4245109209883188,3
-0.9726666247750084,0
-0.4312178952459503,3
-0.9724603400131656,0
-0.4267294409280817,3
-0.9683427408196568,0
-0.4346017172612646,3
-0.97129486805208,0
-0.4250695869744473,3
-0.9734709440202446,0
-0.4331670456939555,3
-0.9744866385469018,0
-0.4442258753163973,3
-0.97098314200183,0
-0.4492698017928085,3
-0.97303966943322,0
-0.4436391787268728,3
-0.970200985813272,0
-0.8769483374612724,0
-0.7833546798771027,0
-0.7051804445605462,0
-0.5076850672624275,3
-0.4439195405195701,3
-0.6359935928532424,3
-0.5958823662919608,3
-0.7244959763899673,0
-0.6110691062007098,3
-0.6082447272965038,3
-0.6496600442562013,3
-0.5872652940682781,3
-0.7173456713876362,0
-0.5987943074159903,3
-0.8768946183292974,0
-0.7826975606747841,0
-0.7029604437085994,0
-0.4952250431687349,3
-0.8778527020333866,0
-0.7777679189879524,0
-0.7011145474792347,0
-0.4936395152565284,3
-0.443417057440161,3
-0.645356618010362,3
-0.5905252066175647,3
-0.7186953979126895,0
-0.5818391469221205,3
-0.8857240584380688,0
-0.7901735064026536,0
-0.6953601621224347,3
-0.4812383668514175,3
-0.428694813460344,3
-0.628484819297002,3
-0.5796104424437667,3
-0.7192869018742869,0
-0.6028687665261171,3
-0.603922142030865,3
-0.6423246761257939,3
-0.578611133145074,3
-0.7227356879177159,0
-0.6034888710850012,3
-0.8857163389805547,0
-0.7922412272975148,0
-0.6892819868709257,3
-0.4784389856155095,3
-0.4383623222838926,3
-0.6373075719254712,3
-0.5745072164059959,3
-0.7161686076222198,0
-0.5974984553423963,3
-0.893421261403601,0
-0.7852693181089766,0
-0.6906009357901022,3
-0.4739344752153779,3
0.37378494967206,2
-0.6115586597308512,3
-0.6473573030312403,3
-0.9161335830779536,0
-0.902342735590984,0
-0.8984893860714311,0
-0.9024042193933556,0
-0.8969185337430163,0
-0.9026003291618928,0
-0.8981114870258478,0
-0.9002563316316099,0
-0.9020613498727748,0
-0.9025533139904818,0
-0.9002131061565034,0
-0.8984789626016357,0
-0.8985437021722606,0
-0.8982340075778508,0
-0.8985142241553532,0
-0.8975759679733215,0
-0.8945377644542156,0
-0.8945377718917581,0
-0.8956345813134329,0
-0.8889645374269659,0
-0.8879539814988762,0
-0.8820208150477353,0
-0.8870133689700289,0
-0.8777710562557215,0
-0.8819786546906817,0
-0.8783035951543772,0
-0.8729188704770747,0
-0.8772942363109348,0
-0.8781438951161351,0
-0.8749809184294575,0
-0.876212260201173,0
-0.8760073651169326,0
-0.8785245950352125,0
-0.8736295259379411,0
-0.8689049171186891,0
-0.8692931266936625,0
-0.8696437923317987,0
-0.8690024101148632,0
-0.8685594981924154,0
-0.8709562394998835,0
-0.8700035535621554,0
-0.870180550645484,0
-0.8695479175774596,0
-0.8661596124815567,0
-0.8673737581646579,0
-0.8678274775386887,0
-0.8667200867184482,0
-0.8678812073225137,0
-0.8658479475044842,0
-0.8654070677974106,0
-0.8636852505895215,0
-0.8687615883101145,0
-0.8639156716469698,0
-0.8641361436714585,0
-0.8618713023725171,0
-0.8720779606091291,0
-0.8695825388313398,0
-0.868877165202282,0
-0.8651038354601865,0
-0.867957431926929,0
-0.8684397535449286,0
-0.8693604312571304,0
-0.8649609405869159,0
-0.8660537563855386,0
-0.8687465701350463,0
-0.8699062751435123,0
-0.8688492276222939,0
-0.8694022514715286,0
-0.8662507101585024,0
-0.8705610232037027,0
-0.8708261312019059,0
-0.8696884817361366,0
-0.8715865205904392,0
-0.8696083560048542,0
-0.8678100100130797,0
-0.866556807311451,0
-0.8681343693461725,0
-0.8690672949593379,0
-0.8691798576927661,0
-0.8690371192601545,0
-0.8670003518149834,0
-0.8678333652541815,0
-0.8676964850176481,0
-0.8702867111116279,0
-0.8743735594956104,0
-0.8674392218669238,0
-0.8692684824356065,0
-0.8664670764495987,0
-0.8707058281869378,0
-0.8713046783713817,0
-0.8726067036049658,0
-0.8735163125406403,0
-0.8696565015586126,0
-0.8721286354121867,0
-0.8697111048130286,0
-0.870231215681865,0
-0.869690053167982,0
-0.8748914280399192,0
-0.8739716882908154,0
-0.8733873173387672,0
0.13928539494297,2
-0.5570272445256608,3
-0.5696871776558741,3
-0.8805293041685356,0
-0.8681958743020117,0
-0.8696228079564301,0
-0.8729437678870903,0
-0.8700841307742577,0
-0.8736019517322826,0
-0.8682859236394529,0
-0.8702522198804217,0
-0.8671821587984859,0
-0.8704276405325828,0
-0.8672062764159233,0
-0.8715943634127257,0
-0.8695620206393624,0
-0.8670411734962428,0
-0.8724026196836105,0
-0.8747572908127097,0
-0.8692364286522531,0
-0.8702317589807471,0
-0.8741192819047978,0
-0.8741616477069312,0
-0.8738069096426802,0
-0.875059816811625,0
-0.8763014532393288,0
-0.8713993842054075,0
-0.8749112303566943,0
-0.8764048348392275,0
-0.8744536952000372,0
-0.8711439390345085,0
-0.8726129810108936,0
-0.8678063331737862,0
-0.8719699544501186,0
-0.8628181575960262,0
-0.8701495486794828,0
-0.8703225299466231,0
-0.8685989726247882,0
-0.8718980064134106,0
-0.8703630432167908,0
-0.866216210262958,0
-0.8705237533064836,0
-0.8690578684388417,0
-0.8714090253910045,0
-0.8669004407675188,0
-0.8659891608051489,0
-0.8723135933417758,0
-0.8696656494382713,0
-0.862799291915665,0
-0.8641931265405819,0
-0.8623217590472413,0
-0.8657222711644612,0
-0.868870928410825,0
-0.8665173186775833,0
-0.8676748857307675,0
-0.8649085374530148,0
-0.8650352356129989,0
-0.866243261645717,0
-0.866173129016097,0
-0.8714177660506891,0
-0.874133285156307,0
-0.8655820581864978,0
-0.8680706025638418,0
-0.8680402825777125,0
-0.8661757330180164,0
-0.8658345331291593,0
-0.8639541111473428,0
-0.8651460089140852,0
-0.8633818994129745,0
-0.8692688937341317,0
-0.8672462232015208,0
-0.8692113873064623,0
-0.8656865172566357,0
-0.8635555518265288,0
-0.8660983455656517,0
-0.8717133449162024,0
-0.8680192748641279,0
-0.8661499563723738,0
-0.8666743770241907,0
-0.8648950528321624,0
-0.8631020948665562,0
-0.8660159387475751,0
-0.86698842884398,0
-0.8660374864645315,0
-0.866761412259283,0
-0.8679460875264227,0
-0.8666536330819093,0
-0.8649677320123339,0
-0.8715321478644499,0
-0.8702344106003095,0
-0.8694884296520142,0
-0.8708687975662354,0
-0.8697002500294003,0
-0.8671388384036584,0
-0.8626070959053276,0
-0.865993305984026,0
-0.864144722332375,0
-0.8672669691137589,0
-0.8654123198986271,0
-0.8701947560242281,0
-0.8645336587080913,0
-0.8668719854407521,0
-0.8638029202286437,0
-0.6947342286805485,3
-0.740780782885921,0
-0.7358582819247775,0
-0.7393246217278605,0
-0.7293548657348627,0
-0.930015544031568,0
-0.9214481536731174,0
-0.9108976417023408,0
-0.9093632050610624,0
-0.9058873657522324,0
-0.9026856376660666,0
-0.8944160701828614,0
-0.8962869698033533,0
-0.8889979733098496,0
-0.8860009498189463,0
-0.8827416124393208,0
-0.8775816283720037,0
-0.876928641555444,0
-0.8574773209889692,0
-0.875564838089137,0
-0.8745912892892774,0
-0.8740757649750772,0
-0.8720590495202556,0
-0.8683709079973976,0
-0.8713637623732123,0
-0.8693343242031735,0
-0.8679581470489146,0
-0.8676306105001392,0
-0.8654745736210605,0
-0.8627248956288384,0
-0.8662532736543671,0
-0.8643265501009543,0
-0.8669538165506843,0
-0.8669341286021321,0
-0.8689080445533521,0
-0.8619910696710298,0
-0.8656508190254955,0
-0.8656542229863439,0
-0.8757149385573285,0
-0.8639598149751808,0
-0.8655744970077695,0
-0.8670801861254056,0
-0.8609290036542132,0
-0.8679964926025217,0
-0.8598485982143688,0
-0.8598679587285882,0
-0.8654623030170931,0
-0.8661825327594628,0
-0.8607655809359179,0
-0.8639703693966614,0
-0.8651439054440446,0
-0.8644105804414375,0
-0.8621263444380733,0
-0.8660957126424036,0
-0.8628343376554907,0
-0.8620880281349197,0
-0.8627478162528507,0
-0.8602487370264624,0
-0.865936494678586,0
-0.8594481081058306,0
-0.8626823508281344,0
-0.8607482407590739,0
-0.8640919838336647,0
-0.8681641896848993,0
-0.863259270278671,0
-0.8648320429566039,0
-0.8623283256547574,0
-0.8625214304468255,0
-0.8606892603440446,0
-0.8672516283414845,0
-0.8619630481574039,0
-0.864617100001895,0
-0.8668853611335678,0
-0.8638321840641948,0
-0.8634960533389717,0
-0.8655462712257741,0
-0.8651293507033637,0
-0.8633402451187354,0
-0.874353198920157,0
-0.8594368677749715,0
-0.8655921430962025,0
-0.8635087445266167,0
-0.8601991575683796,0
-0.8636996057450904,0
-0.8681165779577517,0
-0.8646539691070435,0
-0.8666800236590628,0
-0.8625591406825619,0
-0.8665155586503186,0
-0.8631601330445571,0
-0.8629088523533514,0
-0.8664743653812642,0
-0.8659434999176807,0
-0.8640497363971418,0
-0.8646691690509111,0
-0.8663602640630538,0
-0.8688660892343468,0
-0.861596698083035,0
-0.8702848617078092,0
-0.8656710485977273,0
-0.8673997482790773,0
-0.8668179736165402,0
-0.8683604255207494,0
-0.8667778022556336,0
-0.866541306450632,0
-0.8627387737650678,0
-0.1492512816829784,5
-0.684454712445514,3
-0.2788546961056717,5
-0.6829783970862598,3
-0.2724994325213634,5
-0.6844980989642078,3
-0.2786771257195064,5
-0.6840101409905647,3
-0.2913953188190352,5
-0.6929219120611787,3
-0.3088918902936848,5
-0.6985636981070954,3
-0.3110013096766317,5
-0.691974564282432,3
-0.2903456348974076,5
-0.6783124739963283,3
-0.2643084612447597,5
-0.6748693320251876,3
-0.255568164351808,5
-0.6735211993841607,3
-0.2621292905228488,5
-0.6657377220941638,3
-0.2664572975596132,5
-0.6707310808316679,3
-0.2632620370789897,5
-0.6725798561696384,3
-0.2698286327556601,5
-0.6785963664950985,3
-0.2804211514864976,5
-0.6766026402132025,3
-0.2755069463000727,5
-0.6736957305258707,3
-0.2641068076797562,5
-0.6815624487825087,3
-0.2832308379683019,5
-0.6787283541443453,3
-0.2773952042535256,5
-0.6818622841552613,3
-0.2863101197516554,5
-0.682333638364608,3
-0.279517279562081,5
-0.6813430670208321,3
-0.2760329702125919,5
-0.6785499534295795,3
-0.2755863683026344,5
-0.6766293132374728,3
-0.2758097746944856,5
-0.6794666997560098,3
-0.2652722781142397,5
-0.6671520571078304,3
-0.2691559126185516,5
-0.675008269723715,3
-0.2549571618132486,5
-0.6780791421514545,3
-0.2606982844370752,5
-0.673235019860788,3
-0.2657135268861816,5
-0.67335114934751,3
-0.2697741840751153,5
-0.6769795820668931,3
-0.2637566594604154,5
-0.6697390685082599,3
-0.2587230644897292,5
-0.6741202917554299,3
-0.2602116370610025,5
-0.6759586349733635,3
-0.2619271838930018,5
-0.670318627067503,3
-0.2575304432992876,5
-0.672094133244367,3
-0.2547899992415121,5
-0.6731936895362662,3
-0.2591700855938509,5
-0.675191911766366,3
-0.264820894816038,5
-0.6740957187724064,3
-0.2473436954722183,5
-0.6780787956222027,3
-0.2575254297598244,5
-0.6736558420840071,3
-0.2451080624259728,5
-0.6694487900364465,3
-0.2532464840216376,5
-0.6715284112108397,3
-0.2563784163337548,5
-0.6722283923181767,3
-0.2554801180765048,5
-0.671239420337373,3
-0.2452112847939655,5
-0.6743454890715778,3
-0.2562216152744759,5
-0.6801065032882263,3
-0.2546884766675358,5
-0.6748993935422121,3
-0.2563985120682562,5
-0.6741436921971837,3
-0.2564462869377099,5
-0.6691705445818833,3
-0.2504250571475485,5
-0.6728800087360682,3
-0.7961801691290779,0
-0.7187250497435786,0
-0.670900648314829,3
-0.6283366975406928,3
-0.6021027816784148,3
-0.5746281465787464,3
-0.5529731639355502,3
-0.5396265265996305,3
-0.5354423433224366,3
-0.6095367806280177,3
-0.569722411658791,3
-0.5468947203421843,3
-0.5202121685548394,3
-0.8038181938906264,0
-0.7230300120762305,0
-0.6754156270898435,3
-0.6445633697995945,3
-0.591815546928093,3
-0.8038542124773407,0
-0.7620169020437569,0
-0.689279664484288,3
-0.6531521913500988,3
-0.617811630538183,3
-0.600611499766865,3
-0.5709067222132487,3
-0.5473549111582378,3
-0.5280557427325873,3
-0.6226983593049197,3
-0.5760516000011777,3
-0.5593671129200823,3
-0.5317877914800306,3
-0.7998224485946652,0
-0.73294986700568,0
-0.6988157756416432,3
-0.644215970082385,3
-0.6730212811745035,3
-0.8103187066458226,0
-0.7137292546689135,0
-0.6581796942891917,3
-0.6339447340003714,3
-0.6082444095027258,3
-0.5870217185595921,3
-0.5639630395926386,3
-0.5487075799843923,3
-0.5407251367396956,3
-0.6228106051029149,3
-0.5811637796109377,3
-0.5612180531331247,3
-0.5383582356528739,3
-0.8077311445768425,0
-0.7299833416848267,0
-0.6820337114626676,3
-0.6490707313159466,3
-0.6219366915862007,3
-0.5474758853770272,3
-0.6323944932013481,3
-0.6465722834716199,3
-0.6488658427391494,3
-0.6433783752668204,3
-0.6524910334287305,3
-0.658666259898914,3
-0.6463791913746512,3
-0.6418807939868161,3
-0.645823659458947,3
-0.6489893443743306,3
-0.6452014360584722,3
-0.6487478625640283,3
-0.6496745109877947,3
-0.6475903222363033,3
-0.6552124640586596,3
-0.6548448896902987,3
-0.6487643545687906,3
-0.6478116098763851,3
-0.6478829556822007,3
-0.651461672698751,3
-0.6486121517625699,3
-0.6482285406633722,3
-0.6493163649907838,3
-0.6487616923783063,3
-0.6510488227012251,3
-0.6481699792012187,3
-0.6534131989871782,3
-0.6487178954060197,3
-0.6523525396930079,3
-0.6519733122543382,3
-0.648499259659399,3
-0.6461018216072333,3
-0.6465284916822065,3
-0.6504744433672105,3
-0.6503324559421513,3
-0.6477383198096361,3
-0.6497822392503785,3
-0.6528169937984909,3
-0.6448775226628601,3
-0.6545132292793383,3
-0.6501948483073632,3
-0.6451078978216107,3
-0.6503797994376879,3
-0.6555998138437036,3
-0.6512325470237595,3
-0.6491869969256294,3
-0.6522910521423312,3
-0.648404014775085,3
-0.6448042886093435,3
-0.6494108849654021,3
-0.6516859073108162,3
-0.6572029773857702,3
-0.6467390619245674,3
-0.6584380973356146,3
-0.6476675988219665,3
-0.6510048296364868,3
-0.6504946135214129,3
-0.6443335820260006,3
-0.6508253626044357,3
-0.6493138450796948,3
-0.658110297858354,3
-0.6480134290099585,3
-0.6459313775889899,3
-0.6557686786770658,3
-0.6510054879380645,3
-0.6461393449307011,3
-0.6547391717888232,3
-0.6456002614132739,3
-0.6536518126725865,3
-0.6493160489739477,3
-0.6503422175483231,3
-0.6487660975107086,3
-0.6502069562081458,3
-0.6482673044948322,3
-0.6547452973137732,3
-0.643549856109198,3
-0.6487927519899432,3
-0.6544007268230517,3
-0.6470072840597721,3
-0.6410638461247067,3
-0.656223222489363,3
-0.657388330029112,3
-0.6507652068903768,3
-0.6537415118048256,3
-0.656197939913263,3
-0.6508998751326437,3
-0.6518627406478175,3
-0.6516598152410684,3
-0.6474245973178149,3
-0.6544083510817692,3
-0.6523210079066842,3
-0.6475530535762972,3
-0.6540714905688365,3
-0.6447659921113986,3
-0.6535357180991417,3
-0.6501016912292592,3
-0.6580337140203862,3
-0.6541019531660157,3
-0.651092297218255,3
-0.4767494593815986,3
-0.616235915288247,3
-0.6450423912068728,3
-0.6371242878596546,3
-0.6483012861493171,3
-0.6442219710180891,3
-0.6464979439634875,3
-0.6543899588236726,3
-0.654309496547057,3
-0.6530513306628858,3
-0.6454093960724085,3
-0.6440768482018076,3
-0.652399427690227,3
-0.6523994486404558,3
-0.6522152483334852,3
-0.6427115858289422,3
-0.6527507098847901,3
-0.6514559574539674,3
-0.6516690581120487,3
-0.6578898592386646,3
-0.647525130610453,3
-0.6501825499436888,3
-0.6415711984307351,3
-0.6542603341242282,3
-0.6452854110407561,3
-0.6539046053004972,3
-0.6578796036919566,3
-0.6448705790374782,3
-0.6575093931378856,3
-0.6564897649841279,3
-0.6572665422704282,3
-0.6398704268855875,3
-0.6534081298869662,3
-0.6447038588752314,3
-0.6504048919132037,3
-0.6494658467318415,3
-0.6575160859391337,3
-0.6515105021320761,3
-0.6593229182184732,3
-0.6513195799080096,3
-0.6458038487577935,3
-0.6473906238487327,3
-0.6466154410149882,3
-0.6518010441646919,3
-0.6549262900925283,3
-0.6433835770359573,3
-0.6465561039174204,3
-0.6445947764736979,3
-0.645387490689294,3
-0.6561988120073313,3
-0.6495661935994081,3
-0.6486311010542708,3
-0.6512693154014062,3
-0.6447804360172572,3
-0.6541031472488091,3
-0.6543446346416938,3
-0.6494717485115366,3
-0.6510081757337062,3
-0.6517115954828931,3
-0.6467339754098657,3
-0.6521842896044504,3
-0.6540998338378686,3
-0.6524366161569571,3
-0.6445281398069418,3
-0.6409630375682606,3
-0.6476817935736042,3
-0.6479406465166186,3
-0.6467825917621103,3
-0.6524806108336347,3
-0.640249120091283,3
-0.6389143632753173,3
-0.6555182472185284,3
-0.6492804004329179,3
-0.6538990640752111,3
-0.6592251058796256,3
-0.6490094377790511,3
-0.6522733313612589,3
-0.6435370317678215,3
-0.6542029583537878,3
-0.6523855787729935,3
-0.6475562544642751,3
-0.6463347472744677,3
-0.6548381527355182,3
-0.6477681801838653,3
-0.6464056886509694,3
-0.6555050856688972,3
-0.6580869181867844,3
-0.6538034526955234,3
-0.6480991381645475,3
-0.6480892354820148,3
-0.6510958813133381,3
-0.6554594553670229,3
-0.6508592278036095,3
-0.6454765451659946,3
-0.6512299390625598,3
-0.6476711071328177,3
-0.6631693862843913,3
-0.6405296794137266,3
-0.6428412644873794,3
-0.6564049103925569,3
-0.5769841925060586,3
-0.5676090600770621,3
-0.6008361924090777,3
-0.6004884952736361,3
-0.6079056304201754,3
-0.6161921981376028,3
-0.61092959384829,3
-0.6168897799293125,3
-0.6125086618679407,3
-0.6212072479331615,3
-0.6187585144066814,3
-0.6214596465442284,3
-0.6224049380786324,3
-0.6176455104795762,3
-0.6231191834623997,3
-0.6202576396112949,3
-0.6245830089130133,3
-0.6248048193505013,3
-0.6242060668989664,3
-0.6167147573196979,3
-0.6133584683057903,3
-0.6281380108209895,3
-0.6200652212215843,3
-0.6158258825693621,3
-0.6288755524956697,3
-0.6222133519625819,3
-0.6198556170280947,3
-0.6226995361724424,3
-0.6282690343342474,3
-0.6273659460270825,3
-0.6277034820287641,3
-0.6179010802592763,3
-0.6329231464725069,3
-0.6249167293338999,3
-0.6268180408784354,3
-0.6244302514690168,3
-0.6241080327804869,3
-0.6219276485821048,3
-0.6308678379422916,3
-0.6274419395402581,3
-0.6289190101142217,3
-0.627153956070923,3
-0.6352921577377452,3
-0.6224427828667642,3
-0.6272101424236608,3
-0.6223553307127165,3
-0.6392031667329423,3
-0.617735284699978,3
-0.6217145479297703,3
-0.6247618833674727,3
-0.6280323124002626,3
-0.6316643373164211,3
-0.6300346025504677,3
-0.6290352380935452,3
-0.6337155599372908,3
-0.625285152029239,3
-0.6366996954629389,3
-0.615888959051641,3
-0.6279087103466356,3
-0.6426336135247441,3
-0.6307363399174449,3
-0.6302639615036019,3
-0.6281981083130043,3
-0.6317780358216413,3
-0.6320410206623434,3
-0.6337771002085462,3
-0.6304298604691333,3
-0.6287292106360919,3
-0.6262506284780857,3
-0.6307166717138795,3
-0.6292368969776581,3
-0.6305466293524074,3
-0.6288957710762042,3
-0.6348377498396433,3
-0.627025501171002,3
-0.6371852609765243,3
-0.624639830791406,3
-0.6308025727098665,3
-0.6332247675878745,3
-0.6276491264725197,3
-0.6348345064421943,3
-0.6294327569390137,3
-0.622609693229408,3
-0.6274293408753766,3
-0.629481423902017,3
-0.6278432924676062,3
-0.6334689908568362,3
-0.6385010759339268,3
-0.634667927631469,3
-0.6333879682994598,3
-0.6222143247899329,3
-0.6303826515345212,3
-0.6235653745317276,3
-0.6322450846306267,3
-0.6318497469280934,3
-0.6285843577431948,3
-0.6293567131881809,3
-0.6366039809366846,3
-0.625478202066314,3
-0.6302820542867632,3
-0.6344180298981075,3
-0.626975091250957,3
-0.6298897751668808,3
-0.6324803753494362,3
-0.5342761669387808,3
-0.8741367476407811,0
-0.4861458649496256,3
-0.8653709921646795,0
-0.4844131079660119,3
-0.8684117150721591,0
-0.4802871048699388,3
-0.8652642311841454,0
-0.4730937005569877,3
-0.8700834463045608,0
-0.4799933199948111,3
-0.8695913806524532,0
-0.4711566816117573,3
-0.8648804585561097,0
-0.4765007526374925,3
-0.8712195267411798,0
-0.4828276402422288,3
-0.8723350814752016,0
-0.4804806963298161,3
-0.867035843959296,0
-0.482674004307214,3
-0.8689958272661239,0
-0.478145057593852,3
-0.869640314709406,0
-0.4794876811185057,3
-0.8690864785563925,0
-0.4799857101700543,3
-0.866457057784551,0
-0.4788422364637285,3
-0.8717687799148537,0
-0.4841374129248155,3
-0.8703316136512818,0
-0.4733156565035791,3
-0.8708533259748851,0
-0.4751109518655025,3
-0.8706754306050379,0
-0.4823623808172589,3
-0.8751054009506001,0
-0.478509850346925,3
-0.8709807932974467,0
-0.4859784372598225,3
-0.8693688504524388,0
-0.4774782387591471,3
-0.8728428537290664,0
-0.4751110108770312,3
-0.8675437781966535,0
-0.4790632027780754,3
-0.8699420700014658,0
-0.4816932687155182,3
-0.869798945005813,0
-0.4763281802857296,3
-0.8718563317374557,0
-0.4789351367066799,3
-0.8724130949794382,0
-0.4872265805400804,3
-0.8714562224278115,0
-0.4797351490505727,3
-0.8718574137679559,0
-0.4764662592606323,3
-0.8729358133531184,0
-0.4792460734219546,3
-0.868641687078602,0
-0.4694540565528553,3
-0.8750441932761643,0
-0.4758171172665996,3
-0.874808750630433,0
-0.4768262843517273,3
-0.8704880489033731,0
-0.4651770646702134,3
-0.8699322452545157,0
-0.4800543845718116,3
-0.8712898651177208,0
-0.4830609404443833,3
-0.8671444321659205,0
-0.4752239364763717,3
-0.8778580525121178,0
-0.4723369339336641,3
-0.8707990365065942,0
-0.4771389176676375,3
-0.8701279776522881,0
-0.4795128905108787,3
-0.8710050009898889,0
-0.4694574179742049,3
-0.8705322100097328,0
-0.4768660503061403,3
-0.8721689314342995,0
-0.4807857135319117,3
-0.8680188680676448,0
-0.4732922465681545,3
-0.871107023882534,0
-0.4799259902107385,3
-0.8658556955241199,0
-0.4786362377705546,3
-0.8694163245560641,0
-0.4804549031361323,3
-0.8745710857164233,0
-0.486671400043848,3
-0.8723050283404755,0
-0.4831282381670426,3
-0.8690722703649697,0
-0.5367835555576799,3
-0.8372811715739483,0
-0.3296800844120297,5
-0.9610361151926808,0
-0.2418563780008195,5
-0.7471382829232645,0
-0.0495781815433027,2
-0.5740602970421819,3
-0.3600029879491312,5
-0.6127512893437047,3
-0.743335752772045,0
-0.6471182549446156,3
-0.2934510577945475,5
-0.5159573465999393,3
-0.8282851833801567,0
-0.6694607130724816,3
-0.1822876065884226,5
-0.2155943019841989,5
-0.4182021892174298,3
-0.7504929349439976,0
-0.1895970954396287,5
-0.4014245825032815,5
-0.4778063541636539,3
-0.4626668985491784,3
-0.4937975365910737,3
-0.2625463998539288,5
-0.7337462755609098,0
-0.3907053719444803,5
-0.1848804208689552,5
-0.5842092798686943,3
-0.4348824608082154,3
-0.6423738646270373,3
-0.2643788727669495,5
-0.69329570660146,3
-0.3478316415161963,5
-0.3593380146446344,5
-0.2151920297570976,5
-0.4237480454951154,3
-0.2739601855126215,5
-0.7280797233700089,0
-0.3912777552521713,5
-0.6387774963993272,3
-0.3029025794918409,5
-0.5504944588482465,3
-0.5070265764177107,3
-0.2944825316064722,5
-0.4984025936840027,3
-0.3541653186090158,5
-0.285050062194806,5
-0.3675613304011115,5
-0.4645518145009247,3
-0.8246690983333562,0
-0.5097912561701863,3
-0.1729730342110391,5
-0.7531665415777191,0
-0.2282723228162423,5
-0.6171449527073372,3
-0.3327301306844977,5
-0.5976564169765971,3
-0.7794648743777778,0
-0.6710346003909695,3
-0.2657941271217524,5
-0.4933723382604637,3
-0.8483063370952493,0
-0.6938694470598992,3
-0.1519630864337914,5
-0.203616775526254,5
-0.442140635498507,3
-0.7644248938359774,0
-0.1811376196652559,5
-0.3926088563067444,5
-0.4980057615119101,3
-0.4753776822415697,3
-0.4795171541662415,3
-0.242242150742243,5
-0.7489984065211511,0
-0.4090539184465763,5
-0.1656496160216664,5
-0.5786964421442898,3
-0.4555489555862266,3
-0.6616381581805696,3
-0.2475186943683628,5
-0.6937185485813971,3
-0.3764521575752441,5
-0.389594643149889,5
-0.2005394488096883,5
-0.4104066251485938,5
-0.306000876386119,5
-0.7356812180166532,0
-0.3740506891761014,5
-0.6345441870268121,3
-0.3077415469085029,5
-0.55491213398957,3
-0.5145848690740873,3
-0.3110041647623781,5
-0.4924732695958596,3
-0.335574074696017,5
-0.2728843464870991,5
-0.3777969149001646,5
-0.468034000330675,3
-0.8222957281979315,0
-0.5162719575476858,3
-0.1718325699939499,5
-0.7402997674588225,0
-0.2491874283930509,5
-0.622234022607987,3
-0.3265960517001857,5
-0.5978979493944444,3
-0.7895386819036437,0
-0.6713239017970118,3
-0.2555733364792351,5
-0.4824015206985862,3
-0.8518077943247947,0
-0.6912890342209937,3
-0.1351247199848674,5
-0.2005245484550418,5
-0.4520358435205327,3
-0.7762456054936068,0
-0.167686126440546,5
-0.3894086456672427,5
-0.5011611544038721,3
-0.4811357726489675,3
-0.4714915905492139,3
-0.2437886854830326,5
-0.7479067494825965,0
-0.4181691632209096,3
-0.1467649045488212,5
-0.5728313896659464,3
-0.4688642533077026,3
-0.6579443909325563,3
-0.2444590505784036,5
-0.694702760239483,3
-0.38804968773149,5
-0.3909910562858793,5
-0.1835607058596809,5
-0.4080326348326459,5
-0.3117702050822836,5
-0.7394019662609069,0
-0.3653193511655201,5
-0.6390196372198699,3
-0.311479898646538,5
-0.5643205324420042,3
-0.497437241522265,3
-0.3102250138743864,5
-0.4999941393488203,3
-0.3463122613729654,5
-0.2792705848364791,5
-0.3967464518094492,5
-0.4712007017749896,3
-0.8242397549630456,0
-0.5261123013227255,3
-0.1597699353127655,5
-0.7385086501763953,0
-0.2428668093211817,5
-0.6255379688015419,3
-0.315413584732833,5
-0.5923820129681353,3
-0.7920716718501281,0
-0.668268349663071,3
-0.2437676325165078,5
-0.4851320702601572,3
-0.8555632788439214,0
-0.692808101600365,3
-0.1340357861179504,5
-0.1940130890942646,5
-0.4460820831671557,3
-0.7710813565880763,0
-0.1575615772172989,5
-0.3815401021475459,5
-0.513932978402287,3
-0.4857551250275339,3
-0.4699636227521158,3
-0.2386417288766617,5
-0.7557908884837178,0
-0.436688989791711,3
-0.1640350066340274,5
-0.5742160156550756,3
-0.4693570721459603,3
-0.6663772767438816,3
-0.2327455005112129,5
-0.6981836923372468,3
-0.3894157889493339,5
-0.3938117470677975,5
-0.1867053597047892,5
-0.4116676390297349,5
-0.3119647362624381,5
-0.7427668798644286,0
-0.3723008937800908,5
-0.646185645660468,3
-0.3350359114018738,5
-0.5749110486806375,3
-0.5073937041703143,3
-0.3102853609147168,5
-0.5038931662090934,3
-0.3354175181253551,5
-0.2793187527387036,5
-0.3928326491970964,5
-0.4717350995438581,3
-0.8274113634805076,0
-0.5345615955949232,3
-0.1634939154135481,5
-0.7460902887022811,0
-0.2450447711012132,5
-0.6283697197908453,3
-0.3088925719067144,5
-0.5912434156224909,3
-0.7932867516388665,0
-0.6817104444471248,3
-0.2438663312586549,5
-0.4892616778349109,3
-0.6951815053490124,3
-0.1307682540107418,5
-0.1965177668968983,5
-0.4686956199425656,3
-0.7749194825598149,0
-0.1583415530874161,5
-0.3803018092408075,5
-0.5095654638335539,3
-0.4868068001330848,3
-0.4705765746863908,3
-0.2474139521016067,5
-0.7602791532279844,0
-0.4271889378211757,3
-0.1476325838729817,5
-0.5727247174407035,3
-0.4794082090260694,3
-0.6697722374382002,3
-0.2372462253590829,5
-0.6961095476241875,3
-0.4062308459341516,5
-0.4112839054221698,5
-0.1783675910250042,5
-0.4207078094557559,3
-0.3237480930448683,5
-0.7424501081594438,0
-0.3673602410079691,5
-0.6354740747834501,3
-0.3356487974544287,5
-0.572531946380362,3
-0.4950243115717762,3
-0.3201105750868077,5
-0.5154686679484821,3
-0.3327849186741127,5
-0.272056797304231,5
-0.4005579360721005,5
-0.4554608770503595,3
-0.8278863352454232,0
-0.5347009806088947,3
-0.1478666224372533,5
-0.7459751760517748,0
-0.2582988440897896,5
-0.6257542828484142,3
-0.3146338561781454,5
-0.5987144685047048,3
-0.7997950231530557,0
-0.6821984760712423,3
-0.2410147424124989,5
-0.4899576734721778,3
-0.698470150815736,3
-0.1291128231891998,5
-0.2057943768977985,5
-0.4706284053718194,3
-0.7708745188048699,0
-0.1665562898376301,5
-0.3869381370102968,5
-0.52203958596277,3
-0.4827184131861121,3
-0.4781301414148752,3
-0.229701709447674,5
-0.7549799365897247,0
-0.4325248292716583,3
-0.150511624742468,5
-0.5694030400543922,3
-0.4844756804376391,3
-0.6692663756186285,3
-0.2318924206945384,5
-0.6963615238128904,3
-0.4028976326082795,5
-0.411307554269593,5
-0.1766608736043151,5
-0.416223257189279,3
-0.3341944387059152,5
-0.7487115784007063,0
-0.3693243458569026,5
-0.6314079127782505,3
-0.3451107712748859,5
-0.57455345425111,3
-0.5197907295985406,3
-0.3338537374013594,5
-0.5145016280911043,3
-0.3357546355242841,5
-0.2637739960623339,5
-0.408033457739943,5
-0.4559225147371176,3
-0.8263155735344044,0
-0.5020536907107673,3
-0.1191877063257407,5
-0.7445276000609474,0
-0.2638708651787488,5
-0.6303797032850519,3
-0.30445276306543,5
-0.5969189825251502,3
-0.7930185490285666,0
-0.6777483997512975,3
-0.2464250245722157,5
-0.4917638467077003,3
-0.7012786365880546,0
-0.1372456313063064,5
-0.1951922124797044,5
-0.4761245189672943,3
-0.775726270782859,0
-0.1621043311481871,5
-0.3851114649746873,5
-0.5177712673701124,3
-0.4630443115921171,3
-0.4884043525825662,3
-0.2410403143798444,5
-0.7374878122785664,0
-0.3853147250654868,5
-0.1627377781184689,5
-0.5689565481129127,3
-0.4713736457092112,3
-0.6597405659781715,3
-0.236907084921672,5
-0.6913494732819391,3
-0.3961595928051465,5
-0.4009049135419676,5
-0.1813207324570943,5
-0.414951813764588,5
-0.3273612106331116,5
-0.7406572884705123,0
-0.3500565523894795,5
-0.6386877444872554,3
-0.3333642031094284,5
-0.5722169476255186,3
-0.5015459957659831,3
-0.3381558979208325,5
-0.5139888389701356,3
-0.3366855637152328,5
-0.2695986434053143,5
-0.4035873459288221,5
-0.4526794981891896,3
-0.8167592035755704,0
-0.540222680289558,3
-0.1654207602477459,5
-0.7479446979901128,0
-0.2637175006658779,5
-0.6348683076600393,3
-0.2986895323395851,5
-0.5953274127991808,3
-0.7937351184260969,0
-0.6828678760272417,3
-0.2399357129866811,5
-0.4875810972570167,3
-0.700906546405992,0
-0.1166089936394113,5
-0.2068394553322317,5
-0.4740904912616925,3
-0.7814950762251239,0
-0.1660580553364679,5
-0.3837471098012305,5
-0.5181311810332728,3
-0.4977735274548881,3
-0.46549754328075,3
-0.2383984235792731,5
-0.7626531859183605,0
-0.4450330963341303,3
-0.1463788737455298,5
-0.5683463817498299,3
-0.4930813287736827,3
-0.6730671832121534,3
-0.2354170394481972,5
-0.6907093210865873,3
-0.4034772819472467,5
-0.4162258732112933,3
-0.1833579650096229,5
-0.4070011072389031,5
-0.3311605579984351,5
-0.748993553458224,0
-0.3634988876665866,5
-0.6219648466431649,3
-0.335097291022209,5
-0.575937773791876,3
-0.5041369411903723,3
-0.3384316440076945,5
-0.5164434658649119,3
-0.3327662794306814,5
-0.2662259810034626,5
-0.4008253567008251,5
-0.4577255774529908,3
-0.8141345715283125,0
-0.5346898060110893,3
-0.1566603017131303,5
-0.7425303252069417,0
-0.2748138259598521,5
-0.6299063376395456,3
-0.2983607025365418,5
-0.592199527720978,3
-0.7983408492570451,0
-0.6901068482777698,3
-0.2372413799892033,5
-0.4878263463313931,3
-0.6854842373225072,3
-0.1126822957452729,5
-0.1913598234766753,5
-0.782247438389652,0
-0.1480497497645642,5
-0.376933718311893,5
-0.5178603445671504,3
-0.4943175634836823,3
-0.4709892153332101,3
-0.2289621239923582,5
-0.767347941677862,0
-0.4396519589511101,3
-0.1514122949296915,5
-0.4857894755251588,3
-0.6711271896464005,3
-0.2366347028437651,5
-0.6891970234106113,3
-0.4108622130227777,5
-0.4062599020276167,5
-0.1743757780841322,5
-0.4047258864617983,5
-0.3396782226734202,5
-0.7489516140694239,0
-0.3534237772773291,5
-0.6358711466027611,3
-0.3392242654158127,5
-0.5698009442821931,3
-0.5010494854088451,3
-0.3291683440721243,5
-0.5184846693910463,3
-0.3358037148515704,5
-0.2618098205486467,5
-0.4185926285818545,3
-0.4607762333283481,3
-0.8248175596619624,0
-0.5470349358867632,3
-0.1567311276576134,5
-0.7412159820546677,0
-0.2721500795164384,5
-0.6297255317958839,3
-0.289916849859608,5
-0.5896473687310176,3
-0.7972914687855197,0
-0.6841907972453282,3
-0.236229761217676,5
-0.4866345929912855,3
-0.7001441366083155,0
-0.1135871000904507,5
-0.1882610918223711,5
-0.4788445307245687,3
-0.780696776231542,0
-0.1545622703651868,5
-0.3865448533331636,5
-0.5213109930465476,3
-0.5013036557464887,3
-0.4590307061025593,3
-0.2352554038783145,5
-0.7672917376219061,0
-0.4415965597468525,3
-0.1320344076676536,5
-0.5639522291727282,3
-0.498753636229149,3
-0.6701386958737798,3
-0.2302127813381254,5
-0.6935477547240887,3
-0.4141059201176214,5
-0.4202910322232211,3
-0.1747413665996943,5
-0.4072691508969627,5
-0.3329593969464804,5
-0.7537736477810669,0
-0.3557433941158041,5
-0.6312599282360204,3
-0.3430528339423517,5
-0.5775496468476499,3
-0.5016327903432384,3
-0.3410392268376966,5
-0.521322901852292,3
-0.3219219865247356,5
-0.2654639236891643,5
-0.4117285121524718,5
-0.4573385198722636,3
-0.8256929118756474,0
-0.5461057183534722,3
-0.1551170373393702,5
-0.742413535190701,0
-0.2727639240494796,5
-0.6388172642066577,3
-0.3032513271104133,5
-0.5921323015370435,3
-0.7971025771197492,0
-0.6884486027395287,3
-0.2401351520781315,5
-0.4837142492179533,3
-0.7039531565008197,0
-0.117391145873086,5
-0.2011459624974719,5
-0.5989567835589742,3
-0.7869897378636244,0
-0.1848819380799305,5
-0.39424887920342,5
-0.5313805017114603,3
-0.5109973078588179,3
-0.4749766675425294,3
-0.249881746313504,5
-0.7671015530358609,0
-0.4477220167505625,3
-0.1508316376925565,5
-0.5793520389385983,3
-0.4975608349312548,3
-0.6827248613729876,3
-0.2449117251808558,5
-0.6991210668577926,3
-0.4250276419292532,3
-0.4268772078068198,3
-0.2027880648354434,5
-0.4245020659859936,3
-0.3500971855158872,5
-0.7570400416669139,0
-0.3691613413989143,5
-0.6332254725202006,3
-0.3633671865860335,5
-0.5768237173534391,3
-0.5037782186116064,3
-0.3464653502993395,5
-0.52416738899036,3
-0.3382076187121595,5
-0.2722334452618994,5
-0.4210855612020455,3
-0.461619958751843,3
-0.8229008574791831,0
-0.5481422578863144,3
-0.1430895425717614,5
-0.7482009703690466,0
-0.2786992609471752,5
-0.6349702711730412,3
-0.2991382734402305,5
-0.5841148495293875,3
-0.794685563659111,0
-0.6878198904137014,3
-0.2247286251532559,5
-0.4839141008421931,3
-0.7095956287704059,0
-0.1153974723737469,5
-0.1863526191222558,5
-0.4737924191591013,3
-0.7801681257634887,0
-0.1489642045694991,5
-0.3812649309778445,5
-0.5345272050221109,3
-0.500015800305284,3
-0.457487407638155,3
-0.2552244947963784,5
-0.446514829716462,3
-0.1398036789203782,5
-0.573887036646321,3
-0.5031281851412287,3
-0.6756753789088185,3
-0.2362743200753962,5
-0.6912909065746071,3
-0.4205797822459945,3
-0.4252654141666218,3
-0.1701965425445289,5
-0.4001029761424211,5
-0.3479622703246599,5
-0.7531682061165779,0
-0.357844348894926,5
-0.6315915029397594,3
-0.3481324338915031,5
-0.5728151722454239,3
-0.5000138445634172,3
-0.3484460851003721,5
-0.5265613348969737,3
-0.3082662380762482,5
-0.2653231997457216,5
-0.4159788554896162,3
-0.8351324725167035,0
-0.9768599048603605,0
-0.2303298252909255,5
-0.8975005487712273,0
-0.7089408164074196,0
-0.9332053002417912,0
-0.5777087929718844,3
-0.5813749976951867,3
-0.7649937365343934,0
-0.8509060518819829,0
-0.5640508579690922,3
-0.5147419506222329,3
-0.7298877148002002,0
-0.7859394421816277,0
-0.7008513604568923,0
-0.506582517174226,3
-0.6610031364988957,3
-0.6096836629720853,3
-0.5357667805409692,3
-0.6175104283227694,3
-0.6731060855041616,3
-0.7142203885181478,0
-0.3570452456440257,5
-0.8692113179670773,0
-0.8186809816056609,0
-0.6312426743629493,3
-0.502167908397213,3
-0.5636978163386117,3
-0.6652171803105701,3
-0.8168677796298205,0
-0.3215722918444399,5
-0.7144030838526506,0
-0.7127295680576269,0
-0.892824981340955,0
-0.4625554397917454,3
-0.5675117869580659,3
-0.6761716740892005,3
-0.729640790852918,0
-0.3088296470354084,5
-0.6386739329608809,3
-0.7741485735976978,0
-0.8647151792719834,0
-0.4207097456724867,3
-0.7857666846759865,0
-0.6855956054892552,3
-0.8580413237734471,0
-0.7825285748136749,0
-0.7594359372877313,0
-0.7630555370342172,0
-0.646734731547291,3
-0.4113102184765085,5
-0.806638719930028,0
-0.9630042059784004,0
-0.2178204865775735,5
-0.8962621600099248,0
-0.6800421050742218,3
-0.9164831260981632,0
-0.5748812662183421,3
-0.5814001946877426,3
-0.7516931069864903,0
-0.8427772505947354,0
-0.5584321453302867,3
-0.4989316011343082,3
-0.7163433068672683,0
-0.7768589737554902,0
-0.699420663333499,3
-0.4937519276397523,3
-0.6502505741215455,3
-0.6007398658730511,3
-0.5277209651126781,3
-0.6024458277901428,3
-0.6693136310721084,3
-0.7130828406155431,0
-0.3426650718140667,5
-0.866917734841921,0
-0.8139089846520272,0
-0.6329320843484776,3
-0.4876955515005313,3
-0.5542747536817487,3
-0.6558044141971288,3
-0.817238162084782,0
-0.3140005380251921,5
-0.701102965599396,0
-0.7046039591755887,0
-0.8905715447355786,0
-0.4575451040382216,3
-0.5588384881024763,3
-0.6737858668543747,3
-0.7323841895761621,0
-0.3135829090532486,5
-0.6310941122908037,3
-0.7693856675979276,0
-0.8618876201353227,0
-0.4213463029293951,3
-0.7866199944260187,0
-0.6834133683674384,3
-0.8519602613387429,0
-0.7906807795902049,0
-0.7572582030280051,0
-0.7549761884920605,0
-0.6427169678503873,3
-0.4122335967011254,5
-0.8060485363800031,0
-0.9626003774785424,0
-0.2383468897260017,5
-0.9005066171455195,0
-0.6705165008837098,3
-0.9222555577363116,0
-0.5875479282083633,3
-0.5748640701944571,3
-0.7386160097085492,0
-0.8380470450970248,0
-0.572048577515253,3
-0.5034594396251741,3
-0.7135717461663466,0
-0.7763138895567068,0
-0.704202295132382,0
-0.4906556856141177,3
-0.6396970746458162,3
-0.5978262919915601,3
-0.5297233198022323,3
-0.598343484509972,3
-0.6505985023581349,3
-0.7140981025002178,0
-0.3313996330984498,5
-0.8719599701972794,0
-0.8077005063184176,0
-0.6199862190262427,3
-0.491531995485081,3
-0.5506583316172705,3
-0.6513743260795735,3
-0.8146699240811935,0
-0.3110033363382178,5
-0.7133001456246871,0
-0.6950626218563707,3
-0.8869351795761327,0
-0.4557217823781495,3
-0.5594002938481968,3
-0.6710989314876811,3
-0.7291841019359212,0
-0.3077432625276584,5
-0.6329154490663885,3
-0.7699681367829914,0
-0.8572484547787762,0
-0.4118693052341344,5
-0.786631751310154,0
-0.6864546292606507,3
-0.8503582456092964,0
-0.7907464136184161,0
-0.7570746755742463,0
-0.7550809722473649,0
-0.645327576976529,3
-0.4009813401361953,5
-0.8124388535145455,0
-0.962570334335429,0
-0.2131761898623058,5
-0.905357534678108,0
-0.6783902804027891,3
-0.918490936285692,0
-0.564306430071891,3
-0.5738049976217259,3
-0.7484485212889306,0
-0.8400344360931672,0
-0.5596446716546634,3
-0.5008708586249626,3
-0.7247772739085228,0
-0.7840784737990566,0
-0.700660596845163,0
-0.4919914480108788,3
-0.657313520630293,3
-0.6054581024207818,3
-0.5325244332502626,3
-0.6079681185953199,3
-0.6714034153648277,3
-0.7143286277510703,0
-0.345989946790488,5
-0.871092055430325,0
-0.8175716761638303,0
-0.6359175530855905,3
-0.4984647662549796,3
-0.5508143969894909,3
-0.6595710383452618,3
-0.8214291314616394,0
-0.3028968813793206,5
-0.7080741309823102,0
-0.7120602116975537,0
-0.8934829103547404,0
-0.4503680691039824,3
-0.559901372279779,3
-0.6827597112977236,3
-0.727121941558685,0
-0.3043374251949901,5
-0.6278319875792747,3
-0.7715384228810714,0
-0.8651221519104584,0
-0.4196990306936527,3
-0.7813768259123478,0
-0.684432091118119,3
-0.8595230213825924,0
-0.7805888862632762,0
-0.7548381195635575,0
-0.7644432445685184,0
-0.6589889733862979,3
-0.3995862034863743,5
-0.808284104274106,0
-0.9634755477918092,0
-0.2152857777730035,5
-0.8929142570737397,0
-0.6870092397646504,3
-0.9244715966504856,0
-0.5761041567442678,3
-0.5651429645928259,3
-0.747451276029278,0
-0.8384019761268962,0
-0.5678521514532502,3
-0.5028389275680673,3
-0.713908252244039,0
-0.7771579478911108,0
-0.6902480240162685,3
-0.4819781874208892,3
-0.6500170230645625,3
-0.6013749930641129,3
-0.5209474390233606,3
-0.5947475970072258,3
-0.6734946170210199,3
-0.706967614548017,0
-0.3218481554483264,5
-0.8719910877289301,0
-0.8152814171135605,0
-0.6337223668766577,3
-0.4847148567875148,3
-0.5453837929876612,3
-0.6571874514274808,3
-0.8191471659452966,0
-0.2885471642073439,5
-0.6986911520555912,3
-0.7032425696115326,0
-0.8944324213583639,0
-0.4491567845254789,3
-0.5545632047845184,3
-0.6701217230102781,3
-0.7267312971110368,0
-0.2983700224053007,5
-0.6198512310467833,3
-0.7683585541411663,0
-0.8655851226370724,0
-0.4092501934357365,5
-0.7847451472939616,0
-0.6862389002810347,3
-0.8568065383925201,0
-0.7823797314057555,0
-0.7549659659659915,0
-0.7621308741157765,0
-0.6537087754296722,3
-0.4027703375931698,5
-0.8128530654279589,0
-0.9691635174075984,0
-0.2252250778149813,5
-0.8999636431132892,0
-0.6834509761799122,3
-0.9232732551501482,0
-0.5841640015622721,3
-0.5697705295714576,3
-0.7503918739634251,0
-0.8482814335948722,0
-0.5659622313181741,3
-0.5034692673701602,3
-0.7187524823771747,0
-0.7838690816381466,0
-0.701222505860711,0
-0.491849828022783,3
-0.6515179900187943,3
-0.6043515948267728,3
-0.5372712564874954,3
-0.6072069618708134,3
-0.6699155938109307,3
-0.715046404179555,0
-0.3400152422552193,5
-0.8692521141822231,0
-0.8165758749494294,0
-0.6353375832842607,3
-0.5008233749586752,3
-0.5472291311331678,3
-0.6549447752044977,3
-0.8189302077604661,0
-0.2976292314808293,5
-0.7086515861146204,0
-0.7049876173889097,0
-0.897673926248941,0
-0.4502556885794568,3
-0.5587320148817173,3
-0.6751925007220999,3
-0.7276064380224225,0
-0.2976536019434634,5
-0.6232447024888983,3
-0.7655195387007663,0
-0.8622673944429138,0
-0.4173654891514317,3
-0.7860834687716431,0
-0.6745180904352941,3
-0.8564804185182985,0
-0.7810906806112748,0
-0.7538112817738017,0
-0.7488438330570596,0
-0.6404536865960242,3
-0.3908045553653523,5
-0.8103847881370635,0
-0.9676023939208908,0
-0.1725052202336901,5
-0.8965245078614132,0
-0.6742522940451883,3
-0.9229864949553934,0
-0.5606377086474961,3
-0.5522542759519193,3
-0.7380898047587718,0
-0.8408868239997734,0
-0.5595382528491726,3
-0.4855895735983114,3
-0.7080339331374419,0
-0.7803382573296065,0
-0.6963356159357843,3
-0.457570804269972,3
-0.6356393702415657,3
-0.58514023862534,3
-0.517193270885305,3
-0.5851564110546403,3
-0.65498668378403,3
-0.7090941677565502,0
-0.3174420337836751,5
-0.8661163577795987,0
-0.8148131810285231,0
-0.6133885954548017,3
-0.470507369128827,3
-0.5339966980405262,3
-0.6471987943266921,3
-0.8170948718750086,0
-0.2721427226306736,5
-0.6966383875598043,3
-0.6908720445522607,3
-0.8932235041779373,0
-0.4368690525405437,3
-0.5452436395262885,3
-0.663038645763194,3
-0.7188197479034075,0
-0.265018907192423,5
-0.6170235042934721,3
-0.7651122061132836,0
-0.8633179429402401,0
-0.4055391247304203,5
-0.7826202043831779,0
-0.681865939992008,3
-0.8536096330770084,0
-0.7828781758896035,0
-0.7552320367631924,0
-0.7593862579973834,0
-0.6434228938094952,3
-0.3950012789430025,5
-0.8070766288506376,0
-0.9630387049621508,0
-0.1978397697142594,5
-0.8959720624576619,0
-0.6784852763164213,3
-0.9221265102685337,0
-0.5878334884289641,3
-0.5654431806553535,3
-0.746377320495563,0
-0.8428931563165177,0
-0.5577364584455334,3
-0.4844157120583289,3
-0.711085058156637,0
-0.7767166946576998,0
-0.6985990889260195,3
-0.4770084376964416,3
-0.6501630564324844,3
-0.5998067904668696,3
-0.5316640339626044,3
-0.5905347221183623,3
-0.6689419432015936,3
-0.7139534777937986,0
-0.3302158707943352,5
-0.8688626900477805,0
-0.8194275974825339,0
-0.6320246720847251,3
-0.4830877581090593,3
-0.536835071576886,3
-0.649013278341535,3
-0.8200025801268476,0
-0.2910333122020742,5
-0.7003625369329435,0
-0.6927817815302497,3
-0.8968043216661217,0
-0.4395665547568913,3
-0.5382086637833486,3
-0.6616699598371003,3
-0.7250676285190566,0
-0.2547534423490932,5
-0.6097957573298078,3
-0.7567194720785272,0
-0.8614533372601003,0
-0.3818180851832428,5
-0.7775305383926497,0
-0.6691963449056039,3
-0.8478222597014846,0
-0.7752376190760196,0
-0.7406689241249651,0
-0.7495609801915026,0
-0.6349358092220193,3
-0.3635012333549309,5
-0.8014501993163698,0
-0.9661646609271196,0
-0.1527365029558,5
-0.8992510067550941,0
-0.6491339796624106,3
-0.9353307996637716,0
-0.5569956629664783,3
-0.5349674685214627,3
-0.7344172695344512,0
-0.8300335820440333,0
-0.5345951647757113,3
-0.4553852063553363,3
-0.6958106849653224,3
-0.7661634972396251,0
-0.6891343203018222,3
-0.4366358645648866,3
-0.6286891938593132,3
-0.5811773800314401,3
-0.4968274718869848,3
-0.5697436591180576,3
-0.6415148543999676,3
-0.7048164569711941,0
-0.2914196921533277,5
-0.8676160645491486,0
-0.8116112334795751,0
-0.6117803475193572,3
-0.4617286642301644,3
-0.5114134953048457,3
-0.6421051077881943,3
-0.8213026144922,0
-0.2418566779278073,5
-0.6931864294633779,3
-0.6916725431574472,3
-0.8917681608397299,0
-0.4315977282832631,3
-0.5230377553085276,3
-0.6640486668825496,3
-0.7332531491593973,0
-0.2379875216799386,5
-0.5917338175022588,3
-0.761167828666318,0
-0.8596122366505722,0
-0.384161182955496,5
-0.7822896791897452,0
-0.6627684352178825,3
-0.8552927480688596,0
-0.7771071460000809,0
-0.7482385830067098,0
-0.752929597468566,0
-0.6433620411943628,3
-0.3758486360477534,5
-0.8121875161365621,0
-0.9631466058619556,0
-0.1842630933298394,5
-0.8987545595665059,0
-0.6817544085884178,3
-0.9210114217941574,0
-0.5674056771784225,3
-0.5528905386920963,3
-0.7446668378357528,0
-0.8408006489845516,0
-0.5511099326176705,3
-0.4824935101636901,3
-0.7189990907646848,0
-0.7779026736167506,0
-0.6954302355793717,3
-0.4685490146059046,3
-0.6491634983921768,3
-0.6119639078294961,3
-0.5168170793269365,3
-0.5877175949908552,3
-0.6731173173567422,3
-0.7183684146287814,0
-0.3192872510770966,5
-0.8606594603676555,0
-0.817274474683592,0
-0.6308823746865881,3
-0.4755827155280931,3
-0.5359170376031644,3
-0.659874804503596,3
-0.8232406592059882,0
-0.2847825172368595,5
-0.6949433263180754,3
-0.7059775639723443,0
-0.8941571599726592,0
-0.4340290542203529,3
-0.5460003887713928,3
-0.6696177675123398,3
-0.7344822755647207,0
-0.2751818391261733,5
-0.619681376683726,3
-0.777058746274057,0
-0.8572914489230679,0
-0.3906610965998128,5
-0.7829525437500477,0
-0.6799071324321709,3
-0.8541629736905902,0
-0.7812795224230298,0
-0.7466206052423905,0
-0.7579006643285728,0
-0.650090516399751,3
-0.3923483410765931,5
-0.8101781845944199,0
-0.960997359028146,0
-0.19788884123626,5
-0.8934292751639283,0
-0.6789341219840747,3
-0.9168228336395972,0
-0.5719202674682862,3
-0.5540655966855266,3
-0.7498584587752666,0
-0.8402879962969243,0
-0.5508492889939173,3
-0.4813671516557817,3
-0.7254251944217639,0
-0.779165769111517,0
-0.6967459374729293,3
-0.4691696479573673,3
-0.648167908380849,3
-0.598733733863575,3
-0.5125078410265811,3
-0.5932452820373797,3
-0.665961471424809,3
-0.7146506624157645,0
-0.3209931412824481,5
-0.8644373248229561,0
-0.8138976684877379,0
-0.624691002937303,3
-0.4761126830797303,3
-0.53205826631647,3
-0.6528160568125434,3
-0.8191258221069077,0
-0.2904574706504438,5
-0.6968392834452322,3
-0.7023601824697903,0
-0.892389382133284,0
-0.4270347359355574,3
-0.5460218758080336,3
-0.6753182168047406,3
-0.7320101928290761,0
-0.281371955448579,5
-0.6210858515548483,3
-0.7732911551320794,0
-0.8661069411096509,0
-0.4007037200304967,5
-0.782915044536211,0
-0.6771244726945499,3
-0.8586659631549947,0
-0.7765008921603246,0
-0.7503595390253268,0
-0.7615020879118184,0
-0.6561517564998177,3
-0.3874410735480217,5
-0.8088312450822819,0
-0.9627124405159082,0
-0.2098319796853296,5
-0.8958308232744628,0
-0.6834738247442675,3
-0.9232911486693274,0
-0.5673858263430128,3
-0.5626536656823219,3
-0.7506635021987552,0
-0.8450672020954881,0
-0.5604548396602994,3
-0.4958879312230411,3
-0.7232529353130065,0
-0.7830808875930411,0
-0.6955662343818291,3
-0.4797009291263017,3
-0.6556126877885594,3
-0.6079538887083811,3
-0.5360081561857373,3
-0.5903576483637865,3
-0.6692306203232804,3
-0.7142961926986753,0
-0.3239019230161767,5
-0.8633709037033334,0
-0.8171629035596626,0
-0.6257614260582263,3
-0.4845475907919485,3
-0.543382744666016,3
-0.6587515193854631,3
-0.8292004469352692,0
-0.2847044117620626,5
-0.7006682606629727,0
-0.6999141287611448,3
-0.8947597292673044,0
-0.4259104608248383,3
-0.5481747195856642,3
-0.6696845527066891,3
-0.7313465744048555,0
-0.2888591723434558,5
-0.6178308659886401,3
-0.7629891360366555,0
-0.8613095991104276,0
-0.3935044928538682,5
-0.7824170334504432,0
-0.6720698440365155,3
-0.8552791539240533,0
-0.7797763684754808,0
-0.7449982651400868,0
-0.7506592802038451,0
-0.6461345469222016,3
-0.3736467845990912,5
-0.6302845200982544,3
-0.9872051940042073,0
-0.3083334483482238,5
-0.9198311134876368,0
-0.9406743747254848,0
-0.855271280289444,0
-0.603369587055704,3
-0.6214867213755264,3
-0.7185886026451425,0
-0.8027618866361554,0
-0.5981840346623123,3
-0.5644379135451042,3
-0.6888560442519566,3
-0.7467259346887398,0
-0.5452087464227884,3
-0.6511248546849382,3
-0.5878483469670929,3
-0.6516219393299959,3
-0.7658817586243845,0
-0.6173261833419259,3
-0.4225241454727684,3
-0.8897610147382341,0
-0.8684207515703458,0
-0.6452459323038154,3
-0.5277990390825306,3
-0.6184379448553355,3
-0.7697987220165974,0
-0.7183308516842624,0
-0.4018251827827281,5
-0.7590823331258614,0
-0.6645881628643096,3
-0.5578678161700223,3
-0.64201867667625,3
-0.6668820474876934,3
-0.6605229892510742,3
-0.6978166830925383,3
-0.8227170826360437,0
-0.9475726613666438,0
-0.4765881288780936,3
-0.8242987728902775,0
-0.7381047432806895,0
-0.8677241275026557,0
-0.793129398530082,0
-0.6479521247129818,3
-0.5968744784892666,3
-0.9809070562235128,0
-0.3483807636307463,5
-0.9318992181027356,0
-0.9277900531949242,0
-0.8406191452599219,0
-0.6425908020102932,3
-0.6891521560003404,3
-0.7917409611280151,0
-0.590299146020866,3
-0.664094996946245,3
-0.7448340280833196,0
-0.5739988206509952,3
-0.6140466024249336,3
-0.5705692622570049,3
-0.6702250416185692,3
-0.750840981736787,0
-0.6059616028248734,3
-0.8986911723304807,0
-0.8595926326433672,0
-0.6374702888685712,3
-0.6174038938178168,3
-0.765579155083361,0
-0.7124085914711517,0
-0.4021798171414343,5
-0.7567243030980987,0
-0.6566802006269424,3
-0.5565265390320021,3
-0.6229655954851492,3
-0.6660139699709563,3
-0.6601228859190365,3
-0.3874422049427545,5
-0.6885463289249042,3
-0.8232092627279224,0
-0.9468274433952584,0
-0.4628844992511283,3
-0.8154495218972255,0
-0.7211145767380932,0
-0.8627543918256511,0
-0.7884785220395251,0
-0.6435743830322657,3
-0.6079785624622454,3
-0.9813752539374332,0
-0.3180079544588066,5
-0.9243015121568798,0
-0.935545186804042,0
-0.8436208082980399,0
-0.61909864134775,3
-0.630850307776995,3
-0.6915642690267619,3
-0.7917979364412732,0
-0.5810940798772148,3
-0.6738586886433894,3
-0.7459265310765533,0
-0.5531283743846755,3
-0.6215579838500779,3
-0.5775080517520461,3
-0.656909590933872,3
-0.7537763708218765,0
-0.6128683539270957,3
-0.8990494816350927,0
-0.864157743209964,0
-0.6461009632116401,3
-0.6139868675740777,3
-0.7702307369367207,0
-0.7070863129105951,0
-0.3922442714882733,5
-0.7557821174963223,0
-0.6593396305456605,3
-0.5581164456726577,3
-0.6350656768163935,3
-0.6599415246930276,3
-0.6593628704405275,3
-0.3977501027449497,5
-0.6895485401850301,3
-0.8261319086601576,0
-0.9445726820344966,0
-0.4674256112761283,3
-0.8217318994100822,0
-0.7320912681597154,0
-0.8658006510650452,0
-0.7886873626992856,0
-0.6378968330168747,3
-0.601357449498657,3
-0.9860417492231022,0
-0.3249469150548071,5
-0.9315618513644912,0
-0.9378318958313048,0
-0.8425435834627555,0
-0.6351018704851944,3
-0.7025070315032311,0
-0.7988223600567955,0
-0.5835494985306712,3
-0.6775207233584006,3
-0.749262447954615,0
-0.5667920568151023,3
-0.6276550563993912,3
-0.5743248259930721,3
-0.6657486206785659,3
-0.7529634735178464,0
-0.608167141321938,3
-0.8972906424860118,0
-0.86239087639179,0
-0.6353652213626066,3
-0.618237256806476,3
-0.7631579097876661,0
-0.7112483523840989,0
-0.4024795005663064,5
-0.7606856541089287,0
-0.6626752316782356,3
-0.5445949698585268,3
-0.635341188213615,3
-0.653215263362315,3
-0.6484155671057371,3
-0.6964194537117726,3
-0.8214663511987684,0
-0.9426184353778554,0
-0.4793085751258761,3
-0.8211601822306525,0
-0.7301830784402268,0
-0.8652338180196297,0
-0.7906410425078286,0
-0.6371501631552585,3
-0.5954756696337802,3
-0.9805414002401206,0
-0.3320254124876217,5
-0.923218999900187,0
-0.9276006544763098,0
-0.842625085279477,0
-0.6378675842590512,3
-0.6910824285800341,3
-0.7909811556647154,0
-0.5879593319692528,3
-0.6783043713056278,3
-0.7330309042456189,0
-0.5819891199623815,3
-0.6177207076104606,3
-0.5692160925819296,3
-0.6761441871211928,3
-0.7430792617192903,0
-0.5996875124255727,3
-0.8604762659997311,0
-0.6274812533380736,3
-0.6278407024806085,3
-0.7562728613150262,0
-0.7009095742371405,0
-0.7654730069994305,0
-0.6535122627940975,3
-0.5392709529895627,3
-0.6521301544443387,3
-0.6488123555027528,3
-0.6408855040181765,3
-0.7029810865244005,0
-0.8156407427672235,0
-0.9436467471459168,0
-0.4919337105671346,3
-0.8280492164472861,0
-0.7387892989068404,0
-0.8681802835323322,0
-0.7946127646146556,0
-0.6475381967657735,3
-0.5878561399889266,3
-0.9811134436722913,0
-0.36319729783512,5
-0.9274040145713454,0
-0.8375421639931677,0
-0.6528503874472092,3
-0.684271169099588,3
-0.7849602409546932,0
-0.6017994621070933,3
-0.662159795158088,3
-0.7364202176368122,0
-0.584836059600293,3
-0.611308906705829,3
-0.566042082637573,3
-0.689256480911524,3
-0.7340189063929513,0
-0.5938734223371089,3
-0.8512530031263666,0
-0.6185013354051364,3
-0.6435467556308672,3
-0.7550233887815501,0
-0.6985810205820163,3
-0.770866447734621,0
-0.6549088366686373,3
-0.5312657512803212,3
-0.6512299811602253,3
-0.6398805763892252,3
-0.6419278244401381,3
-0.7133369394488571,0
-0.8111851846651741,0
-0.9436968112512756,0
-0.4987191393223847,3
-0.8331625747059126,0
-0.7406088865716407,0
-0.8727274605081633,0
-0.7955067456092395,0
-0.65904706229222,3
-0.6058646153007862,3
-0.983485680872951,0
-0.3781069910615429,5
-0.933272134295376,0
-0.8438108555144206,0
-0.6502176044074409,3
-0.6789172077894723,3
-0.7814098134246343,0
-0.6034064312274366,3
-0.660896001273838,3
-0.7257470993362849,0
-0.5805633809591516,3
-0.6093696991732837,3
-0.5623019721186483,3
-0.6674314817769283,3
-0.7450250275321966,0
-0.5903690702790602,3
-0.8611365504628559,0
-0.6241966893572757,3
-0.6244030253533449,3
-0.7571186102010101,0
-0.7011417603138224,0
-0.7667117320838808,0
-0.6553391665547135,3
-0.5331734224955312,3
-0.640152743170938,3
-0.650625784914554,3
-0.6449811284776349,3
-0.7145818203777173,0
-0.8085487562828684,0
-0.9465241960898512,0
-0.832013085531656,0
-0.7450518459825093,0
-0.8755887303933003,0
-0.799094673827002,0
-0.6613387935425572,3
-0.578535877148661,3
-0.9804434534276874,0
-0.3896872977616987,5
-0.9296184177489052,0
-0.8399741734199051,0
-0.6596119285515588,3
-0.6739203574658796,3
-0.7811705541702132,0
-0.6141604382219588,3
-0.6510452955521682,3
-0.7354821028760519,0
-0.593420523848444,3
-0.5998915278989988,3
-0.5449543840871689,3
-0.6933950932770806,3
-0.733303456808572,0
-0.5906024413891585,3
-0.8580349493152502,0
-0.617109415773113,3
-0.6385638124182365,3
-0.7509219202975798,0
-0.7049799216641994,0
-0.769989533059089,0
-0.6472117380211773,3
-0.5372118216657107,3
-0.6484134499266803,3
-0.643543594722071,3
-0.6429617151891822,3
-0.7080990785949234,0
-0.8120568303903217,0
-0.9436436015292068,0
-0.5028008067427554,3
-0.8313077382803501,0
-0.7466701962920486,0
-0.8764492122234215,0
-0.7950014193106711,0
-0.6497081644149736,3
-0.5793151277483466,3
-0.9801969476438896,0
-0.3609995908111724,5
-0.925260242928742,0
-0.8381958607736497,0
-0.6411760292708324,3
-0.6807552381136003,3
-0.7860360674515305,0
-0.6015116840916496,3
-0.655879646758119,3
-0.72876663060004,0
-0.5868373087929112,3
-0.6056501376408409,3
-0.5554064112991952,3
-0.6762270523071464,3
-0.7333681525035243,0
-0.5980796834789263,3
-0.85868405133036,0
-0.6311403419771687,3
-0.6414443488432332,3
-0.7517000247276868,0
-0.6976785719860136,3
-0.7670522277032721,0
-0.6492661001400304,3
-0.5347553776502649,3
-0.6558163947204729,3
-0.6431190762529417,3
-0.6359147855909715,3
-0.7048728845012738,0
-0.8085273166699778,0
-0.9418437050139792,0
-0.503188402283449,3
-0.8262104986219965,0
-0.7450444741827031,0
-0.8755767310473603,0
-0.7957598811710758,0
-0.653395787838123,3
-0.5855473171853128,3
-0.9815803310976166,0
-0.371729888712915,5
-0.9250333020910564,0
-0.8363364368176376,0
-0.659653235323958,3
-0.6804302160538271,3
-0.7823472495138464,0
-0.6113048739864342,3
-0.6588728766773085,3
-0.7325795962065893,0
-0.5912710364715773,3
-0.6021990010587223,3
-0.5519807149751503,3
-0.6819197774696858,3
-0.7391216669705098,0
-0.5814171869704261,3
-0.8532908262319665,0
-0.6227866789339462,3
-0.6370998830272847,3
-0.7511460340114695,0
-0.704909565898797,0
-0.7718580139453401,0
-0.644737893089621,3
-0.529914763215256,3
-0.6532159557642213,3
-0.6376891495734686,3
-0.6224812065718711,3
-0.7120204306186606,0
-0.814710214212494,0
-0.9409350103933444,0
-0.8328673735501491,0
-0.7422457024716372,0
-0.8637305176064664,0
-0.8021130782916287,0
-0.6622325289600574,3
-0.5776480175473508,3
-0.9825266888244844,0
-0.3668355112677154,5
-0.9273175177574192,0
-0.8357429218190584,0
-0.6527057349196861,3
-0.675710190303886,3
-0.7810259284685176,0
-0.60013152218348,3
-0.6557505855126131,3
-0.7361199238639287,0
-0.5906177151484108,3
-0.5996388665993568,3
-0.5445017170979332,3
-0.6869765240831436,3
-0.7280266204839448,0
-0.5813865720898493,3
-0.8496199419840301,0
-0.6109383789808372,3
-0.6489752881210097,3
-0.7437388314926783,0
-0.6936444879315513,3
-0.7769218862314173,0
-0.6432774624519746,3
-0.5106772568662472,3
-0.6539149144255056,3
-0.6464955919166014,3
-0.6306428336831118,3
-0.7113113065895551,0
-0.8087132555481895,0
-0.9373296884614092,0
-0.8341872354430389,0
-0.7430526116717556,0
-0.8741597808103518,0
-0.7955622811363993,0
-0.6580595961763686,3
-0.5764243685095235,3
-0.9795185532850867,0
-0.3676717555252788,5
-0.929030830555446,0
-0.83096056187653,0
-0.6540893228570485,3
-0.6757773447913945,3
-0.7808794117187443,0
-0.6009431003667006,3
-0.6551766805610937,3
-0.7263065044828617,0
-0.581341460359894,3
-0.6084149555400146,3
-0.5502817992132061,3
-0.6855118014051519,3
-0.737764493825934,0
-0.5837921700352668,3
-0.8520092506605929,0
-0.6141014212945681,3
-0.6430069473361916,3
-0.7448559426639454,0
-0.6973426857854446,3
-0.7731321785732242,0
-0.6450590372669293,3
-0.5255310566916123,3
-0.6555696297263659,3
-0.6346206758381738,3
-0.6372842228990783,3
-0.7088944221302684,0
-0.8059422611866196,0
-0.939463281731124,0
-0.8363107012955113,0
-0.7438697357015602,0
-0.8715593354913165,0
-0.8001219850781057,0
-0.6555137840905905,3
-0.7172209813361842,0
-0.7595337579576747,0
-0.7764167877374933,0
-0.783232372412877,0
-0.7912864545406697,0
-0.7893788568063478,0
-0.798644841739076,0
-0.7896932770747436,0
-0.7946368236604434,0
-0.7924054594946315,0
-0.7924837037142894,0
-0.796780128429039,0
-0.7965226343913592,0
-0.7988710336371408,0
-0.7887892063853393,0
-0.7933110542874144,0
-0.7996719476787134,0
-0.797266623355054,0
-0.7997547494946227,0
-0.7923216129608145,0
-0.7955050030286298,0
-0.7950892608031269,0
-0.7850743726468619,0
-0.8040577602851445,0
-0.7944916390559325,0
-0.7983770002313613,0
-0.8012994422583574,0
-0.7990822561150546,0
-0.804036786506264,0
-0.7923856980028118,0
-0.7981870569332016,0
-0.8008245105295044,0
-0.7965258988812385,0
-0.797795934979554,0
-0.798963541689344,0
-0.8017580417501917,0
-0.7893721571222811,0
-0.7992577191727985,0
-0.8014452359714075,0
-0.7973808978965113,0
-0.8012505758869154,0
-0.7979844737066342,0
-0.7942389384062333,0
-0.8008449712741826,0
-0.7960580311287824,0
-0.8032425734398657,0
-0.7961718649341505,0
-0.8002409448233303,0
-0.8011609399183781,0
-0.8016431823309393,0
-0.8002628363186557,0
-0.7933324889099788,0
-0.8000858459170173,0
-0.5480165239667601,3
-0.8407455882812851,0
-0.4492176310667381,3
-0.9366442447151454,0
-0.2845779492756066,5
-0.7812883807219263,0
-0.6628903400562718,3
-0.4221159140257661,3
-0.634208489349961,3
-0.613373621048217,3
-0.373428677570415,5
-0.5337529129540756,3
-0.6052567038631832,3
-0.2501228824991773,5
-0.2339985005559153,5
-0.7033690075779438,0
-0.2744521429535227,5
-0.4156775202984238,3
-0.914463808843366,0
-0.5360814464269053,3
-0.2698309185444237,5
-0.6638685732825709,3
-0.2504534903337713,5
-0.5921342784195031,3
-0.7865621587120556,0
-0.330449044043994,5
-0.7099692190851794,0
-0.6661562048172216,3
-0.2935154029406689,5
-0.439341866476604,3
-0.7364947327320739,0
-0.4524213694053286,3
-0.655408859909461,3
-0.846611245796459,0
-0.7552623013283034,0
-0.5960259588963694,3
-0.8226364476180821,0
-0.423767929546711,3
-0.2846481154798202,5
-0.5357479858536132,3
-0.8376044638806699,0
-0.4579388665426651,3
-0.9414555339417244,0
-0.2628554439831017,5
-0.7667913135829767,0
-0.6848747735883475,3
-0.4046850665755878,5
-0.6192337088283417,3
-0.6288123968395234,3
-0.352528793723774,5
-0.510850073984159,3
-0.6150587206619506,3
-0.224739105649341,5
-0.2153415096596282,5
-0.700347999405406,0
-0.2620897527663945,5
-0.4024737504580971,5
-0.9173731378108552,0
-0.5167847461059292,3
-0.2521933147578946,5
-0.6617054067342739,3
-0.2475404616856669,5
-0.5800735149239261,3
-0.7844692182192227,0
-0.3294480233451587,5
-0.7069183742165874,0
-0.6667077792096695,3
-0.285979903675448,5
-0.4284394731095813,3
-0.7250299392490863,0
-0.4450233267561598,3
-0.6651523118351297,3
-0.841494439085209,0
-0.7500303173929346,0
-0.5975831737760745,3
-0.8154596598708714,0
-0.4114478372402435,5
-0.2893893523936615,5
-0.5314026775326115,3
-0.8292255131111304,0
-0.4330460548399303,3
-0.937746675704252,0
-0.2609600999021999,5
-0.7670346071353562,0
-0.6681927414325299,3
-0.4040932178061221,5
-0.6150469268912362,3
-0.6135205869684398,3
-0.3463559479005271,5
-0.5143989719543565,3
-0.5994972591702934,3
-0.233888799615938,5
-0.2207125191767341,5
-0.6904241979717989,3
-0.2623366143987018,5
-0.4100446845482731,5
-0.9134698108918352,0
-0.5267258836287487,3
-0.2557300414127536,5
-0.655640716744582,3
-0.243162944655029,5
-0.5829101306803118,3
-0.777416702926168,0
-0.3248210461296602,5
-0.7054600679356553,0
-0.6639003500506403,3
-0.2898906237934689,5
-0.4239003629477627,3
-0.7274478383450289,0
-0.4494592987870043,3
-0.6511329184615359,3
-0.8419750236034288,0
-0.7478080692661041,0
-0.5891774822206266,3
-0.8126694759896063,0
-0.410041012434061,5
-0.2874960640728167,5
-0.5421720755084657,3
-0.8309259317872639,0
-0.431133291996739,3
-0.9369884433506735,0
-0.2707507868100204,5
-0.7578740333487686,0
-0.666167164050859,3
-0.4128393377831871,5
-0.6115339271381227,3
-0.6116796853400667,3
-0.3444975485357089,5
-0.504310710517996,3
-0.5935663756403008,3
-0.218942692372068,5
-0.2113892471379607,5
-0.6952982469719736,3
-0.2539504664757103,5
-0.4028462356736135,5
-0.9091084854265512,0
-0.5182852418892141,3
-0.2401417007047746,5
-0.6518910038745214,3
-0.2315677045130711,5
-0.5824163704758724,3
-0.7843268095597439,0
-0.3233285086468104,5
-0.699711228656851,3
-0.6675674053871865,3
-0.2735099858560019,5
-0.4230220053200093,3
-0.7202157842231748,0
-0.435539914133712,3
-0.6445217641440375,3
-0.8372342475586203,0
-0.7504869820086453,0
-0.5862933319228477,3
-0.8171874389410378,0
-0.409926478513105,5
-0.2796057347153988,5
-0.5339875244467596,3
-0.8310209927774526,0
-0.4336420595920763,3
-0.2497641497016227,5
-0.7571510283055681,0
-0.6627065107600574,3
-0.3915010600653785,5
-0.6082461071280886,3
-0.6156738581261574,3
-0.3321968970150238,5
-0.511134134720119,3
-0.5894904495748973,3
-0.2125494433204687,5
-0.2024603706139603,5
-0.6871740045313736,3
-0.239664400807057,5
-0.3936491099216116,5
-0.911508233635398,0
-0.5151659118072772,3
-0.2362888687891184,5
-0.6584096396598795,3
-0.2277783219632558,5
-0.5831949957291757,3
-0.7806578496298077,0
-0.3221025474332071,5
-0.7020383600027897,0
-0.661053270200402,3
-0.2662555704401178,5
-0.4268727110902507,3
-0.721824109500678,0
-0.4369269196462873,3
-0.6485240132871237,3
-0.839576183895741,0
-0.7457442559630658,0
-0.5847351396332926,3
-0.8093674460372681,0
-0.3955138024098775,5
-0.2657248948005716,5
-0.5226248731312088,3
-0.8291559515436254,0
-0.4376896311706864,3
-0.2490389887284882,5
-0.7560288221325973,0
-0.6649079720328245,3
-0.3877637339803186,5
-0.6030369447895487,3
-0.6126714138498371,3
-0.3290472496648051,5
-0.5017877528527526,3
-0.6075597903993871,3
-0.2127193467024264,5
-0.193801853313975,5
-0.6902826511901823,3
-0.2368676983609954,5
-0.3926649857177912,5
-0.5020970788803909,3
-0.2420525688302596,5
-0.6604664989353133,3
-0.2208332554118295,5
-0.5762507259530367,3
-0.7790895166333511,0
-0.2982870195888424,5
-0.7032695635963706,0
-0.6606038961760433,3
-0.2577929295801061,5
-0.4266954970819072,3
-0.720627737632729,0
-0.4412406914351986,3
-0.6521700316680779,3
-0.8413367899302562,0
-0.7504713156289968,0
-0.5799760543839104,3
-0.8045056723543035,0
-0.3972263300269148,5
-0.2733788355832532,5
-0.36866318357704,5
-0.8173292029693203,0
-0.444143920028699,3
-0.9383030131468532,0
-0.2447093290533173,5
-0.7537593976200989,0
-0.6636171992001632,3
-0.3947710911429334,5
-0.6148920662016436,3
-0.6128480588036327,3
-0.3348015880562491,5
-0.5090802598647013,3
-0.5958558750099182,3
-0.2186063233692675,5
-0.2083996170354999,5
-0.6901759916941052,3
-0.2331134093348962,5
-0.4027512284739261,5
-0.9121366288943104,0
-0.5158597074570183,3
-0.2429875161036734,5
-0.6615521356994704,3
-0.2294851767612136,5
-0.5821026382550538,3
-0.7828303144601154,0
-0.3003679664258692,5
-0.7005392629069734,0
-0.6598984417672632,3
-0.2392371180323365,5
-0.4120844364290106,5
-0.7197513492699097,0
-0.4363556694013291,3
-0.6510523000843181,3
-0.8423873612920514,0
-0.7530530338350662,0
-0.5734319934945851,3
-0.8068197612129548,0
-0.3923483289138922,5
-0.2615399732425347,5
-0.5192654274937958,3
-0.8273975216860885,0
-0.4376676216186504,3
-0.2504433210939447,5
-0.758312895651104,0
-0.6663482144528564,3
-0.39390549470309,5
-0.6008314722971466,3
-0.6141775985152422,3
-0.3400252304425278,5
-0.504156516359487,3
-0.5916924365487136,3
-0.2135940708057003,5
-0.205082835087549,5
-0.6983108116206228,3
-0.2408851005919024,5
-0.3985305971451313,5
-0.9113359092717824,0
-0.5001964154389917,3
-0.2237099932650039,5
-0.6628806989022883,3
-0.2186110928207205,5
-0.5764346735963429,3
-0.7817938042894819,0
-0.3096072560010801,5
-0.7018603406796995,0
-0.6576169958291724,3
-0.2580648285804173,5
-0.4239582760244035,3
-0.7174853047839891,0
-0.4270747603792303,3
-0.648773851450543,3
-0.8432009085534856,0
-0.7454626521206075,0
-0.5786605036762759,3
-0.8087266930562524,0
-0.4055300444003904,5
-0.277856504781261,5
-0.5171228868265807,3
-0.8275206037145053,0
-0.4475407349775493,3
-0.933840470308122,0
-0.2553007719987162,5
-0.7561002183817729,0
-0.6652724410694116,3
-0.3874663793631364,5
-0.6075836007647986,3
-0.6196171793897786,3
-0.3181496649990503,5
-0.5095683163129886,3
-0.6018536726576088,3
-0.2076836756129045,5
-0.1945093481015084,5
-0.6932516759875851,3
-0.2319816122632185,5
-0.3953262687466087,5
-0.9122688292097592,0
-0.5118438193237591,3
-0.2292217758671519,5
-0.6529852740726022,3
-0.2145461136755991,5
-0.5788472427998197,3
-0.7841891705516718,0
-0.3034166709196423,5
-0.7004598861133009,0
-0.664821195033243,3
-0.2443561424007361,5
-0.4188326628490198,3
-0.7195273733941646,0
-0.4312552430523528,3
-0.6463762763506097,3
-0.8397704884261492,0
-0.746176655324831,0
-0.5787381133694177,3
-0.8125476037511212,0
-0.3927479893635087,5
-0.2730390059608702,5
-0.5179750114229698,3
-0.8272150382648825,0
-0.4462568880848157,3
-0.2331209973826444,5
-0.7622877845470019,0
-0.6698995420016687,3
-0.3783409859548263,5
-0.6011661461240835,3
-0.6139124508054549,3
-0.3193562392025023,5
-0.502637099660899,3
-0.6001528958136876,3
-0.1943103931235941,5
-0.1840877137331867,5
-0.689828610606922,3
-0.2250007254433491,5
-0.3918338137933741,5
-0.9126443220348142,0
-0.5161202980250257,3
-0.2311618537351962,5
-0.6559748337661777,3
-0.2136618609298017,5
-0.5758908974998854,3
-0.7852971829860379,0
-0.2863476941160314,5
-0.6988828130341982,3
-0.6623477097583301,3
-0.2427656255906487,5
-0.4111116448777849,5
-0.7206111478961406,0
-0.4336552390990739,3
-0.642819476222523,3
-0.841215720362355,0
-0.7497242338043657,0
-0.5718593046380579,3
-0.8159234603646788,0
-0.3951726417831231,5
-0.2617790067794539,5
-0.5247556185482704,3
-0.8255244045626198,0
-0.2340567850180362,5
-0.7574389974817999,0
-0.6591466887893477,3
-0.375646238375715,5
-0.6074302106234191,3
-0.6147329822887347,3
-0.3387615746845539,5
-0.4945709276893547,3
-0.5933287904870628,3
-0.1896919533470411,5
-0.1877306786552741,5
-0.6941488355873646,3
-0.2349446580725858,5
-0.3929968962563549,5
-0.4980647521554484,3
-0.2231670722188144,5
-0.6532435854823672,3
-0.2067770562646572,5
-0.5733625129595276,3
-0.7773015879143843,0
-0.2929611274149358,5
-0.6913342982185042,3
-0.6660889784390067,3
-0.247346786705651,5
-0.4195092503590584,3
-0.7197286076660812,0
-0.4209585485728331,3
-0.6444713805454866,3
-0.8441406219392984,0
-0.7542414936534467,0
-0.5751443841462124,3
-0.8088619360105209,0
-0.3946648851752884,5
-0.2611519013959699,5
-0.5126178040442149,3
-0.8252670530176442,0
-0.4485231588094028,3
-0.2403318485631379,5
-0.7562316917528978,0
-0.6708704532415634,3
-0.3836640659208878,5
-0.5994636278808658,3
-0.6157440589461799,3
-0.3117041769966249,5
-0.4979305952111493,3
-0.6051028612460876,3
-0.1913802405265569,5
-0.1952074866203861,5
-0.704298323948759,0
-0.2250316692520974,5
-0.3962193124874544,5
-0.90889339440562,0
-0.5060620974046602,3
-0.2290958670415764,5
-0.6526931784676531,3
-0.2109214255528699,5
-0.5789697266784501,3
-0.7805240526983652,0
-0.300371424172471,5
-0.699298139797089,3
-0.66557235055163,3
-0.246673815288528,5
-0.4154517459287371,3
-0.7187322641996101,0
-0.4231523754665968,3
-0.6505717594098234,3
-0.8442244824208518,0
-0.7495061723983416,0
-0.5777809060165516,3
-0.8092681040987807,0
-0.3875788105643363,5
-0.2643571263933121,5
-0.7220572740039499,0
-0.7870366385856282,0
-0.7861725864377326,0
-0.7898011085130678,0
-0.7896513231367861,0
-0.7931284093615454,0
-0.7832875131918544,0
-0.7904811225768305,0
-0.7874919802734055,0
-0.7855135928562071,0
-0.7874392990084846,0
-0.7886928660238061,0
-0.7775713554479238,0
-0.7795228026028327,0
-0.7915267185261747,0
-0.787916820236877,0
-0.7836727541333499,0
-0.7829200851143472,0
-0.7761204037647476,0
-0.7827673691865294,0
-0.7816892578509821,0
-0.7794602326697457,0
-0.7816780664532099,0
-0.7786093378133292,0
-0.7821370908767119,0
-0.7832911277431653,0
-0.7808203882385256,0
-0.7900097498469858,0
-0.7814766805719716,0
-0.7835432460398273,0
-0.7809056691026601,0
-0.7826744659388629,0
-0.7819642551443949,0
-0.7805134321606766,0
-0.7824803799255349,0
-0.7835943889995092,0
-0.7849951534673147,0
-0.785675932810042,0
-0.7888334304594938,0
-0.7828132316511585,0
-0.7805692444322958,0
-0.7825413435863896,0
-0.7836043848838785,0
-0.7838033425607019,0
-0.7832313191872642,0
-0.7857191881884413,0
-0.7823278758956629,0
-0.7833523126483858,0
-0.7842452398136536,0
-0.7837604194809887,0
-0.9203364600789286,0
-0.9049339093602392,0
-0.8917377465762037,0
-0.8878154074357734,0
-0.885572649270784,0
-0.8873213713742488,0
-0.8884720997097896,0
-0.8852061717023794,0
-0.880573583194174,0
-0.8856629428478127,0
-0.8832914634695109,0
-0.8888893537466229,0
-0.8882463003675286,0
-0.8884693153006931,0
-0.8827124082419165,0
-0.8863247110633432,0
-0.8830606278316895,0
-0.8837516847420599,0
-0.8931851368826842,0
-0.8868309341219777,0
-0.8866129774071468,0
-0.8859928772641433,0
-0.888959679206142,0
-0.8805215016066081,0
-0.8828176325580717,0
-0.8836975555089487,0
-0.8650908844821925,0
-0.8822409830919018,0
-0.8821719844174626,0
-0.882497957775574,0
-0.8835281739863874,0
-0.8815992248089007,0
-0.8814457817975239,0
-0.8837483876636959,0
-0.8838235203926172,0
-0.8838769997730519,0
-0.87866012605839,0
-0.8785193991472408,0
-0.884150868448768,0
-0.8772808444725624,0
-0.8861220054005019,0
-0.8836503157322091,0
-0.8793257000891547,0
-0.8806066504260179,0
-0.8851382293174986,0
-0.8841739569988164,0
-0.8808771097066946,0
-0.8778040561185411,0
-0.8779752248319974,0
-0.88161404398481,0
-0.7213205913934403,0
-0.2284566815032708,5
-0.9031420453388512,0
-0.9793588871418796,0
-0.9064990451208176,0
-0.5731811412965022,3
-0.5678664028252697,3
-0.777934962080189,0
-0.8501923629844734,0
-0.5649475924519015,3
-0.4927528826561679,3
-0.7565719001530637,0
-0.8153665034373253,0
-0.7010488542650967,0
-0.4792588023083362,3
-0.725336046258418,0
-0.6725433687520241,3
-0.5202960701405515,3
-0.5986002649529538,3
-0.8367454847745937,0
-0.7005691647055676,0
-0.3191936485986347,5
-0.867888499249464,0
-0.9234969656460116,0
-0.7370580107724162,0
-0.4716971816471896,3
-0.5526849881939843,3
-0.8501127830100499,0
-0.8011547229773215,0
-0.2920153223105992,5
-0.7048955862734803,0
-0.7616647838737685,0
-0.6646765389115125,3
-0.4798344315950381,3
-0.5617797260147569,3
-0.7606743944009722,0
-0.7559852776835421,0
-0.2960700375654241,5
-0.6312226706453636,3
-0.8957875616717941,0
-0.9869243785783576,0
-0.4026882988161631,5
-0.781591106940223,0
-0.6825363909697694,3
-0.8432673214163188,0
-0.7545890962844293,0
-0.5767704178729726,3
-0.7218579568233557,0
-0.2084411176700952,5
-0.9025747025329252,0
-0.9825597859958376,0
-0.909061879527564,0
-0.5543427309149688,3
-0.5669826093151107,3
-0.7950915279276334,0
-0.8667622769559437,0
-0.5550696149407128,3
-0.4935643654900454,3
-0.7901782205975857,0
-0.834452711681283,0
-0.6808407690024865,3
-0.4755233568554157,3
-0.7471109926187447,0
-0.6925206875318161,3
-0.5010225352908043,3
-0.5952569926169092,3
-0.8432953851212103,0
-0.7282767794030733,0
-0.2950391288471289,5
-0.8682920349227967,0
-0.9368764671825668,0
-0.7510561934279765,0
-0.454125372902798,3
-0.5369577803013351,3
-0.8579750515246876,0
-0.8073352289711467,0
-0.259602314889779,5
-0.6981024672409797,3
-0.7878999208111668,0
-0.6746348840345069,3
-0.4608859588695027,3
-0.5507723326991482,3
-0.7793921303854467,0
-0.7638671852809381,0
-0.2626862382383546,5
-0.6180410669424266,3
-0.9076740561997304,0
-0.9872095934737208,0
-0.3591753383855367,5
-0.77948756062095,0
-0.6714244486409106,3
-0.8262785281430959,0
-0.7453377281577274,0
-0.5644129948913698,3
-0.7501331168117491,0
-0.1687277707957256,5
-0.8971650030093119,0
-0.9892346843396358,0
-0.9166904258665268,0
-0.5425051686739748,3
-0.5567155320151641,3
-0.8107995639753045,0
-0.874830510865567,0
-0.5381203972327364,3
-0.4864482316082256,3
-0.8017166281545546,0
-0.836397580380507,0
-0.6688558900218696,3
-0.4553018391908995,3
-0.7613095835028305,0
-0.7019521861652315,0
-0.4878890996548227,3
-0.5831996467215094,3
-0.8542483325883816,0
-0.7284779694326767,0
-0.2909405952778224,5
-0.8602633910858861,0
-0.9388478500930236,0
-0.7649863720323293,0
-0.4444244256877211,3
-0.52775660183445,3
-0.8659518616187238,0
-0.8157348865834979,0
-0.2621781504936107,5
-0.6922088955837596,3
-0.7875551392309903,0
-0.6898395808555636,3
-0.4467759262933382,3
-0.5469470116717028,3
-0.7911229012858012,0
-0.7711242743542869,0
-0.2504929013734808,5
-0.6146970632855921,3
-0.9103085238327698,0
-0.9895261670919554,0
-0.3532838194806311,5
-0.7722315657945258,0
-0.6691241839770335,3
-0.8308050494677014,0
-0.7505690738387486,0
-0.5704542975965907,3
-0.7524180728093974,0
-0.1708088171138719,5
-0.8954116164948168,0
-0.9907263753958148,0
-0.9278704866451464,0
-0.5485542525728508,3
-0.5603568413468394,3
-0.8212166344073839,0
-0.8825140835327645,0
-0.5402691567626827,3
-0.4785374839479879,3
-0.809814677846635,0
-0.8411574271801383,0
-0.6684439371605132,3
-0.4621369667122306,3
-0.7664163532042247,0
-0.7163518609454079,0
-0.4909006916418617,3
-0.5864024237400961,3
-0.8591972669509695,0
-0.7445092435328506,0
-0.2977951648095602,5
-0.8576566744229859,0
-0.9404892849507398,0
-0.7681338051548887,0
-0.4527643277069881,3
-0.5268147304462204,3
-0.8686586566394767,0
-0.826346238171362,0
-0.2497337203953297,5
-0.6951349797888953,3
-0.7979899048455478,0
-0.6957407839250995,3
-0.4386214772551083,3
-0.5308865818741262,3
-0.789764391277338,0
-0.7778349451470414,0
-0.2466764070496387,5
-0.6138454948899235,3
-0.9154620407453608,0
-0.3594937451177425,5
-0.7783277083631412,0
-0.6684416682502131,3
-0.8319625874087461,0
-0.7487920041904009,0
-0.5649415269190095,3
-0.7642053411968669,0
-0.176463761775848,5
-0.8892684362902983,0
-0.9890150499115498,0
-0.9314968991979642,0
-0.5448220357506272,3
-0.555554518370797,3
-0.8295025763699146,0
-0.8867868381637989,0
-0.5391636024138449,3
-0.4831136856435152,3
-0.8120572934935072,0
-0.8493796890695757,0
-0.6654593654705382,3
-0.458145687987501,3
-0.7735525466454408,0
-0.717937063772101,0
-0.4846876923927207,3
-0.5792291207870893,3
-0.8660009314805965,0
-0.7484452210510114,0
-0.2918891289118761,5
-0.8582164805105736,0
-0.9464122029176172,0
-0.7726223480659982,0
-0.4432253253468786,3
-0.5296770813647556,3
-0.8715943958983452,0
-0.8248920768638066,0
-0.2525863534601379,5
-0.6922420064406911,3
-0.8071539197402507,0
-0.6999401839405334,3
-0.4298274413743476,3
-0.5377634707341168,3
-0.7962578934384167,0
-0.777782449367177,0
-0.2499483394264776,5
-0.599985882554845,3
-0.9169247545843804,0
-0.9958549208549604,0
-0.3424295537202375,5
-0.7695056693372534,0
-0.6622764747558525,3
-0.8259869890682696,0
-0.7413636886420748,0
-0.5635714983352148,3
-0.7680211613469989,0
-0.1615415141598227,5
-0.8843041704275441,0
-0.9937682490548516,0
-0.9248960375740134,0
-0.5303289374191896,3
-0.5453322202501318,3
-0.8277621688412405,0
-0.8865779495075046,0
-0.5252287412540515,3
-0.4730359632220269,3
-0.8128423645025674,0
-0.8430430669281206,0
-0.6640826137367798,3
-0.4561872141102161,3
-0.7721423636253371,0
-0.7168348820626644,0
-0.4843311715323727,3
-0.5811756044704769,3
-0.8613521850874796,0
-0.7577078652806497,0
-0.2802225078817754,5
-0.8577201307833102,0
-0.9441023604430888,0
-0.7760105982438296,0
-0.4334068537482604,3
-0.5210941614526263,3
-0.8734452089304288,0
-0.8263919827869348,0
-0.2535104173680441,5
-0.6863437967092569,3
-0.8028411937445106,0
-0.7055046430890001,0
-0.4394477326118378,3
-0.5441263383196935,3
-0.7980420909512252,0
-0.7797378405514152,0
-0.2361385363609225,5
-0.6210707902773598,3
-0.9137050741427672,0
-0.9913096701606569,0
-0.3524966161888119,5
-0.7711991854337901,0
-0.6678185272884118,3
-0.8332480106359492,0
-0.7452394275453664,0
-0.5615065313798222,3
-0.7749114836343529,0
-0.1513349768176187,5
-0.8903615453003291,0
-0.9910036214941288,0
-0.927577692222144,0
-0.5301362619882843,3
-0.5478616575502829,3
-0.8293859328868758,0
-0.8846243393724744,0
-0.5219275257035918,3
-0.4802319466378517,3
-0.8095635505533306,0
-0.8427914926773326,0
-0.6644980236589177,3
-0.4593106858295374,3
-0.7721817855730969,0
-0.716393149742328,0
-0.4736893288264144,3
-0.5713771124545376,3
-0.8594214223153822,0
-0.7510136149636626,0
-0.2751404046629901,5
-0.8571512762728477,0
-0.94114972523972,0
-0.7747366161241425,0
-0.4300915005432151,3
-0.5196863740263854,3
-0.8702986079023244,0
-0.8310007631691204,0
-0.2443474308199958,5
-0.6922741846798739,3
-0.8054736001667645,0
-0.7074767186814495,0
-0.4337656672281065,3
-0.5393887182972317,3
-0.8007946603092355,0
-0.7773450563524988,0
-0.2461705713625874,5
-0.6144299867087188,3
-0.9112042345185484,0
-0.9905107719798124,0
-0.3576313450175458,5
-0.7734111971134588,0
-0.6662211922139499,3
-0.8269891494858226,0
-0.7465069518942812,0
-0.5606476317533053,3
-0.7677465869043666,0
-0.1566876834479693,5
-0.8890770239335608,0
-0.9901357874288982,0
-0.9281190377641216,0
-0.5394205007881439,3
-0.5492438714016463,3
-0.8263933199093252,0
-0.8853706250030076,0
-0.525478838586043,3
-0.4690082785648959,3
-0.8170881207968409,0
-0.8451670996176727,0
-0.6621614270698082,3
-0.4611787168048281,3
-0.7776493624447542,0
-0.7186601941065663,0
-0.469226193000439,3
-0.5757772863168086,3
-0.8670926161169756,0
-0.7517029666653487,0
-0.2859591901331511,5
-0.8597217368981889,0
-0.945081303676929,0
-0.7717868204698973,0
-0.4235703488786274,3
-0.527861465727989,3
-0.8772128531882353,0
-0.8310624150820805,0
-0.2491356022433053,5
-0.6888161474964094,3
-0.808483884508518,0
-0.7078965411569077,0
-0.4369300076396639,3
-0.5430078744386182,3
-0.7969344684070965,0
-0.7855710456871337,0
-0.2494504360926014,5
-0.6092293821812813,3
-0.9163745395617848,0
-0.9948175105105648,0
-0.3454428176136689,5
-0.7708740844230331,0
-0.6628739652426106,3
-0.8295157828661308,0
-0.7440418948648252,0
-0.5578112057658373,3
-0.7725600590145676,0
-0.1565876508459087,5
-0.8905131343085733,0
-0.99220696765515,0
-0.9258148671871212,0
-0.5317221874538027,3
-0.5415939829907772,3
-0.8258774794632957,0
-0.8883612118279426,0
-0.5160779337514806,3
-0.4779489604749632,3
-0.8135204634011886,0
-0.8480188900656127,0
-0.6604302899767781,3
-0.4562960738750857,3
-0.7778664025717901,0
-0.7230249465808567,0
-0.4762370233110012,3
-0.5743081480768183,3
-0.8713367736961073,0
-0.7579682445124984,0
-0.2731745289818526,5
-0.8601102145533807,0
-0.9459205795478444,0
-0.7762858618460271,0
-0.4284024646199685,3
-0.5298453833328529,3
-0.8791851028495168,0
-0.835749703701968,0
-0.2485731947836694,5
-0.6920930014273174,3
-0.8095817812735387,0
-0.70915902250273,0
-0.4269286935194167,3
-0.538782258035453,3
-0.8010724881068647,0
-0.7782018528353978,0
-0.2328551593286624,5
-0.6070974174925903,3
-0.9176347806533336,0
-0.9966246449901416,0
-0.3433023234872899,5
-0.7709674309624989,0
-0.664271800801951,3
-0.829858663035458,0
-0.7388133519936462,0
-0.5558106351698756,3
-0.7749264151033072,0
-0.1542047273979659,5
-0.895020654060936,0
-0.9927390771720904,0
-0.9285668794577744,0
-0.5315932146381126,3
-0.5476233602846501,3
-0.8317056495464276,0
-0.886651697960827,0
-0.520335846309635,3
-0.4691705108703072,3
-0.8190380168915251,0
-0.849275164770387,0
-0.6627087613860518,3
-0.4532762108581712,3
-0.7823684457549112,0
-0.724402939574746,0
-0.4787542634003119,3
-0.5741919181260935,3
-0.8664413678624437,0
-0.7595555804434637,0
-0.2770241345310478,5
-0.8603738032356976,0
-0.9453772772724848,0
-0.7798300842445018,0
-0.4142470375932088,5
-0.5219164385821982,3
-0.8782370622620611,0
-0.8335090388419116,0
-0.2383009024896061,5
-0.6909662507697257,3
-0.806771757429999,0
-0.7082291389406388,0
-0.4285632217826018,3
-0.5382458323887718,3
-0.8025212149288496,0
-0.7814811524190719,0
-0.2374264537912467,5
-0.6062289289489013,3
-0.9203139871264115,0
-0.9935551052404128,0
-0.3388766454734431,5
-0.770994189512435,0
-0.6628361049679394,3
-0.8243271843493428,0
-0.7369369475685299,0
-0.5558970805739013,3
-0.7751952366556591,0
-0.1493749113634216,5
-0.8871562280364338,0
-0.9933496789885868,0
-0.9294108806224446,0
-0.5197941741437612,3
-0.5438710600960092,3
-0.8330386892927049,0
-0.8864470091551491,0
-0.5102360470953182,3
-0.4689208177789585,3
-0.8205987167209939,0
-0.8538892882531336,0
-0.6572343901361396,3
-0.449534957528943,3
-0.7797919428228722,0
-0.7206529365729686,0
-0.4722080589472024,3
-0.5709139306465573,3
-0.8656165106967728,0
-0.7552573787229038,0
-0.2579174954859403,5
-0.861017551162893,0
-0.9506157288114344,0
-0.7720092631232573,0
-0.4184682734524705,3
-0.5153200225048106,3
-0.8782793636490958,0
-0.8301253580661707,0
-0.2249367101055459,5
-0.684809394116512,3
-0.8088208261004688,0
-0.7080334626523882,0
-0.4258327242112455,3
-0.5304006161557108,3
-0.8011265494898987,0
-0.7850300908281611,0
-0.2219315682589918,5
-0.6032259098059654,3
-0.9166982283309156,0
-0.992527801508526,0
-0.3243225597246392,5
-0.7682484035268184,0
-0.6644297951430248,3
-0.8232082200822497,0
-0.7379252861010994,0
-0.5546513812079126,3
-0.7736653155187505,0
-0.1355254209311197,5
-0.888057221447407,0
-0.9920531932333913,0
-0.9271904832090688,0
-0.5238132510433359,3
-0.5430655988125325,3
-0.8355800752654313,0
-0.8873955073762907,0
-0.5127552421723793,3
-0.4788854790737963,3
-0.8172311880282881,0
-0.8538362184563735,0
-0.6492201063493838,3
-0.45316159672679,3
-0.7806397104375623,0
-0.7210339873367246,0
-0.4675915810055469,3
-0.5704492184039606,3
-0.8647936459988932,0
-0.7565247310980412,0
-0.2602907660894505,5
-0.8572458932417095,0
-0.946868123353738,0
-0.7763633608274683,0
-0.4143973296806205,5
-0.5226005019586258,3
-0.8774735449374291,0
-0.8280679991428356,0
-0.2310864516623562,5
-0.6844359368404138,3
-0.8069452697624997,0
-0.7089857086852709,0
-0.4207428787325823,3
-0.5333440727563469,3
-0.8044482435433216,0
-0.786808791243735,0
-0.2392148876292304,5
-0.5990595243800807,3
-0.9203879412176958,0
-0.9919720578881904,0
-0.3360173165777777,5
-0.7694104327593694,0
-0.6644433733837962,3
-0.8247443580688643,0
-0.7408123018933107,0
-0.5571056340153375,3
-0.6303536495169575,3
-0.6209270590174473,3
-0.1964148976760524,5
-0.4867974634917927,3
-0.894868648252606,0
-0.4499878938722376,3
-0.4959796060573824,3
-0.6926406745218063,3
-0.6483930084419943,3
-0.6143020149321488,3
-0.9125613123409412,0
-0.2548990659111425,5
-0.972916465979994,0
-0.6746607246071012,3
-0.924795804939653,0
-0.2823077946060103,5
-0.9694887152698696,0
-0.6750325881792675,3
-0.9208746247540672,0
-0.2545315321602265,5
-0.9660656454936224,0
-0.6827764943169661,3
-0.9243006241726156,0
-0.2512010333457808,5
-0.9698099451600256,0
-0.6865886665660136,3
-0.9241629105260712,0
-0.27479790214815,5
-0.9646653665454544,0
-0.679955872488265,3
-0.9217377997507576,0
-0.3014338940618583,5
-0.9692530331588722,0
-0.6640085510180782,3
-0.920265466431524,0
-0.2922237510703211,5
-0.9682007903414376,0
-0.6686590815439469,3
-0.9190770863603684,0
-0.3017637891323715,5
-0.9690833740483522,0
-0.6616917614161419,3
-0.915267310300796,0
-0.3204342500831267,5
-0.970951178277421,0
-0.6543228875721584,3
-0.9226918533657936,0
-0.3210847984031922,5
-0.9698108093043254,0
-0.6507062117299289,3
-0.9140236851124792,0
-0.3264090021220404,5
-0.9711795719553612,0
-0.6405651254507937,3
-0.91874548841616,0
-0.3144050867103384,5
-0.9691301952798416,0
-0.6616548272066934,3
-0.9157032435368851,0
-0.2711490170781804,5
-0.9643619432955496,0
-0.6686541507223923,3
-0.9123662543412484,0
-0.244240758356819,5
-0.9648236291685232,0
-0.6749123899653677,3
-0.9204430170025776,0
-0.2451952324549555,5
-0.9652316032901436,0
-0.6724477690865714,3
-0.9137377775456508,0
-0.2487661006176038,5
-0.9623564285953112,0
-0.6747276509349384,3
-0.915447205681308,0
-0.2539471262992687,5
-0.9635749744593586,0
-0.6685956992074482,3
-0.921753755126088,0
-0.2658723425580486,5
-0.9673077014240388,0
-0.6665966016215119,3
-0.9214972351019586,0
-0.2677088969059261,5
-0.9631727453839298,0
-0.6622686605411081,3
-0.9167262439860412,0
-0.273255489046717,5
-0.9649706053634431,0
-0.6655791677454017,3
-0.9167975665160328,0
-0.2761440222349416,5
-0.9677689042215356,0
-0.6581254125055617,3
-0.9146926187609844,0
-0.2807787632796472,5
-0.9671310797973388,0
-0.6576218103155999,3
-0.918231141456842,0
-0.2874671458470001,5
-0.968182988023054,0
-0.6581586739019789,3
-0.9130443050699648,0
-0.2903317899986482,5
-0.967010814294836,0
-0.6554546605199132,3
-0.9187519184144262,0
-0.2924870770972751,5
-0.9703453417844184,0
-0.6482050216853004,3
-0.9137797501269788,0
-0.3015977781449406,5
-0.9669026315694388,0
-0.6481556642516441,3
-0.9119645371464756,0
-0.3061003036971148,5
-0.9678120043967025,0
-0.6507759546205081,3
-0.917042166937152,0
-0.3020235546577526,5
-0.967384833452865,0
-0.6529485904508594,3
-0.9168070429710696,0
-0.3154683791270068,5
-0.9710700763346288,0
-0.6475806486905507,3
-0.9138998308039394,0
-0.3143976010679874,5
-0.9681248178858164,0
-0.6499826646974733,3
-0.905967915751926,0
-0.3180220875006203,5
-0.9707475478482814,0
-0.6491869815552644,3
-0.9121481260748062,0
-0.3224631102419718,5
-0.9697101044560686,0
-0.6465152132585097,3
-0.9107276526514292,0
-0.3239803321300272,5
-0.9699949808916954,0
-0.6487903597011863,3
-0.9128897458057492,0
-0.3390391627397041,5
-0.9695786665636894,0
-0.6435958293458142,3
-0.9067506569153722,0
-0.3298075514043977,5
-0.9679523797305138,0
-0.6473251338094392,3
-0.9125090002863652,0
-0.3289759969905488,5
-0.9715630548386608,0
-0.6453248936907909,3
-0.9097331672728016,0
-0.3149923502175563,5
-0.9677873616741158,0
-0.6481995279851919,3
-0.9118404779472408,0
-0.3254838658367204,5
-0.9687681130599416,0
-0.6486848167461334,3
-0.914614632159085,0
-0.3427586283082092,5
-0.9733512414133296,0
-0.6498887586507676,3
-0.9151833876400056,0
-0.3472367739888099,5
-0.9728422884442062,0
-0.6437685301335837,3
-0.9138547986657618,0
-0.3490611160928282,5
-0.9725542717845496,0
-0.6448355704872198,3
-0.9113030637503596,0
-0.3309850943568262,5
-0.972114678803639,0
-0.6333801024185026,3
-0.9119806969690238,0
-0.3532728711870889,5
-0.9697598672839424,0
-0.6368597109294981,3
-0.9142744999030568,0
-0.351790564420178,5
-0.9723264524646478,0
-0.6429680044967994,3
-0.913574658117615,0
-0.3555813259451619,5
-0.9677653242507972,0
-0.6394720112213909,3
-0.9124832346223832,0
-0.3620720876682484,5
-0.9689645097986676,0
-0.6322337678451893,3
-0.9141846493017416,0
-0.3551363899223031,5
-0.9714813350593186,0
-0.6412124817658327,3
-0.9105554281115372,0
-0.360046329663348,5
-0.9731116172087116,0
-0.6385530773707072,3
-0.9135005659422888,0
-0.3595904131398914,5
-0.9699734081755418,0
-0.6372728585170669,3
-0.9125439397397628,0
-0.3737564626917491,5
-0.9720428901903172,0
-0.6547184998168243,3
-0.9120653105028472,0
-0.3822674698769849,5
-0.970585663110445,0
-0.4543031664471928,3
-0.8610534804250165,0
-0.0286590700278843,2
-0.5670615239655221,3
-0.5692005229659389,3
-0.7476472351083581,0
-0.7496245444535415,0
-0.6233727147448928,3
-0.5263564799767677,3
-0.6687050562103195,3
-0.8289428138725117,0
-0.6551601411404357,3
-0.426808463768528,3
-0.4560467143723015,3
-0.3675103530878475,5
-0.7474307368404042,0
-0.4675399758277223,3
-0.6007781500802093,3
-0.4184046956065143,3
-0.395882554080403,5
-0.6879513967114866,3
-0.4684033032398654,3
-0.7123981163627182,0
-0.3441157892251075,5
-0.4371937981432188,3
-0.732176638315946,0
-0.4200614486561368,3
-0.6467238333328054,3
-0.4969048049512133,3
-0.8180373478826733,0
-0.2997564719832139,5
-0.3343707308802605,5
-0.4610247984987615,3
-0.6102792562226225,3
-0.2487135310426494,5
-0.7346566037223168,0
-0.5901829056415228,3
-0.7755384771751695,0
-0.2457391297420703,5
-0.5414256277103058,3
-0.6242151852500071,3
-0.6786959103242216,3
-0.2433108650167945,5
-0.474182041881379,3
-0.5626673127604038,3
-0.492426502245152,3
-0.3660594746788937,5
-0.658073248416153,3
-0.918766777169765,0
-0.4699607812623292,3
-0.4260067295731325,3
-0.8600115400819321,0
-0.1460203725672219,5
-0.6082516039538662,3
-0.5519642455622052,3
-0.7423493619030606,0
-0.7761784099452123,0
-0.6583935858885243,3
-0.4987651304738889,3
-0.6638282755589091,3
-0.8512633872417099,0
-0.6728167462511516,3
-0.4146092082122765,5
-0.4431044355447205,3
-0.4277619198082288,3
-0.7700394217626685,0
-0.4387042579653056,3
-0.6016223582979286,3
-0.485783171766079,3
-0.4554341945421542,3
-0.667220561872278,3
-0.46240079522965,3
-0.7436265322209732,0
-0.3743911307987181,5
-0.433974539893177,3
-0.734721577337487,0
-0.4418676811068915,3
-0.6568666749194171,3
-0.4916995463641765,3
-0.8221062317719919,0
-0.3216084635571906,5
-0.3486890186370975,5
-0.4514016066282976,3
-0.6104766732972314,3
-0.2644490901106832,5
-0.7391746641256502,0
-0.5812474193530932,3
-0.7762737465988316,0
-0.2627144219985362,5
-0.5446859298157427,3
-0.6221601912561905,3
-0.6728400432910985,3
-0.2520445465806784,5
-0.4755906933821529,3
-0.5691091390849091,3
-0.4919246817345774,3
-0.3754110351672888,5
-0.6562084518736258,3
-0.9156530753993084,0
-0.4839490442152677,3
-0.4262993060494304,3
-0.8643849467684397,0
-0.1660415071877282,5
-0.6051111896183881,3
-0.5445405212827825,3
-0.743584008118017,0
-0.781956012664065,0
-0.659821545752425,3
-0.5037658234626279,3
-0.6655763850385032,3
-0.8572417914783534,0
-0.6792478902544254,3
-0.4155833741770809,3
-0.4505835943764107,3
-0.4414341785092946,3
-0.7728950459508983,0
-0.437751369043406,3
-0.5930018831371074,3
-0.4834647085960512,3
-0.4527086079181062,3
-0.667385397128961,3
-0.4660090171722528,3
-0.7423358483186687,0
-0.3798642891098461,5
-0.42708746501549,3
-0.7346225029895697,0
-0.4474238203263995,3
-0.6572431009698324,3
-0.4899731725436557,3
-0.8238048256376206,0
-0.3309772996478445,5
-0.35997088193837,5
-0.2787397834261117,5
-0.745586773990155,0
-0.5848501525747113,3
-0.7747331920313311,0
-0.2787625577083265,5
-0.5602394539087181,3
-0.6745613267753366,3
-0.2632080348412293,5
-0.4953082035919107,3
-0.5714262267009289,3
-0.5014617701488187,3
-0.3763111857082969,5
-0.5009115861559763,3
-0.4318481925331877,3
-0.8608450033189396,0
-0.173359844682867,5
-0.616075025737331,3
-0.5462318597159024,3
-0.7449151728209553,0
-0.7876557894808295,0
-0.6679063071098882,3
-0.8581539934748088,0
-0.6878118738840289,3
-0.4044537018031093,5
-0.4514055884175926,3
-0.772102462696895,0
-0.4385725254197983,3
-0.5008900026907528,3
-0.468266552176407,3
-0.751362031206133,0
-0.3825584333979221,5
-0.426214775646265,3
-0.4659244029903902,3
-0.6637418352592064,3
-0.3451397693907464,5
-0.3676538776320124,5
-0.6106841427477203,3
-0.2895921286739018,5
-0.7451743198573982,0
-0.5885679645995757,3
-0.7726420852651535,0
-0.2887997723428843,5
-0.5510958837627574,3
-0.6185942246458807,3
-0.6803080712309539,3
-0.2779554577273719,5
-0.494569491483214,3
-0.5606102143708307,3
-0.4857653762222118,3
-0.3871338916397295,5
-0.6617014387504072,3
-0.9149233177550676,0
-0.4903478135974153,3
-0.4250131285561185,3
-0.8596412146915204,0
-0.1699470119814337,5
-0.6174104083781723,3
-0.5404835918688237,3
-0.7426863924343585,0
-0.7900325634400684,0
-0.6737034697902535,3
-0.5081096272730884,3
-0.6584234334916206,3
-0.687667356255521,3
-0.4074049164653682,5
-0.4425929684084539,3
-0.4585262417426142,3
-0.7818879791780117,0
-0.4430660963755224,3
-0.5938429093251834,3
-0.5013417961794318,3
-0.4674666528005836,3
-0.6703041510491019,3
-0.4580546226829709,3
-0.7574026529911505,0
-0.4005059785613654,5
-0.4271974754666812,3
-0.7318507649397668,0
-0.4630811995325477,3
-0.6686021964012667,3
-0.4928651826352926,3
-0.8250218147134563,0
-0.3521766313147878,5
-0.372439551984744,5
-0.4530573667461661,3
-0.6125884400313839,3
-0.2992349940835393,5
-0.7453033060765579,0
-0.5770528033615132,3
-0.7735456327391301,0
-0.2878767451422078,5
-0.5626535154990949,3
-0.6245497198708493,3
-0.6753438959821108,3
-0.2801170117057949,5
-0.5062929908900226,3
-0.5646445247701564,3
-0.49104300045481,3
-0.3897035998854666,5
-0.6593578004262003,3
-0.9132236049796684,0
-0.4959070960065119,3
-0.4395496481298788,3
-0.866298306042316,0
-0.187695121232198,5
-0.6202633587470712,3
-0.5492901042811204,3
-0.7455998452274509,0
-0.6691274146053747,3
-0.5012523003016198,3
-0.667468169902719,3
-0.6970771805657687,3
-0.4119244243800487,5
-0.4455808480906931,3
-0.4605359642205402,3
-0.7844505548444903,0
-0.4315638560996591,3
-0.5937602587820295,3
-0.5135002672701591,3
-0.4843401318264505,3
-0.6748748639326728,3
-0.4685848189165405,3
-0.7562826297278746,0
-0.4172502311403493,3
-0.4312320178099599,3
-0.7268395233813437,0
-0.4727177328702255,3
-0.6725302960150161,3
-0.4996537077894402,3
-0.8204840754915746,0
-0.3583801884636749,5
-0.3816057354258281,5
-0.4524342981815598,3
-0.6029318111742805,3
-0.3043555309364754,5
-0.7481532446053567,0
-0.5919012488139047,3
-0.7701490272591225,0
-0.2909779780582119,5
-0.5596131676608651,3
-0.6226493408617648,3
-0.682999196580545,3
-0.2976927185594845,5
-0.5022342154081794,3
-0.5681223859404908,3
-0.4901176912157676,3
-0.3933290923536874,5
-0.6345943600856907,3
-0.9116006264573736,0
-0.4946548802669852,3
-0.4182997861334934,3
-0.861609797810982,0
-0.2113901792975415,5
-0.6264653611461419,3
-0.54838206989576,3
-0.7381813394206855,0
-0.7871443775638256,0
-0.6803101701457882,3
-0.4973536075268778,3
-0.6646074110337595,3
-0.6984677090081207,3
-0.4099289527667014,5
-0.4466983111076787,3
-0.4582781259447601,3
-0.7822445297670207,0
-0.5074768062223767,3
-0.4793807690492185,3
-0.666521159154895,3
-0.4718797182205768,3
-0.7560823023630792,0
-0.4006231494624369,5
-0.4342864046537994,3
-0.7286955850742078,0
-0.4764024014324439,3
-0.667399757937211,3
-0.4929203510173116,3
-0.820602655410125,0
-0.3645175177064583,5
-0.388050912195535,5
-0.4567000718233988,3
-0.6200477891830823,3
-0.3166674597120065,5
-0.7592903770344583,0
-0.5817173431450775,3
-0.781325469696532,0
-0.3260469060743398,5
-0.5667904142818004,3
-0.6873095638446339,3
-0.308213366041097,5
-0.5204009188465679,3
-0.5717373724127275,3
-0.4898531494450503,3
-0.4043693819837228,5
-0.6597993455908264,3
-0.9193193560782084,0
-0.5211378654824071,3
-0.4365294091768145,3
-0.8624945872283988,0
-0.2188577108754603,5
-0.6336274778191032,3
-0.549486791820184,3
-0.7493250486587882,0
-0.8001321522736113,0
-0.6817952428025693,3
-0.4996328357653348,3
-0.6738572382204014,3
-0.6980895116090259,3
-0.4147346151478244,5
-0.4544587320494735,3
-0.4759928569465755,3
-0.7931252615725982,0
-0.4400539530592778,3
-0.599772381151908,3
-0.5182958120572396,3
-0.4848438626080931,3
-0.6702751007610884,3
-0.4713637191929903,3
-0.762981106360105,0
-0.407389262666123,5
-0.4244952676825743,3
-0.7316167398319894,0
-0.4665949071238885,3
-0.6716603448495055,3
-0.4910612704423457,3
-0.8248842007107116,0
-0.3459889773156783,5
-0.3852136081126373,5
-0.4524136884896647,3
-0.612826887094641,3
-0.3158073851210454,5
-0.7520519763730368,0
-0.5838031093751428,3
-0.7784985539908271,0
-0.3067426190872827,5
-0.5636635356356962,3
-0.6155583031586604,3
-0.6825266211709571,3
-0.2974695858455383,5
-0.5070347160059151,3
-0.5614113459745359,3
-0.498808804040767,3
-0.4065367448599587,5
-0.6548165495865815,3
-0.9127667106271669,0
-0.5181483028822218,3
-0.4280939651837786,3
-0.865057216580362,0
-0.2242201998706899,5
-0.6247586841679835,3
-0.5465625484584824,3
-0.7436049969188292,0
-0.7948948325117835,0
-0.6825567567331551,3
-0.5028926745645218,3
-0.668154339862103,3
-0.696066486539758,3
-0.4078157197012398,5
-0.4405304499001573,3
-0.4723353728158048,3
-0.7926757911689938,0
-0.4361759220840434,3
-0.5894024901258578,3
-0.5168155476212594,3
-0.4814550648257175,3
-0.667281293219308,3
-0.4731388023716782,3
-0.7676573128983881,0
-0.4008855634892992,5
-0.4237451495363223,3
-0.7308614305665649,0
-0.4712359692916666,3
-0.6695897702625082,3
-0.4886713556084031,3
-0.8284079097258893,0
-0.3835476083028299,5
-0.3853588995881537,5
-0.4517119960372238,3
-0.6024081858838498,3
-0.3249468122348477,5
-0.7525543125282164,0
-0.5880563855892075,3
-0.7765742795107804,0
-0.3205111364887173,5
-0.568090580679277,3
-0.6157471387758376,3
-0.6768565958233166,3
-0.3066379909949635,5
-0.5122424107977848,3
-0.5646991166121916,3
-0.4932486640177348,3
-0.4114729109771994,5
-0.6536998101257412,3
-0.9146697182017482,0
-0.5175682360452133,3
-0.4360604573208992,3
-0.8602738994582186,0
-0.2125042599439744,5
-0.6231565709019875,3
-0.5419754026265796,3
-0.7466510128560409,0
-0.7904955594115951,0
-0.6779014077470311,3
-0.4870633855733349,3
-0.6603905553301351,3
-0.6984695216715097,3
-0.4100144782364807,5
-0.4449819681748256,3
-0.4648952190327041,3
-0.7868007174188792,0
-0.4303273450178024,3
-0.6016885303190064,3
-0.5170408115060278,3
-0.4866771112337098,3
-0.6692695546050047,3
-0.470947504834421,3
-0.758666019830568,0
-0.4095558958234674,5
-0.4300285163067036,3
-0.7292940319168355,0
-0.4847747313650312,3
-0.6748048427186037,3
-0.4911387143062546,3
-0.8206045384143766,0
-0.3647873995808552,5
-0.3922080419079169,5
-0.443263590792378,3
-0.6121266220700753,3
-0.3145915028905206,5
-0.7585425734060721,0
-0.5909365748158479,3
-0.7739921452376257,0
-0.313082394011881,5
-0.569705418909931,3
-0.6275689358924644,3
-0.6637622174687625,3
-0.2935452272295861,5
-0.5167111841544628,3
-0.5739187697870994,3
-0.5020589767928054,3
-0.3942374866568595,5
-0.6320108745756171,3
-0.9093057423096826,0
-0.5023270334167338,3
-0.4356731452751582,3
-0.8592072887934239,0
-0.1997816073807541,5
-0.6231382444729282,3
-0.5466059861419357,3
-0.7403775338800308,0
-0.787244406360028,0
-0.6769689830787522,3
-0.5053233593754969,3
-0.6609344740807962,3
-0.7003342650726643,0
-0.4106492652588475,5
-0.4529902734637763,3
-0.461938621608839,3
-0.7859576005586206,0
-0.4323313391642507,3
-0.5895969547175811,3
-0.5055427433811533,3
-0.4652803792052608,3
-0.6778729609957206,3
-0.4734420303806809,3
-0.7576491591955693,0
-0.4151167321038214,5
-0.4331749879032157,3
-0.7337772713670493,0
-0.472859527185433,3
-0.480832990747518,3
-0.8189463128438885,0
-0.373322022795978,5
-0.3918987306257176,5
-0.4543704899563912,3
-0.5998264862716091,3
-0.3217067952495588,5
-0.758126130168145,0
-0.5877395025747414,3
-0.7758900167060199,0
-0.306574100726891,5
-0.5741807237925618,3
-0.6117508729365968,3
-0.6827645912082605,3
-0.3179383774733623,5
-0.5171691799005457,3
-0.5628264609777015,3
-0.4861128645212541,3
-0.4048875579383832,5
-0.6605392980822424,3
-0.9110495405239488,0
-0.5166005991684878,3
-0.4276305759221623,3
-0.8586290566956379,0
-0.2157484272388137,5
-0.6257547492470594,3
-0.5454929003684108,3
-0.7409837282568302,0
-0.7979919337891589,0
-0.683084198005384,3
-0.5015578426403353,3
-0.6629927853429929,3
-0.700521252884694,0
-0.4134319188112397,5
-0.4429355249606941,3
-0.4633629108628607,3
-0.7937169739476262,0
-0.4332703916454338,3
-0.5909615200398758,3
-0.5207159748700104,3
-0.4921942707699835,3
-0.6756745355447236,3
-0.4657073123758477,3
-0.7671203423865134,0
-0.4248338044055835,3
-0.4273739626121683,3
-0.7365935236335319,0
-0.4813935643384424,3
-0.6750083931173818,3
-0.4903517984047875,3
-0.3719189021261211,5
-0.4040367848736542,5
-0.3134036872691277,5
-0.7601133359716415,0
-0.3086495887181653,5
-0.5755784434439827,3
-0.3041536402110699,5
-0.5143407150731725,3
-0.3977814725376593,5
-0.7962311742531429,0
-0.6390562858445002,3
-0.7294810611548781,0
-0.7390152432979668,0
-0.6234240770788687,3
-0.7707313011867098,0
-0.6145363262272003,3
-0.636275024616497,3
-0.7445713901746023,0
-0.6387389973723541,3
-0.6786318425511164,3
-0.6655843545098808,3
-0.6993757688487787,3
-0.6944202594436236,3
-0.6715479412442296,3
-0.7059853083394673,0
-0.7910108684138051,0
-0.702541629353551,0
-0.7855356075990874,0
-0.7002246215217238,0
-0.7907189958708565,0
-0.7918204178152723,0
-0.7830776854207722,0
-0.7903598481932113,0
-0.7901141923626365,0
-0.7960613069653335,0
-0.7907321902660196,0
-0.7969063147396928,0
-0.7907553775413267,0
-0.7920052882419013,0
-0.7889441707603393,0
-0.7901578890967638,0
-0.7934639854784467,0
-0.7920012346906338,0
-0.7897248009208735,0
-0.7963505494257901,0
-0.7891737635949868,0
-0.7923082342672004,0
-0.7968760420740957,0
-0.7903014886217743,0
-0.7929442000362183,0
-0.7934195596051621,0
-0.7918860852154186,0
-0.7962689428166148,0
-0.7936601270005965,0
-0.7967893926618242,0
-0.7960368477673998,0
-0.793153462267403,0
-0.7941469652767701,0
-0.7986251609790965,0
-0.7950127032005581,0
-0.7946983925589511,0
-0.7934776823754708,0
-0.7954648701034459,0
-0.7967922072583157,0
-0.7938149936907126,0
-0.7947824637441114,0
-0.7923005860421704,0
-0.796454633864362,0
-0.7940418160072646,0
-0.8003756842700821,0
-0.7896974810599178,0
-0.7988147830175589,0
-0.79433492972446,0
-0.7967869766296946,0
-0.7951845618763457,0
-0.7976845154503067,0
-0.7963814709267953,0
-0.7923990259725004,0
-0.7940508162159156,0
-0.7989413428731257,0
-0.7959064894903817,0
-0.79888558211261,0
-0.7955300786309878,0
-0.7988184134382691,0
-0.7997880881561115,0
-0.7946195188684698,0
-0.7978583966748674,0
-0.8033601026026109,0
-0.8015942231220635,0
-0.7987601932820746,0
-0.804884360646977,0
-0.8019921044201939,0
-0.7953177227267448,0
-0.7939538841345873,0
-0.7922898362542432,0
-0.7895214629447516,0
-0.7827274328634578,0
-0.7736405495398111,0
-0.7674249643613131,0
-0.75615685692695,0
-0.7489840259657103,0
-0.7384009625789376,0
-0.7332947671478595,0
-0.7309764242289069,0
-0.7192496473811212,0
-0.7104231219893962,0
-0.7110878569521173,0
-0.6949919879234241,3
-0.6987899424616761,3
-0.6931302349952306,3
-0.6920856441171319,3
-0.6891268937959227,3
-0.6820806416628551,3
-0.6850312406024716,3
-0.6767116014189661,3
-0.6748105279151905,3
-0.6764461325600184,3
-0.6736255627965508,3
-0.6693226420106198,3
-0.6699892706309275,3
-0.6685422085988616,3
-0.6691367465540452,3
-0.669365166101652,3
-0.6670519982924316,3
-0.6693248646523522,3
-0.666877798723378,3
-0.6599499522671941,3
-0.6391966914432327,3
-0.6305702543108419,3
-0.6334231598769937,3
-0.6299666134754965,3
-0.6382218199324176,3
-0.6398944528967591,3
-0.6479119961422879,3
-0.6335256948288716,3
-0.6357788633190311,3
-0.6957602382940697,3
-0.6433908847323289,3
-0.6632405961990077,3
-0.6595340591461999,3
-0.6591111071503928,3
-0.6592603619345188,3
-0.6674631292266111,3
-0.6495059017120471,3
-0.6832950410952767,3
-0.6797023567494,3
-0.6933106521247493,3
-0.6895893372376799,3
-0.7004477311313856,0
-0.7018370666700732,0
-0.6938948828870093,3
-0.73173789671684,0
-0.731582908562459,0
-0.7543890659299275,0
-0.7550667691742032,0
-0.6395884082088048,3
-0.6510351897713417,3
-0.7629591003069807,0
-0.7532139067285927,0
-0.7550418552308276,0
-0.7538272568625461,0
-0.7645826194426627,0
-0.7516770964422086,0
-0.5830797397422584,3
-0.7547048092728983,0
-0.6200504461528721,3
-0.6127617883039977,3
-0.6233352449708286,3
-0.3548571511621556,5
-0.5411554479979042,3
-0.767541799533613,0
-0.6107286326522771,3
-0.6079493336607241,3
-0.6035175346991258,3
-0.602073373353104,3
-0.6151051506946941,3
-0.3524393461019981,5
0.497377562810998,2
-0.1310283493262605,5
-0.0936087686850479,5
-0.705567191619435,0
-0.5801471092216907,3
-0.572789473758886,3
-0.572707445169193,3
-0.5586718641673686,3
-0.5750838286717467,3
-0.590441575172481,3
-0.5863865676080267,3
-0.8291808840068318,0
-0.7541892664719742,0
-0.6196882279533038,3
-0.764967170228511,0
-0.6335966169555748,3
-0.7589028690316415,0
-0.6201359551747355,3
-0.7635493935944905,0
-0.6177577968683305,3
-0.7714052840979014,0
-0.6167690089108963,3
-0.7707131971839021,0
-0.6128431169862707,3
-0.7814736419415776,0
-0.6041974517567865,3
-0.596588306709918,3
-0.6133538211949842,3
-0.7779768537275631,0
-0.6123589391361768,3
-0.7749259358365514,0
-0.6008664501174581,3
-0.7743617625531769,0
-0.604791328192936,3
-0.7858557991949986,0
-0.613940020320073,3
-0.7731689974290583,0
-0.6143871454034088,3
-0.7776105958140872,0
-0.6059563089197371,3
-0.7856413121471624,0
-0.60781977393003,3
-0.7840819281766552,0
-0.6129340189879032,3
-0.7773901435259782,0
-0.612025357625112,3
-0.7855173092096392,0
-0.6105672736330724,3
-0.908856568849316,0
-0.6150489609147859,3
-0.827700478398278,0
-0.6014629844485023,3
-0.869557697234492,0
-0.5826402435678472,3
-0.8630230201621658,0
-0.6042008233711679,3
-0.8529527065242605,0
-0.6190036467755518,3
-0.8486607018694746,0
-0.630091508048607,3
-0.8463002476872984,0
-0.6391503832345001,3
-0.8440103560876573,0
-0.6456999376646735,3
-0.8491579393351923,0
-0.6438407699856341,3
-0.8443730422232837,0
-0.6521674443986512,3
-0.8446393686740863,0
-0.8356865783704563,0
-0.648509215017122,3
-0.8422983813728306,0
-0.6498094050969732,3
-0.8375785464684236,0
-0.6547413497390725,3
-0.7918338787202497,0
-0.6575719364840947,3
-0.6624522337639333,3
-0.8432349676550142,0
-0.8431176387505115,0
-0.8448241554669671,0
-0.811873650655895,0
-0.6682955170377476,3
-0.7576729142790426,0
-0.8126925412286697,0
-0.750078552693442,0
-0.8237551965964355,0
-0.7473053000302291,0
-0.8229536283289255,0
-0.7478417992640133,0
-0.8279337183740649,0
-0.7471393344199339,0
-0.8312362961707397,0
-0.7461714656322883,0
-0.8233875167294684,0
-0.7479362153527033,0
-0.83225856920294,0
-0.7482537427037839,0
-0.8325640004206828,0
-0.7491176062931868,0
-0.8285492331221026,0
-0.7453165127571764,0
-0.8326369551285434,0
-0.7537263558279402,0
-0.8314297763988254,0
-0.7392857889171531,0
-0.8378892360468371,0
-0.742118190358416,0
-0.8412783037777695,0
-0.7480646670659041,0
-0.8410990531830426,0
-0.7527162294610338,0
-0.8419601169608935,0
-0.7529415149227743,0
-0.8447260187548518,0
-0.752237523368658,0
-0.8506921661655099,0
-0.7448113119156723,0
-0.8418856671344039,0
-0.7464516429277949,0
-0.846699063249267,0
-0.7512314857747371,0
-0.8483035884199988,0
-0.7476559344972412,0
-0.8588990351599879,0
-0.7441566908063489,0
-0.8464878093965696,0
-0.7480485938878402,0
-0.852683665049111,0
-0.7446361286292557,0
-0.8487539319623646,0
-0.748441540244088,0
-0.8639996306433306,0
-0.7515337526909524,0
-0.852347028204022,0
-0.7431536808284361,0
-0.8482606211526568,0
-0.7471033735184669,0
-0.8517204241346844,0
-0.741010807877726,0
-0.8607914345163541,0
-0.8177196349220004,0
-0.6340412754673403,3
-0.8046272987781217,0
-0.6592495087965161,3
-0.7874211951306999,0
-0.6706469457754786,3
-0.7822524584940573,0
-0.6662538133865005,3
-0.7791678859957873,0
-0.6676297271184142,3
-0.7772222028775183,0
-0.674168814373933,3
-0.787423743202581,0
-0.6709452158906037,3
-0.7797632184116687,0
-0.6736630682933117,3
-0.6725432862126924,3
-0.7741061586511289,0
-0.7806926375834969,0
-0.6771037087191907,3
-0.7787507846682151,0
-0.6800174145442169,3
-0.7787554174788529,0
-0.6765049802219237,3
-0.7797857172388789,0
-0.679643989730489,3
-0.7727854988509213,0
-0.7755345442734534,0
-0.6774927209719024,3
-0.7753031858629953,0
-0.6797076877798813,3
-0.4810645834806799,3
-0.6720657828934915,3
-0.7801350171947484,0
-0.6791181384143046,3
-0.7827213667050096,0
-0.6667789143165641,3
-0.7773333906623474,0
-0.6672006557674235,3
-0.7800481966612276,0
-0.6809706593662911,3
-0.7832495753277481,0
-0.7807436920313953,0
-0.6715010011835997,3
-0.6777794916085034,3
-0.7794535209298947,0
-0.676397105479529,3
-0.7868715164077962,0
-0.6737649216138326,3
-0.7825441341101376,0
-0.6678916443247404,3
-0.7772228368207212,0
-0.776123992537959,0
-0.82387085817564,0
-0.7801504612311387,0
-0.7365566191584212,0
-0.7392347708485357,0
-0.7398366520295551,0
-0.7023776158155044,0
-0.7408025517465784,0
-0.7359808485841546,0
-0.7389488572458122,0
-0.7057648614430128,0
-0.7569189044438741,0
-0.684863987924151,3
-0.7567124299062153,0
-0.7419093953793522,0
-0.7369400217042188,0
-0.7367878461363666,0
-0.7328987172709331,0
-0.732281024998289,0
-0.7317252305944976,0
-0.7447451432921444,0
-0.7371221808868864,0
-0.7392661524292521,0
-0.7384636421527733,0
-0.7348157514934982,0
-0.7390750358095413,0
-0.7319461280267913,0
-0.7401773246943372,0
-0.7344304147926661,0
-0.7406704725953503,0
-0.7393770411385379,0
-0.751449560653106,0
-0.7435105300817343,0
-0.7417185415343169,0
-0.7375220445742939,0
-0.7449083732396764,0
-0.7411794692979254,0
-0.7355682223028679,0
-0.741640690052991,0
-0.7398449788955924,0
-0.7432531293403326,0
-0.7394218939827629,0
-0.7390037788600058,0
-0.7362319374011901,0
-0.7329599289208134,0
-0.7331609592122066,0
-0.7334603884488361,0
-0.7301756594979281,0
-0.7341623094437466,0
-0.7327699528030389,0
-0.7309673629952187,0
-0.7321278738917016,0
-0.7310757023206951,0
-0.7354963550458146,0
-0.7372008102534411,0
-0.7339884066478716,0
-0.7344346463401632,0
-0.7356428701054912,0
-0.7297525300695862,0
-0.7336992950789039,0
-0.724815246107833,0
-0.7348423387106258,0
-0.7416149799770928,0
-0.7245358020570418,0
-0.7652023301453024,0
-0.7586691687864879,0
-0.7740906972789394,0
-0.7526976919003929,0
-0.7837961088777633,0
-0.7955112836273679,0
-0.802168763681522,0
-0.8035317148971229,0
-0.794939748270598,0
-0.8032024723760325,0
-0.8073389601823715,0
-0.8071106592509107,0
-0.8109300926026564,0
-0.8074909813788348,0
-0.8095419980080097,0
-0.8076308453016918,0
-0.8122318412292023,0
-0.8002309096187028,0
-0.794495873107881,0
-0.7830127908945965,0
-0.777864476046193,0
-0.7710271712518713,0
-0.7769395768990279,0
-0.7790508982533911,0
-0.7807124868432705,0
-0.7810813896135226,0
-0.7931115424931406,0
-0.7950044198814152,0
-0.8027186293326165,0
-0.806756910539359,0
-0.8064066659127659,0
-0.8121175506869699,0
-0.8066507048878451,0
-0.811325605297178,0
-0.8145902952763541,0
-0.8117971106653584,0
-0.8108916135276312,0
-0.8105975422983152,0
-0.8111088700511142,0
-0.8125710181151724,0
-0.8163447413918482,0
-0.8073285503798353,0
-0.8084339387821361,0
-0.8064057573840369,0
-0.8150332854161192,0
-0.8108559668051386,0
-0.8185745740583208,0
-0.8166549845132216,0
-0.8175676523196026,0
-0.8154457977895491,0
-0.8157442749702979,0
-0.8167889867495907,0
-0.8125240460470449,0
-0.8172876727292427,0
-0.5738477028910578,3
-0.5746326356003301,3
-0.568465116286164,3
-0.5801519660914377,3
-0.5733898100460361,3
-0.5689400163486509,3
-0.5700930062791842,3
-0.5964590169428835,3
-0.5595619547857744,3
-0.5748864064993533,3
-0.5665911990587801,3
-0.5626396654066014,3
-0.5608680312911697,3
-0.5577187144122939,3
-0.5604906419967453,3
-0.5532381149667734,3
-0.5575439762029317,3
-0.5460956371680329,3
-0.5442543638489011,3
-0.5376120516091689,3
-0.5528274637957235,3
-0.5225414956906504,3
-0.535470864159832,3
-0.5305738137345544,3
-0.5463441953991411,3
-0.5424022367287247,3
-0.5414277179934678,3
-0.5423961422282293,3
-0.5422100036796965,3
-0.5477345577597779,3
-0.5592258021186143,3
-0.5559762811890752,3
-0.5557553416090271,3
-0.5521774295429509,3
-0.55324191264356,3
-0.5577217738303499,3
-0.5590519174438917,3
-0.5494839668355431,3
-0.5556533107441641,3
-0.551626090858479,3
-0.5471478919282685,3
-0.5500676995159033,3
-0.5500632064672556,3
-0.5459940755166827,3
-0.5477716903293959,3
-0.542719438150517,3
-0.5500969681840322,3
-0.5946455883286866,3
-0.5556815901737329,3
-0.5628854922078402,3
-0.5498883680347492,3
-0.547495571316469,3
-0.5496439200079446,3
-0.5563173783759743,3
-0.5515753280247081,3
-0.5473462926773951,3
-0.5482944112512105,3
-0.5469418099538434,3
-0.556603888983839,3
-0.5518492770652934,3
-0.5571682751195629,3
-0.5470793527767253,3
-0.5517245512382878,3
-0.552687559106822,3
-0.5568526381264244,3
-0.5627459874064145,3
-0.5608153645410803,3
-0.5647201160070265,3
-0.5625290044464105,3
-0.5586411371751862,3
-0.5674862380899907,3
-0.5680282519045394,3
-0.5606231694433848,3
-0.5648277817450924,3
-0.5696030328820366,3
-0.5521169279656604,3
-0.5441374741674113,3
-0.5476891274812101,3
-0.5424050830147845,3
-0.5419545980288285,3
-0.5453693425312894,3
-0.5528837198855192,3
-0.5432546858876863,3
-0.5464506888232936,3
-0.5572172262495895,3
-0.5445812093010775,3
-0.5487903247274243,3
-0.538305347654362,3
-0.5358403416814477,3
-0.5380706544668294,3
-0.5660883807761959,3
-0.5630892317840818,3
-0.5661148213111056,3
-0.5636521883224427,3
-0.5598849935438257,3
-0.5619705585689224,3
-0.561553552860291,3
-0.5801977688344561,3
-0.5657655161498513,3
-0.5604872521345091,3
-0.9085614411493234,0
-0.8897057859288309,0
-0.8759636568930208,0
-0.8740559131070751,0
-0.8621931150309766,0
-0.8557548758162774,0
-0.8474099739692862,0
-0.8434924741603642,0
-0.8379734748095384,0
-0.8344868729113126,0
-0.8277654829550436,0
-0.8243656891879644,0
-0.8208609608306922,0
-0.8186116428137065,0
-0.8153721332847397,0
-0.8136256469694456,0
-0.811893683010255,0
-0.8082333490453537,0
-0.7983131104800865,0
-0.7997554596388052,0
-0.798408887576624,0
-0.8005700728169951,0
-0.7956106917302125,0
-0.7916094906766082,0
-0.7888954338068968,0
-0.789858210233392,0
-0.7833008556936791,0
-0.787532338028876,0
-0.7859149472352253,0
-0.7827857415530515,0
-0.7769098195304258,0
-0.7761997038043938,0
-0.7744542501738361,0
-0.7765970387139716,0
-0.7755580737275434,0
-0.7753017168967685,0
-0.7728081379890542,0
-0.7680913304242843,0
-0.7753683623869987,0
-0.7743479257346519,0
-0.7742040791552255,0
-0.7743459453112872,0
-0.7742122435780562,0
-0.7561992224165928,0
-0.7696664634202173,0
-0.7698433772077448,0
-0.7677517763157131,0
-0.7666941258813329,0
-0.7667522616325094,0
-0.7676701526662812,0
-0.5774665618465376,3
-0.5825132457410899,3
-0.5811415634707101,3
-0.577542720179059,3
-0.5849608211512294,3
-0.5835197468885952,3
-0.6065290232381118,3
-0.5854738534603532,3
-0.5886089112555745,3
-0.5889490793880197,3
-0.5883255594103483,3
-0.5920104123349754,3
-0.594613175701489,3
-0.5929940699073339,3
-0.5960502615906124,3
-0.5935823888221824,3
-0.591416746103147,3
-0.5991238584781812,3
-0.5955239648937333,3
-0.5957977047622257,3
-0.596407568247718,3
-0.5947163441239863,3
-0.6052837422035298,3
-0.5949329403150316,3
-0.5979870061582935,3
-0.6016512708926599,3
-0.5974153847785841,3
-0.5991795274920105,3
-0.6017900958910651,3
-0.6013338106128987,3
-0.5982889703061748,3
-0.5972112640262157,3
-0.6004824600075557,3
-0.5986047606759598,3
-0.6030369470074896,3
-0.5948496766881988,3
-0.5959463851847748,3
-0.594470306005379,3
-0.603609106995809,3
-0.599256088004609,3
-0.6015185379180494,3
-0.6028954653444231,3
-0.603731612233164,3
-0.5991338447859031,3
-0.6042050943395691,3
-0.6008362815269815,3
-0.6041237080009131,3
-0.6019775445107504,3
-0.6037458705473816,3
-0.5990084400425986,3
-0.6776495853428437,3
-0.6906219502950449,3
-0.7163850530274695,0
-0.7262121867329192,0
-0.729622844948947,0
-0.7292876720639339,0
-0.7438058176050089,0
-0.7268222199240886,0
-0.7464775160878879,0
-0.7345555542618285,0
-0.7504115847902967,0
-0.751413619835224,0
-0.756457110205947,0
-0.7587373963624737,0
-0.7541583204177948,0
-0.7668310379255175,0
-0.7624401171063063,0
-0.7634154431865813,0
-0.7649385406285758,0
-0.7717805369808386,0
-0.7660554849567106,0
-0.7735858844577915,0
-0.7746503061220098,0
-0.7710844438187336,0
-0.7750433517285173,0
-0.7743674486140912,0
-0.778627043094137,0
-0.7753398445370558,0
-0.7704353117555808,0
-0.7755199011528839,0
-0.7721135805787599,0
-0.7746172379293235,0
-0.7684531420932859,0
-0.773789898714206,0
-0.7720328629585168,0
-0.7674906932511177,0
-0.77254783747418,0
-0.7734479842398423,0
-0.7709938861065528,0
-0.7709743684882269,0
-0.7705143756030869,0
-0.7695396303327173,0
-0.7754875316152631,0
-0.7705652791514226,0
-0.7646340175759294,0
-0.7688528583080989,0
-0.7723893445304427,0
-0.7697740012117327,0
-0.7695502443732207,0
-0.7706124349983401,0
-0.7733607380801407,0
-0.771424412769543,0
-0.7703620472096753,0
-0.7804866036306872,0
-0.7728286387072781,0
-0.7696728446161223,0
-0.7681554684659428,0
-0.768704784562827,0
-0.770968568335709,0
-0.7663541754041662,0
-0.778418480024417,0
-0.7694704459081977,0
-0.7677135869988209,0
-0.7676904864416724,0
-0.7695663042379975,0
-0.7689814543404947,0
-0.7692011611946221,0
-0.7719473342242451,0
-0.7673579473369434,0
-0.7676455348197138,0
-0.7703251867948082,0
-0.7684270784225914,0
-0.763013403462692,0
-0.7611201668054242,0
-0.7701631206588353,0
-0.7688639046149357,0
-0.7598089812002127,0
-0.768411948970898,0
-0.7667705435336414,0
-0.7639405075892358,0
-0.7685636793536794,0
-0.7621351672651769,0
-0.7639997318508372,0
-0.760343284190506,0
-0.7637834515471584,0
-0.762118320361425,0
-0.7615913703362491,0
-0.7577284937641419,0
-0.7634463619292059,0
-0.7540909527944691,0
-0.776396069089319,0
-0.7652277702760675,0
-0.7675184716784645,0
-0.760759242491408,0
-0.762539891016883,0
-0.7616435017376948,0
-0.7685118764189921,0
-0.7668082829571593,0
-0.7650924190622621,0
-0.765316044978946,0
