"","cluster","V1","V2","V3","V4","V5","V6","V7","V8","V9","V10","V11","V12","V13","V14","V15","V16","V17","V18","V19","V20","V21","V22","V23","V24","V25","V26","V27","V28","V29","V30","V31","V32","V33","V34","V35","V36","V37","V38","V39","V40","V41","V42","V43","V44","V45","V46","V47","V48","V49","V50","V51","V52","V53","V54","V55","V56","V57","V58","V59","V60","V61","V62","V63","V64","V65","V66","V67","V68","V69","V70","V71","V72","V73","V74","V75","V76","V77","V78","V79","V80","V81","V82","V83","V84","V85","V86","V87","V88","V89","V90","V91","V92","V93","V94","V95","V96","V97","V98","V99","V100","V101","V102","V103","V104","V105","V106","V107","V108","V109","V110","V111","V112","V113","V114","V115","V116","V117","V118","V119","V120","V121","V122","V123","V124","V125","V126","V127","V128"
"1",-1,0.130336561664844,0.117399993494383,0.137295875778076,0.14279488797832,0.142832077152548,-0.139515341183147,-0.14033796084782,-0.124331119645454,0.0841997245611204,0.101528270547453,0.0979848808261205,0.101931699344241,0.101585774972823,-0.0857206726846121,-0.0992761633814541,-0.135935056260261,0.0651420466407542,0.143525088831277,0.0837604543007815,0.107917408161533,0.116342338486881,-0.0991783751173791,-0.111224356246264,-0.114152445992022,0.0605420234592028,0.139610628185967,0.0798449383141305,0.108139823381172,0.122403308065573,-0.0978532326495449,-0.109933497447837,-0.117650870209343,0.0920084645318845,0.131825709262522,0.0779925730016174,0.07336227000238,0.0731192413112429,-0.118069708559094,-0.131304572210458,-0.0584850488431117,0.0863829310182633,0.132318816171033,0.0783892721496477,0.075521207663211,0.0673944962533447,-0.107338338300662,-0.117041053149738,-0.0418992548901561,0.0701973965957704,0.139093798876331,0.0796450906793578,0.107990283955774,0.120598789158229,-0.0825705271017585,-0.0902060531964267,-0.10834055770802,0.0614259665450671,0.139618826894324,0.0748398439007788,0.108193459474807,0.12073525811878,-0.0785691569632636,-0.0905641298669733,-0.105454170952551,0.0892986711499196,0.115171934770082,0.119347534400176,0.129126537083317,0.132797249131779,-0.103702134280746,-0.121796718807531,-0.176119046638308,0.117478280938215,0.121032712713428,0.136747558340999,0.136841876329373,0.141090696866771,-0.130782777778901,-0.146439414242118,-0.170745227631254,0.0869752311143001,0.135305855057473,0.105237523432562,0.110159754189667,0.128021166853091,-0.107655148489674,-0.117112741407912,-0.171901417324816,0.0727054985851193,0.135532264158289,0.0981487673568215,0.106439258820381,0.121010220385551,-0.0955951083101254,-0.107219718925674,-0.160004007980619,0.0588590897890278,0.119339042638633,0.063906514464691,0.0662648627625223,0.0855967154555663,-0.0825738460909753,-0.104294170546438,-0.156992828684858,0.0527787034071381,0.122064423794229,0.0557246016060992,0.065829084141077,0.081181501280813,-0.0857173107618101,-0.103690972223006,-0.155322236438384,0.082995366936865,0.128321185489525,0.0993351125610045,0.112134694758692,0.124651410473771,-0.0999726304493629,-0.116433394946839,-0.15649855266862,0.08361291695987,0.127865485529019,0.0923315103762582,0.10314292423248,0.117773123834382,-0.0971883843542403,-0.113393020991567,-0.147556376725448
"2",0,-0.0748075213922217,-0.0706540605430154,-0.0263101729174186,0.129407397692876,0.115580167319035,-0.131146355035273,-0.636445956817643,-1.29533266437342,-0.158205742147266,-0.138375150203119,-0.115224173346266,0.0243995768927676,0.00112675923122428,0.00942379998968732,-0.326716734770231,-0.931756585598156,-0.267337564276167,-0.18959322610932,0.00493875575879888,0.407680202338125,0.378594402268417,0.103664314036807,-0.536553044159865,-1.90615613651719,-0.267750812560557,-0.183284022134273,0.0298192824173995,0.432788158103321,0.415072369671549,0.119603357216564,-0.45917456226293,-1.85621784734197,-0.155361210326307,-0.146191916732888,0.145464431588891,0.374152951896474,0.234165151779738,0.154521375126032,-0.335207270812398,-1.43777657624593,-0.134740654416343,-0.137460706076233,0.218208154155897,0.497504114985154,0.325783510086861,0.150583991765444,-0.295422294286778,-1.26835974419145,-0.167069053046841,-0.154659430020797,0.176100324889606,0.559891519624191,0.530772581707395,0.0253928495859886,-0.948859334034577,-2.36051635173054,-0.151985169813872,-0.141577581981935,0.207144958877426,0.578302778435931,0.55925433630944,-0.00838908739845217,-1.04143569560839,-2.17486179223109,-0.197816042705407,-0.152454686488307,-0.138286674830919,-0.0240704636740676,-0.0609838823487487,-0.00211914664784335,-0.198592984121599,-0.731087893295924,-0.14380854673985,-0.142969065548008,-0.0899414912506278,0.0202284683393226,-0.0128533816896198,-0.060395581234811,-0.294617226746225,-0.893843779539929,-0.238959086977563,-0.213138150378128,0.0190349747507284,0.395095116166653,0.414232967043057,0.0825579263053165,-0.718518746783832,-3.30399875886642,-0.265324886656203,-0.2150653454696,0.023517551547163,0.423568633643299,0.411003127496809,0.0999606944457754,-0.557724732463008,-2.90604009320562,-0.0244113243885705,-0.0984280349898058,0.527747512675933,0.710054134203512,0.634998253210734,0.0505475177845187,-0.728443990731553,-2.03002570034294,-0.0545631687893835,-0.129343580855474,0.514914574253429,0.716237413784055,0.626146433300139,0.0844624244213522,-0.695384845925769,-1.81180716566093,-0.0614628487511586,-0.102996801832521,0.344410965344732,0.615472121037856,0.595806192729473,-0.0585118394407172,-0.963526505813999,-3.79583506758154,-0.0667395376706202,-0.113389073288858,0.330141574365623,0.619648114059343,0.607766315600417,-0.0681084377505333,-1.16451251972969,-3.15169329627116
"3",1,-0.00538973488440469,-0.0160212433407499,-0.00171456500213665,-0.00986767509727253,-0.0135076161960207,-0.924062780848917,-1.2632162288477,-1.88342704233063,-0.0675009964547521,0.0114394987310824,-0.0489074626276637,-0.0670311966718351,-0.092171441581826,-0.963034947054144,-1.515267378369,-2.79538071012269,0.154286431918842,0.662908351403622,0.213098546335195,0.177326864621292,0.140418346583577,-1.11923534660433,-1.26915152855929,-1.85225468570251,0.184113335947967,0.673924042650771,0.244251884289,0.198957771163256,0.170235533472615,-1.11567759973672,-1.23312857864086,-1.88544683927587,0.392621555660669,0.827919706763014,0.368742650477957,0.244591429547013,0.209896516904193,-1.20890591692354,-1.29755508316821,-1.27006454321673,0.321744626674763,0.818674373803657,0.306232750448645,0.167176339303005,0.111962139284114,-1.01628062263934,-1.13840099364762,-1.08695887737961,0.0564322130840375,0.460524328422212,0.143404177762258,0.152735163422481,0.129842719967958,-1.37353248098242,-1.57361572424099,-2.16065645243072,0.0673875342996875,0.490330272550268,0.147288078877365,0.147585223936578,0.127544530597904,-1.3067214828647,-1.43522995673314,-1.98698511322009,-0.106789971608824,-0.057433418488191,-0.0714620475226417,-0.069507218994988,-0.0747598045873266,-1.0834007413393,-1.82474086665981,-3.63408979802487,-0.059735570005348,-0.0148718653445407,-0.0339486324121379,-0.0353635677466457,-0.0386617254161372,-1.09007867184101,-1.6795846765771,-3.14230481804599,0.08027314928283,0.547371417012699,0.163951866375748,0.149062899851586,0.160715699736841,-1.28231727334628,-1.50134911363385,-3.43832416636807,0.094348333879592,0.48591920816853,0.191929022419873,0.168064571353462,0.180632997439707,-1.2112554867934,-1.43278185004368,-3.03464845835349,0.200589601142885,0.871124195260931,0.170960604151024,0.0288968527843583,0.10329478045327,-1.02023217691015,-1.14889126582014,-1.73840110242127,0.261474731574223,1.00653325601207,0.209021008204839,0.0602851071415789,0.123255286499914,-0.916168672084549,-1.02164160026529,-1.49971279610829,0.00658483590483211,0.325522235128949,0.108471404210375,0.120380882018233,0.127435827391917,-1.57927485699948,-1.87771626242251,-3.52041148500814,-0.0024900200126632,0.319464329182912,0.0910263616785246,0.108279428830251,0.117010265725449,-1.49358733584432,-1.8443608808556,-3.18550667027658
"4",2,0.836292696004266,0.65056404118877,0.88529536148422,0.92082365227774,0.870927100311278,0.0668623512173842,0.0597255028255476,0.0340759496323483,1.05218596647509,0.708582099146192,1.07090546028964,1.09413752077135,1.02799266222651,0.121364717737987,0.114974109509188,0.0684242996511543,0.950689182946526,1.37901896432645,0.721008463036367,0.436693201482192,0.453390289472857,-0.199247095686412,-0.205310112008581,-0.136616379198304,0.896681839310315,1.29060552278205,0.674512121144739,0.39300563274518,0.421136903771247,-0.239657574166798,-0.239319291904805,-0.204039511566552,1.13502679892438,1.19148465352132,0.967106676974777,0.694437352606092,0.565901871306634,-0.868775796273802,-0.951665392330273,-0.501014108493489,1.01664848272614,1.17518710584778,0.897635241682464,0.564840149135372,0.417228969383885,-0.743228446764743,-0.808256760249953,-0.358153578155062,1.08223169285223,1.40904665287301,0.842566077386569,0.552117772452995,0.517397185100942,-0.112044612069247,-0.12800128714505,-0.0636483502610577,1.02956935173349,1.38419608041264,0.785249861957056,0.509602680805092,0.467434603449473,-0.130379876837797,-0.150104136659396,-0.0730902921692942,1.1398667243495,0.777786073661063,1.26279058787965,1.38763329384702,1.45614014237576,0.173811777815743,0.165815026783683,0.111889178574225,1.11382769642737,0.855199667407696,1.28116321507791,1.3501973954067,1.41145669859697,0.110706259293707,0.102805352539209,0.0680874372900586,1.06672553446038,1.6065170788816,0.846238762754699,0.543102156421692,0.700864122167045,-0.072098278932874,-0.0954935078436838,-0.174803140293861,1.03609221374207,1.5106250398495,0.840492359597904,0.515046314714515,0.615961833140529,-0.137585874790472,-0.17043822065019,-0.31184653835675,0.950138065874575,1.23097952418902,0.8067106002873,0.397774749335168,0.361685566208866,-0.76530113736212,-0.848603033524099,-0.837542686847576,0.813223872986654,1.23048340763053,0.619633678416734,0.223067494032502,0.240129640308291,-0.959372162673611,-1.06373926030588,-1.11420797943926,1.19672247530051,1.53604295177882,1.00704049706301,0.670788601494967,0.693638679073109,-0.0356280815417778,-0.073422024388862,-0.0814223462717581,1.13266341622573,1.50329621653675,0.979498464184347,0.672146331449167,0.698907252865611,-0.0391527327670305,-0.0763362627941611,-0.0699084506534999
"5",3,0.750652997979645,0.492324988935921,0.752493052633545,0.747683704666826,0.779798036311021,-0.693663373553491,-0.746439031590211,-1.14897659314103,0.884880924474332,0.513567059194007,0.84554549686205,0.848999809150361,0.866823417141797,-0.816100453467217,-1.03678720247478,-1.86694101021523,0.633743862101824,0.884124549404782,0.42910536302855,0.220766334976445,0.240880364204432,-0.683775249010779,-0.723969972307977,-0.703543569776946,0.599641981198337,0.814232650809322,0.400198219990044,0.192156061625875,0.207076415246052,-0.654678686534921,-0.676742069035599,-0.66348640416465,0.864458688633016,0.819758225834057,0.694677651193164,0.409456842870025,0.300349757454874,-0.89478123400198,-0.905608445658695,-0.603274232173362,0.736605917440856,0.799873770543106,0.591075858010088,0.324488474189816,0.208531697574512,-0.744454063874253,-0.754882012750146,-0.467565613171199,0.749059156810548,0.918111277183264,0.589731373704385,0.328941373413953,0.317314327272431,-0.879169243787215,-0.94096447182125,-0.910139527639297,0.714738803841736,0.893168379231499,0.533919162363782,0.292918265245105,0.272314865088476,-0.827474744973016,-0.856407484676031,-0.802432954122739,0.978684765984642,0.586238709611961,1.05026237440201,1.10678640734537,1.23144929556001,-0.916316710267916,-1.27957150056388,-2.49584794110596,0.969086927621172,0.652726410460188,1.06329958101199,1.08714335599122,1.22505658309808,-0.902377831236793,-1.13136034946367,-2.11702258067258,0.716016015284096,1.02420999621545,0.499823829937672,0.283432539572961,0.404255355884282,-0.802544133055051,-0.888818968248689,-1.44203131801263,0.686848911077634,0.956476967441062,0.489522219806889,0.269413499892732,0.346987774578895,-0.765851937210653,-0.858232060751933,-1.39712911560199,0.664561306575565,0.80973418981951,0.493500908063871,0.189741958358969,0.187161745014684,-0.726529302384803,-0.741279719183068,-0.97759028888848,0.488422440399698,0.723698817703554,0.308272344931385,0.0826145218949423,0.101265070667606,-0.551131838009211,-0.587953269374478,-0.786500757107977,0.822890822715154,0.973374675686761,0.694732002834198,0.372110693316426,0.412546475425068,-1.02787497278774,-1.16277588534361,-1.54190769308225,0.769402618843477,0.975151291374783,0.680157733176025,0.378654202117638,0.413483484320964,-0.985065730975558,-1.15212112308708,-1.47765279920531
"6",4,0.90904107954568,0.693223899056405,0.946532756235929,0.949726094406005,0.965849254591625,-0.817911519376742,-0.903960002593988,-1.45969157525198,1.06493040948276,0.704900233724173,1.08198496272396,1.10646896027603,1.05385578860038,-0.960975793792237,-1.28031685578465,-2.42766095495984,1.04437860365027,1.38032574811709,0.755543704932334,0.449383628870148,0.484449230789459,-1.16147687554009,-1.27079160768677,-1.27593113183106,0.997190458558352,1.28559471150094,0.712980783210745,0.401885774662619,0.43622429035848,-1.12025087788848,-1.18128297608536,-1.25575145652491,1.15829568570995,1.10876562293459,0.966956618877492,0.647404826018953,0.464459972236689,-1.22685235886324,-1.25651697335942,-0.844122925608007,1.02035311848805,1.08427747845851,0.83471218469357,0.547131076449095,0.377077305775978,-1.02651269695057,-1.04982040859175,-0.719383147236903,1.18212719897015,1.41807299120733,0.955191455452865,0.587327499213342,0.558609361526982,-1.41764127204309,-1.53813453161233,-1.61623581821189,1.14153310236004,1.38230538152631,0.872954289887813,0.529247957556906,0.494799076407812,-1.34710314711604,-1.43100844669113,-1.33270568931053,1.17567586934842,0.799599985850367,1.30588393823068,1.39915990364372,1.50122441342589,-1.08883548963406,-1.52375319329611,-3.13623338272143,1.16219328904457,0.879773337434541,1.31418769904751,1.37135536169643,1.47338364038891,-1.07261736288041,-1.36561303362718,-2.69761680596332,1.14450726780472,1.61335277122322,0.853533111672135,0.540264464110518,0.684026253949712,-1.33677493648852,-1.51979270670561,-2.39309010692157,1.10127603192711,1.50170430969246,0.82831700731904,0.508814465478691,0.605447577011723,-1.27004550054988,-1.45414987451139,-2.3901696079505,0.969398880022508,1.13490333433797,0.736255341821075,0.362396961377664,0.302286606299645,-1.05059573997155,-1.07521779992209,-1.28046823417975,0.745892513446675,1.03770142081312,0.511371789210223,0.21529470132733,0.202640258462074,-0.823745056212782,-0.858747337949529,-1.0409309439058,1.27829750912938,1.51544877189155,1.10189591387811,0.656871055882868,0.698495122479155,-1.64726426950538,-1.89634235851818,-2.76393019311549,1.19914930819652,1.49040356513281,1.0642352676519,0.659034519310126,0.696243799923147,-1.55604415423722,-1.81595875914835,-2.47000220541165
"7",5,1.0245691939027,0.653753806612449,1.08397513810796,1.13343161839495,1.26409242798511,-0.92554726243263,-1.25758409936034,-1.8824012008894,1.09224120214518,0.64996558180302,1.1627779599683,1.20309669769993,1.30719215161228,-1.05373380651138,-1.56462728418661,-2.85864253683085,1.04377788700637,1.4175744673057,0.943801832470393,0.61067946331317,0.744080162596354,-1.16400020535135,-1.33651382394943,-1.98997112593965,0.993448364283639,1.34996636848103,0.898982317500907,0.550365163064405,0.708618897369509,-1.15459171391974,-1.29498472203996,-1.97524299562259,1.15680665008237,1.19118056277746,1.00784018751517,0.846683034234099,0.765157725025096,-1.25163055975031,-1.35265410407837,-1.36913167147277,1.03996983836469,1.1713220149047,0.9723549396128,0.718321739309001,0.618246539870202,-1.07795142367832,-1.21820196965575,-1.14157206029787,1.17711118076473,1.47156304700468,0.974356199299901,0.789420745715037,0.811162638012672,-1.42815845963771,-1.64709867241495,-2.29850668984735,1.13306630801796,1.45674237360775,0.947766505466339,0.715054408938925,0.722112415556023,-1.35723903143576,-1.50075798256261,-2.12786701079955,1.20375573687357,0.737693405782119,1.32486064145696,1.47186602879996,1.69868275560589,-1.14731543091416,-1.89452038732535,-3.68293267673376,1.21232765449356,0.821713014037868,1.38357301103224,1.46922050924472,1.6971273672034,-1.15742267330042,-1.73596419290087,-3.23420938187992,1.14018745918029,1.63410262306968,1.00013317549302,0.734005055782692,1.06768934251854,-1.33716517847064,-1.5822195519619,-3.69992886171476,1.09788442894457,1.53416355069512,1.0108185241506,0.688509715184201,0.966575989847971,-1.26771346150312,-1.51676631959152,-3.22855299311164,0.969929593122403,1.23076673270618,0.885740971643841,0.50234210331023,0.513689605129924,-1.06345765798091,-1.21628433867418,-1.87627265569473,0.862673453180842,1.22103525738042,0.639900950328468,0.317137179347738,0.360522079543295,-1.022768198971,-1.13801560918235,-1.63524465098238,1.27459796609139,1.56226279992134,1.09881423077728,0.906791801181238,1.00802338372968,-1.65103654537095,-1.97374182948372,-3.86033352728207,1.1998712388586,1.53062183042664,1.05962052310406,0.90213203096791,0.988694150869444,-1.56790392908475,-1.94532528593614,-3.47475746763489
"8",6,0.589357197994405,0.357169221031349,0.569595634523054,0.553765012318805,0.627731738111797,-0.546267566329278,-0.564484375669681,-0.811121732315599,0.691655615465649,0.350083106738834,0.629186767542419,0.610285831751098,0.67875682430494,-0.640899738243707,-0.760928964113096,-1.32435122959629,0.282753920234146,0.512099180149474,0.145771399965139,0.0231887853030045,0.0442411877524399,-0.300020366658668,-0.30723406968526,-0.309269130331399,0.261733641654632,0.475489810318315,0.128087468960385,0.0128804133951615,0.0312699966441992,-0.286610078219084,-0.291379954993015,-0.301577651094604,0.542998015828157,0.552906182316694,0.39665674408096,0.14925383542233,0.112302463405674,-0.545800256834486,-0.546435500952177,-0.362449691925134,0.449478483347121,0.542476413269625,0.325420074911595,0.0936388624018542,0.0612961228565093,-0.439592217974323,-0.440596811462677,-0.298447062319749,0.373417916646718,0.541419418036363,0.259210913361919,0.0921082673844458,0.0927175374640769,-0.426620317236019,-0.442617819977059,-0.421627165398572,0.346835662960106,0.52486344327734,0.226991386799303,0.0727403887345697,0.0699788216401558,-0.395640982209693,-0.397659316274273,-0.376372278321617,0.767263997349375,0.428804749647171,0.793521532711463,0.816048759450588,1.00357046513043,-0.727054264484739,-0.968716473402941,-1.8447302999132,0.763890492343528,0.478223728001564,0.809727297359695,0.809173811752032,0.985606663467217,-0.720451766425285,-0.886938000293598,-1.60323243199202,0.328936445671878,0.573922410826488,0.189780760996694,0.0595501356006923,0.13880646776052,-0.350293844743282,-0.390386855713423,-0.74673906569472,0.312889478275189,0.539038817894121,0.18926996384424,0.0579212431240093,0.11972251295813,-0.335428314865915,-0.377000181865201,-0.70340755960965,0.358714850422488,0.517889206261158,0.227096143357055,0.00951868774431503,0.0601489413104095,-0.387007251817553,-0.416945945708329,-0.670064474608918,0.226846594604689,0.452035945574723,0.0902178819419166,-0.0551512133147804,0.0120590097423735,-0.257946719730633,-0.296145025269007,-0.553092603460109,0.397635613290521,0.540644139113762,0.303124955329755,0.104485525465159,0.145853261911093,-0.480781193630437,-0.538674093462457,-0.76445395112955,0.384461296743925,0.556380034076705,0.306561473983773,0.112828120273999,0.137718736926949,-0.477233822684748,-0.553865610719869,-0.748151287776057
"9",7,1.14626233107926,0.205459843276267,1.26834921520252,1.22588357115524,1.07391909799673,-1.26895073152154,-1.14795458924339,-1.00962911695506,0.918069255451605,0.0872762843501503,1.02181708847645,1.04419825097327,0.913621235047368,-1.01069113418596,-0.951064253361161,-0.938868845573979,0.996081054001519,0.140080570618396,0.676038091129986,0.345506622595652,0.316117227588752,-1.00899327957863,-0.957170247591134,-0.686082602622282,0.948572462975952,0.118690982633748,0.631108442588948,0.302078155422586,0.272797086965937,-0.950781686299364,-0.872733141875177,-0.651169950385086,0.72183196308221,0.0594743527799878,0.559524855912304,0.472411025216311,0.225145328843303,-0.661440499337098,-0.566552737940264,-0.0832604987563945,0.656678956284135,0.0272024016932583,0.547798540126241,0.473608511798948,0.192022732572492,-0.58379344844,-0.489343987702945,0.0215401310863399,1.19489845226477,0.132385472404367,0.792061014736653,0.373453532470272,0.303264538727816,-1.21023520696369,-1.13225238788007,-0.903584890187432,1.15128017590552,0.120126085752021,0.742736765124829,0.358261014002553,0.284964887114673,-1.16636879239989,-1.0625071879851,-0.936796504733687,0.822204607704916,0.177280382279316,0.915605474528052,0.870497048315223,0.836088474339852,-0.921036410868213,-0.857450283946333,-0.827254079201359,0.827585528382883,0.227684918028073,0.875113775658242,0.7813667467911,0.78349003069099,-0.900016321116498,-0.831984293058019,-0.758604926538622,1.1361180262795,0.198743250228138,0.783904830992027,0.433107749330236,0.500839128230618,-1.1803073008055,-1.13019146820821,-1.21068868641227,1.04201136675002,0.164165452652545,0.725259174320688,0.382230828268475,0.416829866355653,-1.07269893034822,-1.03776765456517,-1.06949259108063,0.661434330332458,0.010047505219338,0.457911057091739,0.297121150339926,0.164678283244643,-0.610450173553901,-0.564326584859805,-0.39987440747508,0.674315385230717,0.00464401805184323,0.494486314370904,0.328468763445179,0.201576137332524,-0.635360225254213,-0.59484431954787,-0.420231802161655,1.26965231062335,0.177363079196711,0.866432186967277,0.353127033186064,0.384247016841256,-1.29670439089235,-1.24634407783445,-1.29248793424637,1.21132776572087,0.168869840117125,0.879516697968339,0.363814206626762,0.349131890192942,-1.29746073785376,-1.27525305868514,-1.31370451622274
"10",8,-0.00828484423701718,-0.0997194662709529,0.0076326268952007,-0.000612775035775429,-0.0375113846371145,-0.0592015828546238,-0.0477282182563565,0.016369684602495,-0.0927236508224563,-0.15716511357434,-0.0787668465436939,-0.091541189133535,-0.146151706147752,0.030755720673466,0.0344800246263116,0.065589482021723,0.206225837139088,0.0659800729520142,0.30117038406887,0.225112441295277,0.108318882971797,-0.0552675931881826,-0.0274359489569925,0.206346316835139,0.318813216802669,0.179706656307622,0.42399208259527,0.316210026351358,0.201626689444754,-0.10033519989686,-0.0724505245677027,0.186985224435793,0.987035468422097,1.19056488235034,0.560988384663166,0.174181183415876,-0.0764750440149035,-1.13374049089795,-0.957337954169603,-0.094651822393446,1.05454724288719,1.22121015126582,0.871564634532542,0.374316040041178,0.0220340289751483,-1.08710730661694,-1.24308412056825,-0.284470950063981,0.00815457245107727,0.0063187266193193,0.0806713441624583,0.053634739623418,-0.0185659794122483,0.0928378429023909,0.103845201177333,0.247802680305099,0.0359033660336357,0.0484149648053168,0.103617922246828,0.0675097219371729,-0.00576539979112363,0.0770935939269967,0.0833141508575618,0.246003205185725,-0.0681519516889805,-0.093898093470131,-0.0137295443890627,-0.00109796560046764,-0.0838516812758947,-0.043404774722218,-0.0295419190033837,0.0833302789705546,-0.010944823336556,-0.0909959392168265,0.0421420529239306,0.0441928890188402,-0.0242326100535866,-0.123742585600988,-0.114128292021821,0.0358793389095875,0.278079205602943,0.165614587534722,0.409663191459061,0.346052985445359,0.259720764250852,-0.0769018163121554,-0.062777445689929,0.132653513146046,0.412462077255169,0.459721804904889,0.531484041134544,0.404686806147579,0.301544253070795,-0.142163924900327,-0.120244755502908,0.120135258231078,0.713577702304785,0.847874716965927,0.398852557233543,0.0727271175655444,-0.0996546192393725,-0.932129004026539,-0.869432887962463,-0.230499425523705,0.6961505636315,0.79773967380486,0.440336587114859,0.137940640929815,-0.0425610515478369,-0.909200465305652,-0.917013723392028,-0.283393229717282,0.0984538621075277,0.0973351524476244,0.201693928979964,0.152562158574608,0.091519102256757,0.0299510253923331,0.0185559717250588,0.149889761831042,0.0940851615900789,0.136246600406395,0.189964956546347,0.145648584683634,0.0855204792605761,0.0395760046793315,0.0272861430177884,0.169682886321056
"11",9,0.601094976997996,0.210618706077679,0.636603732134292,0.626442532654311,0.549664795239369,-0.618681503942331,-0.503238620491622,-0.29932077990598,0.48313905784703,0.132362070393497,0.52719466765603,0.541429490662646,0.472078412106178,-0.50515423590926,-0.430181858196346,-0.296033860434878,0.535239919533261,0.111150416586153,0.370039059918154,0.215830034994466,0.205388175444369,-0.507060558511848,-0.481643877042439,-0.404518928872893,0.522128187634895,0.0958838881962193,0.346442261929915,0.196217057262258,0.190412522403089,-0.488020010709391,-0.445732503381015,-0.362007669921436,0.208566898533262,0.0441826436084113,0.164452776053783,0.130245074185656,0.0662062551822359,-0.175403284430307,-0.155518143913404,-0.00448797952257661,0.216103043863582,0.023135642391691,0.188124077504003,0.187859448633172,0.115927947422142,-0.167704176805338,-0.142748402112915,-0.0207165547501072,0.600698984582373,0.090519661664559,0.411765928673065,0.260612870553791,0.251332272192955,-0.54573608614719,-0.510253709057075,-0.45237737730541,0.585382183454235,0.0810260523340506,0.383660313632615,0.250287312842547,0.240929698778638,-0.520935618882232,-0.474942839108435,-0.43679579786219,0.413576453346102,0.200751332887045,0.422999674701654,0.391107906012787,0.35776955256912,-0.447973098785224,-0.391809031483764,-0.249415912230586,0.379119194089525,0.198531431164399,0.350091526878235,0.309758265275721,0.278667435521828,-0.406940439507887,-0.360388461451998,-0.20961358991402,0.743771574326802,0.174454913720686,0.495108445961079,0.267961369596161,0.306792340058371,-0.706083700246001,-0.658158657611971,-0.67558073270415,0.678420214980236,0.13398705479535,0.461651978706376,0.24342743471088,0.248681423888004,-0.644361839738901,-0.608046853986989,-0.589435361092109,0.455623687363544,0.0602425231912807,0.355489601383821,0.329085661215493,0.266802931836258,-0.372505149609967,-0.321494943537593,-0.206873375379213,0.440223497693677,0.0558890643735206,0.364201451544252,0.337191652756879,0.266111337791757,-0.374955958185366,-0.334282767595064,-0.187094753433407,0.776167939648645,0.154145777239356,0.519012067534197,0.232285811664645,0.222575378258248,-0.725686865429033,-0.669268670153087,-0.650346436068449,0.719825312634064,0.137990047849583,0.505836464480938,0.238110576021181,0.22261010053959,-0.694091192942085,-0.655580917989024,-0.612584914970333
"12",10,0.686717717516232,0.168940984939027,0.67248512794108,0.621156800959025,0.553812771064985,-0.685648439603727,-0.59989163550457,-0.494557678673297,0.518218514166383,0.0864602991792521,0.505849977046956,0.509751860834734,0.416738212120568,-0.521540439386952,-0.47345242148634,-0.438436886059269,0.390546276998387,0.0247361632462693,0.185733292858713,0.117895073174978,0.0601747748380409,-0.326882841056797,-0.279315483817203,-0.191595489920429,0.372470969609302,0.0160553273028691,0.167427716139092,0.123243129833681,0.0688007652278357,-0.31550089445832,-0.265573985954648,-0.184138494045816,0.384505882436944,-0.0144476776902403,0.301802444867532,0.365359283910759,0.202193535526087,-0.292674677736319,-0.231120777101207,0.0504972308629408,0.35862681771431,-0.0370095778012035,0.296277597644774,0.346549866766096,0.155720280240632,-0.247537409670162,-0.16351423854177,0.118045064292678,0.461188865570037,0.0104113790025877,0.204888413437255,0.145495116936807,0.0974985491807867,-0.360717852639834,-0.289905834374963,-0.208712839918968,0.443564486583378,0.00591528129548593,0.190172471933626,0.160638420395534,0.116484504477195,-0.351930394308247,-0.293331489572315,-0.23828250983194,0.470075427856521,0.157707811779495,0.458088879070086,0.410317081996612,0.390643669844065,-0.469737407671791,-0.439092512318974,-0.389434339168106,0.463227109273129,0.196233883513311,0.424491026435512,0.361943994771339,0.360456555686095,-0.456509161950941,-0.423858486583043,-0.37612562089862,0.477872948112099,0.0479854527470963,0.255161149505041,0.128502962919003,0.114354441958701,-0.416624465369265,-0.389878360483986,-0.488435337939143,0.420494304977996,0.0207239568317651,0.21502691686018,0.0929921328228551,0.066226499313367,-0.353226988490425,-0.325363407974686,-0.416863548474866,0.407379939429842,-0.0561507903823707,0.28323299784767,0.307699028358268,0.255445927633877,-0.290775518829425,-0.263389784726645,-0.293056004711151,0.385201742765034,-0.0670731936476275,0.258364040768862,0.270096991123702,0.213687754269643,-0.267952882405676,-0.231698632033156,-0.303535022677136,0.553693815254178,0.0365994461409502,0.280211769806506,0.162638075293208,0.147874430972422,-0.470655812401101,-0.427061922569782,-0.515759042720661,0.522554040937775,0.026626642879413,0.270405376847495,0.147755060629995,0.130268360838137,-0.44162328180729,-0.399388685141968,-0.469703003511214
"13",11,0.623656874731608,0.330752762833983,0.585859809898305,0.633500204821465,0.450182834639224,-0.662592546894192,-0.461030715080629,-0.100325234888781,0.402272864619909,0.208784559623712,0.377531181527825,0.429525850424608,0.272778339831969,-0.411715909811635,-0.272851257459892,-0.0265110551705949,0.221167770953415,0.573224898660685,0.0360321879958662,-0.00543920062682275,-0.0765584753411826,-0.311495008414063,-0.290203611400529,0.0713370736099588,0.167291768951415,0.543546943587435,-0.0028601922550602,-0.0159940316311517,-0.0792700109599799,-0.262378537254608,-0.239635009572119,0.107926165357532,0.334103735344649,0.83704411138594,0.0834909433891959,-0.00919456845744468,-0.205090877018736,-0.496242393742726,-0.51037794321277,0.198172741332913,0.486358161453085,0.868074347773652,0.229482857969354,0.146347606369326,-0.0821249555335604,-0.687404454094068,-0.732660476466004,0.102190258610364,0.224228224915289,0.883559641887304,0.0374473003093163,-0.00855079907526698,-0.0426544750012723,-0.323644579495051,-0.31298194548621,0.0132119999776987,0.192658858766679,0.869369279981383,0.0153514776458632,-0.0255783609009994,-0.0620949410979756,-0.296595450955579,-0.278133501300513,0.0383039404962021,0.541809910789177,0.288835897436366,0.515108840735903,0.578934676866924,0.367315004494874,-0.621617007133053,-0.463728354360957,-0.076342331055488,0.789208235718841,0.353836100181669,0.761465261876683,0.799262834159342,0.569504271112936,-0.891196779060808,-0.701717359580808,-0.165955243085549,0.181175154324961,0.561328496619261,0.0464965272322408,0.0178033116033202,-0.0389774773922375,-0.272282126914812,-0.27021750211401,0.00578111236432825,0.105527710686334,0.657999205172394,0.00272613042138972,-0.0254775821532395,-0.0865688085130119,-0.216635563558563,-0.219013871809256,0.0703529762001706,0.21925154960449,0.59850255193823,0.00933095207650385,0.0149938760424376,-0.0722236378616237,-0.394999930404369,-0.440933765015492,0.0333526744761748,0.259906315317478,0.617357853305591,0.0614533803833197,0.0772549774516079,-0.015809692825426,-0.460953795850606,-0.533222094725575,-0.0292198152986951,0.179168407927129,0.842009523306679,0.0410403210795902,-0.0134622703406659,-0.0382920082664211,-0.287170942474955,-0.310586895567557,-0.0466814445524938,0.155968015551301,0.851369154838116,0.0268988476915821,-0.00766776214210624,-0.0340689702336171,-0.259913372202616,-0.293426025806928,-0.027685599548882
"14",12,0.865706963287676,0.927890079931638,0.953512047115049,0.962701629908676,0.707805885473876,-0.997619332170659,-0.727524282616985,-0.18685677818101,0.544840235226228,0.832517948259701,0.637660393466176,0.684416435563458,0.469813189981013,-0.619639277717047,-0.439326289207999,-0.0680095236237373,0.274002530056845,0.677909064491904,0.171888259790492,0.16441566863213,0.0782005123600219,-0.316439145858917,-0.267002085287399,0.0710329852447905,0.236272025389066,0.657183593649889,0.1429393390848,0.159091519269326,0.0988060663990832,-0.284937603930185,-0.23955168724612,0.0542155161479332,0.691447496985759,0.975722321080973,0.570534648132859,0.697984049304627,0.482327710387705,-0.722035949859761,-0.635806321961205,0.12445597313844,0.784540150042942,0.975333719632718,0.723598260361688,0.875688494288782,0.593384801455485,-0.82965439498393,-0.778163524565145,0.0755973744111727,0.314578770262807,0.895848705341394,0.217050976220181,0.189422957517898,0.138686700226469,-0.346560668195552,-0.304551415450722,0.0151364820151039,0.289076136567008,0.875778863948319,0.190060125187418,0.167306280914607,0.115820613340345,-0.323183791648417,-0.27664329664777,0.0343018609130382,0.790298357459068,1.33270156374469,0.929140426516429,0.968023239492323,0.668583755607442,-0.946130276703134,-0.733264506886011,-0.130534485615911,1.14772907467263,1.46608432395001,1.30380170210695,1.31541037503685,0.955433561907547,-1.2006080569484,-1.05351295628989,-0.277718252218369,0.317901286836114,0.693018888276037,0.243468622277028,0.229228337347382,0.161692466070098,-0.35563766051135,-0.315646960586878,-0.0320238262148366,0.258816322496353,0.731713113307628,0.201900578589285,0.19773712790863,0.121025792955936,-0.31263071705588,-0.277969139993401,0.0313857471712398,0.600665129494097,0.847443799679238,0.538033809442141,0.546384845419328,0.39767103858045,-0.626249418420115,-0.58137820729724,-0.0578787091121755,0.578488253466452,0.807746359046523,0.559357416760501,0.578961032994145,0.427729369871816,-0.628454109379936,-0.596002816528748,-0.0684963596430713,0.378669280431551,0.886187724636881,0.314793585956514,0.256079086115883,0.207866762277452,-0.419322066951792,-0.411028148937266,-0.120319079175419,0.358904623415078,0.887620483320995,0.31346856489939,0.28349746165761,0.244326058905306,-0.402736516558727,-0.400871102025272,-0.107083531595364
"15",13,0.213208015550796,0.815059390361343,0.259984131939517,0.270268369055763,0.172842709171324,-0.28526807634352,-0.216321936545359,-0.0454737073138376,0.0877583831109643,0.756129992749801,0.134814157080244,0.150276188263558,0.0487368631081896,-0.123685914362118,-0.0807142095304548,0.0145718660253016,0.0801823161302035,0.0709049643968457,0.133582154441752,0.247823009772713,0.165259085278823,-0.0916182023420029,-0.0489866520073841,0.127605280626185,0.073259257765736,0.0630350829861326,0.129988609376555,0.257401338418576,0.188947588082467,-0.0906051665336162,-0.0475002709064668,0.131436478490135,0.326766361161004,0.101144778219333,0.523314331767122,0.918017472425289,0.792768204178911,-0.298834860322184,-0.221464388073745,0.234153299310563,0.336810100034302,0.084628062350454,0.549532674954287,0.938837918327949,0.761330742092193,-0.295939225428341,-0.195941732929101,0.283977428075615,0.171989595868375,0.107897441700436,0.224903794662841,0.335486792297452,0.293986249740949,-0.144832605083149,-0.0914700981351357,0.0784462378827226,0.156739128145852,0.100935398196835,0.21163547398069,0.339834797063183,0.305219220810739,-0.138994482178911,-0.0967360536089257,0.0626587512957173,0.150849896815413,0.802736127831935,0.21929465988775,0.229427227669791,0.108503410677369,-0.227865932878435,-0.17631107734298,-0.00360209896093122,0.253669604042607,0.8685155255123,0.298029543811842,0.289378873554023,0.173663310363619,-0.320261642328851,-0.263995241590948,-0.0625160951060888,0.108016591327938,0.0737513384515739,0.159530087936537,0.224498398147342,0.168632171567196,-0.10432384433412,-0.0752739550349549,0.0219755074647043,0.0808154985424267,0.0839204026322736,0.154941843828251,0.232653628577501,0.165414893338985,-0.0887727230888892,-0.0577283942206385,0.059313287471852,0.287494672676319,0.084230365510208,0.484654129590124,0.698027903738198,0.652213124299279,-0.247207255007855,-0.205029229912726,-0.00612673873691409,0.284650187343036,0.0849166837398412,0.464488070797692,0.666519675940815,0.597733165981581,-0.245795014251618,-0.188370127602195,0.011744506464994,0.166389955533667,0.11125925453378,0.241568750923195,0.334719566884298,0.319963215754436,-0.147711062455299,-0.124737864441238,-0.036402168829468,0.18564911253496,0.116455277536101,0.264904352465162,0.358306479324622,0.349613748303722,-0.163255315165378,-0.134431693727008,-0.0349487140297082
"16",14,0.341111013727218,1.14858901802222,0.417235186053927,0.437071248471779,0.305927666847117,-0.456965294413749,-0.351750583691354,-0.0964174673891411,0.18789456832836,1.07601096032658,0.259874732331894,0.291898325131393,0.164692520409871,-0.258819861732092,-0.192370830568279,-0.0288527647595056,0.262014608848975,0.196737659587781,0.258023464808026,0.318856024705453,0.22553358276609,-0.272682258474243,-0.226322691497638,-0.00203118011824074,0.25700927609009,0.184164740595062,0.255523741558108,0.32909532677127,0.25172530421026,-0.27373645220494,-0.225320693920936,0.00356888368818945,0.547010971460357,0.246188610705318,0.678477447724263,0.983800766675077,0.810325778909729,-0.509843841623097,-0.429999749720229,0.0899956014070391,0.554744778662069,0.217757817669616,0.69246639508892,0.969849758219763,0.739060177436362,-0.497893567218347,-0.393487007866989,0.143526608155402,0.39584271593448,0.251384508014051,0.386985143055327,0.400766647525193,0.340283976286924,-0.365716268362459,-0.303687143449814,-0.0613314539722081,0.378274387464046,0.244146585094002,0.365904157494839,0.402150488292671,0.346826532259581,-0.361773238855292,-0.316447074048124,-0.109925183047244,0.28069602625473,1.08654982556823,0.380890297234746,0.402613878158725,0.25148770842781,-0.40674102699737,-0.329811738175871,-0.0758596397003812,0.406847299428288,1.14664873767286,0.475242533472767,0.467522064504747,0.321602870021295,-0.518039211628738,-0.435067301848186,-0.151018719467408,0.285452858843703,0.217838502155503,0.28931557110665,0.309319025140254,0.248632549066522,-0.291742779580848,-0.262024816557243,-0.137088275655336,0.262344433143704,0.227270710124557,0.289093095056343,0.315478094835452,0.238885772288106,-0.276411449272663,-0.244205388065382,-0.104832848073994,0.511971117857745,0.236275042816152,0.627723243557184,0.717322349996477,0.626741227092774,-0.466652915245227,-0.425815117767848,-0.178345281683067,0.513371998614641,0.238649523106415,0.605800175998217,0.680811413477767,0.573372050115347,-0.464828625523027,-0.397614942697456,-0.166518403965336,0.369820378658134,0.26112767846001,0.404531160811069,0.395521305709615,0.355273390391012,-0.359027043607403,-0.34373095872904,-0.227081047021388,0.392251673631627,0.264976849269594,0.437241603355399,0.425302137327853,0.390384026417166,-0.377064257378434,-0.353036212619662,-0.22800514873466
"17",15,0.487643794907363,1.44397625261605,0.615898013296759,0.671250287232254,0.493668586431227,-0.654293351291909,-0.509643587093073,-0.175699145651385,0.299612916170244,1.26430255283635,0.41434873024351,0.489768512945963,0.327160526486518,-0.410491913094967,-0.317513430885681,-0.090267391062708,0.551563054100425,0.379940506751557,0.497123035826426,0.51861109199263,0.419758204016565,-0.586045519915657,-0.546140155333324,-0.25403206339265,0.545521097093125,0.359234994258115,0.491180792907486,0.526122275655778,0.448755560066229,-0.582252650119956,-0.533157075685117,-0.242012610143655,0.835337557588757,0.396270338548014,0.943749664769026,1.2338102039065,1.1013481975542,-0.804285488101539,-0.740559510621798,-0.129981577477216,0.855534505581375,0.361934815336537,0.965426868444404,1.25266632693413,1.05094065433727,-0.801479038437179,-0.711467967860684,-0.0845265155765321,0.72051449970836,0.454899912645535,0.676334190385844,0.617135992973669,0.537853904196858,-0.715661098177162,-0.664018879409691,-0.338559374209307,0.70102664555775,0.444886925248859,0.641224086546652,0.606253054869936,0.533378635008052,-0.711390681173164,-0.67391604950864,-0.412243124360426,0.431787320760664,1.35418563875255,0.586580734636202,0.647823501625277,0.452831724886651,-0.605666945953727,-0.50278146838179,-0.180815643607125,0.578054223380864,1.38040606057388,0.701121226289232,0.717614615629881,0.529008654895795,-0.729239991991621,-0.623737374425334,-0.276890818436002,0.58500378776626,0.420417163787124,0.543135764391925,0.509243548550665,0.447563007044017,-0.627446403289305,-0.60501194746836,-0.459577783436839,0.556916974592856,0.425643445297866,0.544612389104795,0.522186368357803,0.440651475555481,-0.601604932192606,-0.580193660183209,-0.413597482661637,0.834996406569317,0.407704807216171,0.906236261727437,0.967560516195059,0.877918118508678,-0.805080905546627,-0.785287998952833,-0.488019719684709,0.818214221477982,0.412399160797087,0.873688934025994,0.93748601200864,0.836772560314684,-0.798873535231267,-0.752147342317713,-0.482394911064974,0.694569155632204,0.468537135005285,0.714904905339395,0.61521765272561,0.553425427920753,-0.71752244107101,-0.731984014068691,-0.588447126761756,0.713165011269257,0.470761814295926,0.759725321575671,0.66999402578789,0.621283203345969,-0.735008832121222,-0.7428764512132,-0.59102603570138
"18",16,0.580542672431178,0.689302214722056,0.603426632044461,0.580839864237562,0.408444436404165,-0.662665518311463,-0.479346000609512,-0.0928180510177393,0.343924271113056,0.57047688333465,0.384075144526847,0.382394356308643,0.228663446995603,-0.391001896917483,-0.270654182753585,-0.01482100822791,0.0272769527135795,0.376283649549906,-0.0113201079779818,0.0203105318690712,-0.0654431072156546,-0.0483104065625556,-0.00338386778251344,0.225805455484186,-0.00314156078643073,0.371263194745152,-0.0325979186669483,0.0225493765702184,-0.0428191815162595,-0.0311708932976157,-8.20907719885007e-05,0.198906725396725,0.366637237239213,0.618517549843784,0.310702355685544,0.379752507085032,0.140065307412313,-0.35980495265317,-0.264515807101083,0.323397628080288,0.412715055294286,0.62536694475828,0.404668674789583,0.504330928802811,0.22896324490751,-0.418535593255697,-0.357803689675287,0.335529239712047,0.0523192328872958,0.536446494155814,0.00292045839664238,0.039142952619712,-0.0119978327791805,-0.0548366289466074,-0.0124851220436054,0.183091493167298,0.0250855517562572,0.526061246083038,-0.010154216904654,0.0327850889113407,-0.0187889647196171,-0.0400731450833573,-0.0135961991393189,0.191312451550175,0.518258231773534,1.02847935410398,0.579985140323932,0.572169279274601,0.35734994967081,-0.622801684893132,-0.477291678631503,-0.0437986986086588,0.789912955978901,1.21758622526224,0.847813107742509,0.81466583088506,0.560420224214203,-0.88256934003113,-0.715973253317204,-0.151692537185323,0.071245848757341,0.392267583106314,0.0540612581598558,0.0827630404535565,0.0162109686259269,-0.0822786142131061,-0.0525834540122539,0.147968295122713,0.0280780997992033,0.416996327178814,0.0162605345337693,0.0471331975390997,-0.0274508217788473,-0.0526112147415383,-0.0193479162520967,0.182337938688953,0.276115760729827,0.536000400219843,0.285730858592223,0.29290983340544,0.147809707669376,-0.278244702346331,-0.241311956632214,0.154303471524889,0.27772708833813,0.501532990288625,0.291704768382725,0.284776845196851,0.135719195055222,-0.280908892356353,-0.219306949297969,0.185201998709587,0.100107980339227,0.534168574265365,0.0727033220528652,0.0831053431917348,0.0388749961767096,-0.110437809356404,-0.0979654648630037,0.085526004360135,0.108612151592302,0.542856359442767,0.0750490905104161,0.0938600993794913,0.0465461965001227,-0.110559996290018,-0.0863477721357769,0.0887475956268961
"19",17,0.36315618172631,0.21050500100407,0.311982290650969,0.277118204308038,0.292048435023364,-0.324858342119206,-0.284088803304056,-0.316706601617293,0.406437720435346,0.174909766629578,0.311906561931774,0.268612881202694,0.283107325808978,-0.356567068702009,-0.355388988009072,-0.521472817048907,-0.0360402421838067,0.175357221554204,-0.117631842086041,-0.146906535118746,-0.14287260665251,0.0366754864951392,0.0487553312275408,0.0745892144028343,-0.0509287294263766,0.15872764550319,-0.12952773142856,-0.149197863142048,-0.145572708058523,0.0433958433731366,0.0547870256440954,0.0887488201225671,0.190432792587758,0.242952846124472,0.0337414614948292,-0.112321921619381,-0.134026283694474,-0.148861382157695,-0.133464830767265,-0.00324995212278389,0.134233935442403,0.240304027923165,-0.0037228274133855,-0.145228810383756,-0.152099915260881,-0.094280083922506,-0.0698554751486414,0.0548836387234535,0.0178488287014914,0.184297634792398,-0.0819361874791014,-0.129446707771195,-0.121147805539498,-0.0084647033814282,0.00492486118198281,0.0294017043989856,-0.00122569509502306,0.176646396127306,-0.0908747164501309,-0.133060293560662,-0.131414016692747,0.00765020337605686,0.0195528739345269,0.0550692162925306,0.468489299556996,0.263922875229964,0.427947744409244,0.411483744498585,0.531186159374878,-0.428237136546339,-0.495450002586781,-0.823824043179356,0.475225511954743,0.298801574609625,0.44564434590609,0.412116560588036,0.528325783387907,-0.437112458911004,-0.480066949741738,-0.717702689464716,-0.00853528178386682,0.186453334736922,-0.088682901243924,-0.128856945376247,-0.0999888873142082,0.0241679614746972,0.0191069606679106,-0.0865412609845476,-0.0274729931329742,0.168610809856651,-0.0971565177577721,-0.134620345644837,-0.10205109253292,0.037188873981712,0.0340141722227174,-0.0636392449713421,0.0302781509399203,0.193365257141329,-0.09195753740496,-0.170893405175515,-0.0830809385553695,-0.0152670757064318,-0.0377000407688072,-0.25178108981521,-0.0507203406376703,0.146513948888702,-0.164283260173268,-0.192531112682167,-0.101319887473831,0.0557258070639823,0.0320475437014174,-0.197050641709661,0.0245804221245955,0.165212007477038,-0.0693329301641286,-0.122980700516955,-0.100093242971626,-0.0221870140600566,-0.0243130552305039,-0.100381621017173,0.0325532895644492,0.181296087785533,-0.0664371612429891,-0.126267147218052,-0.108100589435942,-0.0321228677066234,-0.0409037411243209,-0.106967069751939
"20",18,-0.00472566147571537,-0.0155358300682366,0.00111564101964698,-0.00577413503476669,-0.0421923362972343,0.00547425309395333,0.00981334425453984,0.0229150401939532,-0.093085198729591,-0.0428338673110936,-0.0852580325205778,-0.100801795840485,-0.152551100823709,0.10319278438349,0.0984764394780409,0.0724119233184895,0.212188373500075,-0.0235949470046816,0.289897264548467,0.193901698022564,0.105032414740524,-0.096492026538409,-0.0696857477371793,0.0899871031734989,0.274922826066478,0.00331178986169004,0.35241339602592,0.237914876239961,0.152574315621499,-0.124925557289027,-0.0954004263355186,0.0616352136967406,0.529264998924733,0.203725480990977,0.528816408392677,0.315133429237184,0.0400222817783003,-0.479929682590591,-0.416237222900917,0.128022053501995,0.646727111990988,0.242699717935056,0.6747443385152,0.388294080165352,0.0621549882287758,-0.592576216658515,-0.52352466561601,0.101441531780842,0.0771530971534851,-0.0758735725826784,0.150288663449838,0.0895592885341052,0.0205877722062348,0.0243548329098283,0.0503148091682158,0.168202478688774,0.113097798502151,-0.0496121349124875,0.177986390581461,0.107840000683165,0.0382323156890508,0.00526653964108761,0.0232456788870633,0.13730653026821,-0.13401016240888,-0.0099826063715578,-0.101068334739434,-0.0981601822735019,-0.157378806656741,0.12976630367238,0.13231383738795,0.112570451903604,-0.0634286117280986,-0.00779028051481172,-0.0447817847431789,-0.0485107954880762,-0.0995652312431737,0.0598719815624108,0.0633991452242712,0.0666677159245354,0.00355454942009456,-0.116833566896223,0.0846963865271658,0.0406748408001585,-0.00590749898133866,-0.00123439932200763,0.00992097073045481,0.0910082004128656,0.113388710276169,-0.0740877887545642,0.203077082593408,0.125616890917864,0.0662769353850475,-0.0381521122036006,-0.0273220634817377,0.0618497131403899,0.559262179020182,0.254901811421148,0.510106018572093,0.18871635391099,0.0284509700686327,-0.512303686126898,-0.443524973335385,-0.157764889039968,0.718911796964254,0.344056407853044,0.656893800672347,0.264862650315783,0.0923371620141987,-0.679351032997299,-0.597897978808106,-0.307856882976125,-0.0459840882503095,-0.131881646892213,0.0188992607397041,-0.0151964878075912,-0.0529981939873405,0.0609555355609871,0.06284870444565,0.119846070888581,-0.0347328787806651,-0.127523474047715,0.0192700198162361,-0.0171880577646472,-0.0586358829790246,0.058174308964104,0.0648855154723588,0.131336124406231
"21",19,1.01862851914924,0.0980940259471129,1.06490449837224,0.999087081279585,0.95184042211588,-1.05641265389483,-0.941686025678106,-0.85890156052256,0.801001622957652,0.0148913303680512,0.841528634178167,0.810548967095005,0.746883123436642,-0.836788588246631,-0.782238121748667,-0.807985264026595,0.488215319523151,0.0795985656515387,0.248081843577743,0.0692955184951662,0.02313432712634,-0.478679157272587,-0.424608783180057,-0.226884009992174,0.451916100777382,0.0629905676330541,0.218794339296945,0.0476768124713033,-0.000207456576194314,-0.450735175802911,-0.399046488294105,-0.205681525112448,0.48530672075873,0.0431585376559779,0.289822979351381,0.11294043811597,-0.114805677591337,-0.434149583383569,-0.355065670398645,0.0847961100257233,0.437751099605429,0.0135047860093869,0.265345300151157,0.0694697262522803,-0.17151113221261,-0.361171971493264,-0.248249983797805,0.185722814435823,0.68610990445059,0.0852348541798087,0.340704609091971,0.0815732489157109,0.0255857232020319,-0.637439277977777,-0.54356376342917,-0.261561729384721,0.651949806958909,0.0825918939319876,0.30922075590036,0.0687666185696035,0.0310012498054365,-0.622526402768107,-0.557301895156178,-0.384109827052169,0.711895873842459,0.100509692783774,0.747134140390222,0.697519385866843,0.68312907032367,-0.747673539394584,-0.695884373601491,-0.682494691294636,0.728922658478679,0.138653004429772,0.731672436943379,0.652569776205585,0.661514672376183,-0.745578040343244,-0.696166943038361,-0.639647230199002,0.597238802911241,0.127182372846766,0.341227113514919,0.13873184858684,0.14757162114015,-0.612692802383975,-0.579155376290524,-0.529787382902415,0.542653611270612,0.108493254313023,0.300895895566582,0.103027799855073,0.0884124126883802,-0.546483316825084,-0.506116155240431,-0.440355664060335,0.401225343090814,-0.00628024967406183,0.192560709598196,0.0124716706001683,-0.0967463384930062,-0.359418090989339,-0.318550097029069,-0.153759754577853,0.402637631063397,-0.0210308353261991,0.195351952116354,0.00168844700698711,-0.101236268056765,-0.346024291932712,-0.273907219208802,-0.131325453565434,0.7230530564236,0.128544554296631,0.400727240076568,0.107581024792803,0.10914892019437,-0.723474769167921,-0.688062314198257,-0.629694322973841,0.720507609699532,0.11472942716264,0.409402059088739,0.108471481940391,0.11172920813825,-0.713041554879778,-0.667402184430352,-0.624136375515917
"22",20,1.37383975625411,0.157888803020953,1.44073440842131,1.4966624008267,1.440524684328,-1.47017482272511,-1.40839620631728,-1.44596566966208,1.08128946244908,0.0523197750699109,1.19488841867215,1.20180625628671,1.13307129875696,-1.12562964133716,-1.08664069640184,-1.18045838839664,0.4267900019258,0.16222241732362,0.2381545442691,0.0696370478649029,0.00877359006534594,-0.447186590371583,-0.401376689107757,-0.163139793498539,0.411195968254628,0.146153539479714,0.222093443371138,0.0567042013644429,-0.00261546700666387,-0.436348348493102,-0.384575907314415,-0.145128473780374,0.641302208024102,0.120314647664862,0.467704507024663,0.21650239036224,-0.0308424417904801,-0.60008865863691,-0.512698643287683,-0.0117549606139656,0.65412763160294,0.112784283979195,0.497781848981888,0.223495434856048,-0.0514549985129569,-0.597028065063888,-0.494602086470832,0.0268411558067235,0.611557165952932,0.167280795004321,0.342867056861737,0.096032677965104,0.0459743647871613,-0.605544117140425,-0.538742673320578,-0.278251917744687,0.576447771901698,0.162040983660685,0.307652325182604,0.0786905265142929,0.0354467112010674,-0.574814729405518,-0.51374981888006,-0.302292566911784,0.936617100683726,0.141796506155776,1.03173351069874,1.00595395654459,0.966504778503407,-0.99492761216574,-0.932975013049192,-0.948816797197454,1.03436405364731,0.190299154841046,1.11459300150261,1.04490612831684,1.02748178867586,-1.07742264225277,-1.02454550300381,-1.01567568221152,0.530776061513731,0.212562908043329,0.327256304472475,0.133739450756588,0.122328776642892,-0.568382129967226,-0.539083810759952,-0.416501966769301,0.56720010645041,0.201265353930083,0.354635602819114,0.144411571155956,0.115229171999657,-0.605636356123322,-0.574024530173669,-0.430384482574744,0.540477934642119,0.0717035753532176,0.3563656893547,0.0824861383874701,-0.0451602662410301,-0.511145386642522,-0.463228924791386,-0.23326602299364,0.519796889839382,0.0679214946624604,0.342412966953767,0.0789283829128961,-0.0505161096813431,-0.491184708507779,-0.432989516210489,-0.235622729532609,0.66367453379079,0.203464864892709,0.417568936876139,0.128587622914296,0.11560040460909,-0.692378202021493,-0.664848142936563,-0.538420088252501,0.683028460189079,0.187813830397251,0.441281301153371,0.13739350527769,0.123374853955513,-0.717994602998797,-0.694958135551763,-0.573504155541284
"23",21,0.922005347275218,0.0598938715815947,0.891229479241028,0.81346215890596,0.75937865139722,-0.942649790570799,-0.827229798538203,-0.713815900141655,0.718566309641538,-0.0209986902656322,0.694432124070601,0.650976964735852,0.595738287090412,-0.738450887078739,-0.675903450822208,-0.667322764082766,0.241298708327008,0.0193306109867021,0.0498011378146855,-0.0610691308672605,-0.11265508854138,-0.235598603178935,-0.187184358805887,-0.00607583691369099,0.214130825996359,0.00673823170216144,0.0275026174146156,-0.0731676913281588,-0.129114039260469,-0.218405933374057,-0.173759592422302,0.0106218393616929,0.34601883460523,0.0111767631834525,0.124041087451628,-0.0315027705859579,-0.242307602666451,-0.299497033321161,-0.220221730979764,0.196144144902693,0.305667824303191,-0.0144502297587982,0.100396529208968,-0.0786013293937261,-0.298991294160055,-0.234938176624167,-0.125673573518603,0.286487007179811,0.419330483784688,0.0274969475469179,0.113595706951609,-0.0493205622778606,-0.0986063665092542,-0.364231124111026,-0.279846892192692,-0.0560411884856242,0.388876984312961,0.0264974081595354,0.0943196120416358,-0.0495221037375693,-0.0983714047744167,-0.357070336532287,-0.302860844869804,-0.152727443711515,0.655368622499784,0.0544676328296263,0.640297820885607,0.579374885876576,0.56792278726677,-0.683246420472423,-0.6275595966657,-0.593178067221209,0.667093256653997,0.0892704598177301,0.622082850391844,0.537229266162774,0.54556563906441,-0.673667842348352,-0.625099563924722,-0.54758361609614,0.321398932643695,0.0536832358672987,0.119010854723925,-0.011455699506891,-0.0225936213226018,-0.324681376390896,-0.2971657439226,-0.225505664929987,0.289909469032559,0.0409709257759822,0.0945644415316383,-0.0331737071316096,-0.0570805473045429,-0.287373042477413,-0.250703096990801,-0.160911101390302,0.249542757577675,-0.0382967371572557,0.0262488796906373,-0.0967187879567251,-0.187077716941559,-0.213647417493021,-0.175259488179085,-0.00223689480738401,0.24709742482741,-0.0561428316916593,0.0228087691206643,-0.114299632392794,-0.205253948206134,-0.193371841787874,-0.124608429549878,-0.00676601407205486,0.447070861798778,0.0666364152582071,0.160181497435427,-0.0262344592822629,-0.0241723074330946,-0.434580570187784,-0.401566067940219,-0.312338575692506,0.457842668295982,0.0535701288393374,0.167301092564,-0.0290311842614584,-0.0331483023054614,-0.428231046838318,-0.37829980277784,-0.31065098362704
"24",22,1.11681912178083,0.0892279859268206,1.11581470811044,1.05649468259445,0.984903358864446,-1.16235777916949,-1.05594180780914,-1.02323531401361,0.84498471615978,-0.00404717949902806,0.84881198085552,0.839439363944339,0.776664432874772,-0.871556427182722,-0.826404992553982,-0.847987209445317,0.273250379695379,0.0349503169587016,0.0935746121116157,-0.0229365923684565,-0.0828793052142043,-0.27479438377958,-0.228687024966983,-0.0434801975388227,0.249813551043715,0.0215512336959759,0.0723877799199137,-0.0334874926509912,-0.0926479875307275,-0.256257192780201,-0.208153719242618,-0.0214221025336687,0.46109719000013,0.0206219695928136,0.261340321634669,0.0997368777545438,-0.12322792775015,-0.40025425534658,-0.311845169611647,0.110355416087305,0.459733331273588,0.015119545585438,0.277401181116562,0.0991706586178357,-0.14334794594831,-0.386927059523031,-0.285503979255454,0.155004323442573,0.414553525597616,0.0334484788451101,0.147537915121397,-0.00676805740195218,-0.0602087659433778,-0.377529160873362,-0.308050148702246,-0.114402310420938,0.388637875138363,0.0300919811392407,0.125750598781478,-0.0113690603315008,-0.0616272075009567,-0.356810472219953,-0.294993086859058,-0.146381661196767,0.749876522921295,0.0785975412383874,0.754607352690567,0.708849653417879,0.690660981905189,-0.794041340298838,-0.744205906766429,-0.732996838590815,0.824565741695895,0.112460665305777,0.810827518672527,0.731621069216615,0.727902107731801,-0.852215107748779,-0.813992494521121,-0.805569099030515,0.371328117467198,0.0655372957514824,0.171208047942301,0.0263962386307878,0.0133053903202526,-0.371445684973195,-0.337032085738482,-0.271724731761247,0.330947782964839,0.0494065696724187,0.144710712423068,0.00566798448394124,-0.0269001353902939,-0.332995018497115,-0.297635556307117,-0.213414789119737,0.349736256803358,-0.0282432430831579,0.151809557080406,-0.0020328797758344,-0.108821163894187,-0.302322508892839,-0.254190025725693,-0.102032247997243,0.327568661779687,-0.0396695787579681,0.140835163404125,-0.00175538405969353,-0.105951385273529,-0.284071789690748,-0.228052196184752,-0.0906021910499007,0.463790174542102,0.0666619150795572,0.200979482563564,0.00542052797793193,-0.0108947211731035,-0.442551273165112,-0.39820982677812,-0.335100269555994,0.464884945074642,0.0543521567542211,0.206674558426811,0.0060497971576959,-0.0188034172472113,-0.447962482259441,-0.407919771906534,-0.341825035170634
"25",23,1.2426676105852,0.131287184869867,1.30777318513646,1.24267534362714,1.19085698543343,-1.31701316909327,-1.19108142184028,-1.15912234462877,0.945887652730124,0.0328356777676375,1.00619838256324,0.994171238808809,0.923803184889723,-0.994823182172962,-0.923129983159676,-0.979045786760251,0.395752099502037,0.0990577918793437,0.203303345858997,0.0445425113457698,-0.0117356520210939,-0.408111304259483,-0.361759733300089,-0.134986350262056,0.374128852666621,0.0833481112690005,0.182053685769638,0.0301591726024363,-0.0260297506036326,-0.390252775806202,-0.337892901366954,-0.118698801570773,0.563621732020663,0.0822351936537281,0.37324893590009,0.166984658307076,-0.0727543375973914,-0.513635046206309,-0.42410815161433,0.0451657071299032,0.558330352828589,0.0713430030031119,0.387849158132444,0.164438571826939,-0.0986050038249983,-0.492473608958962,-0.384384281996894,0.108844738058358,0.536598831323774,0.0998214349846099,0.268730078066735,0.0532130758463063,0.00161460749543295,-0.520225641488718,-0.449801556888471,-0.215224132639631,0.505171399393381,0.0948868577302669,0.238572990886899,0.0410442541852204,-0.00773184702530893,-0.493983369383143,-0.431490146296297,-0.243437384220846,0.842393613200517,0.117467043167009,0.895029315234434,0.851542978472933,0.815418850107742,-0.907019788976248,-0.842874229553202,-0.82010986950127,0.930343894985896,0.153937937448448,0.969847755583078,0.89421049585121,0.881945246128183,-0.976765664086404,-0.924081917604517,-0.875170487762942,0.501750845277293,0.137584231600213,0.291748079540798,0.108283332830486,0.10335005788439,-0.525902609727981,-0.489776034736279,-0.38452662033773,0.45490748207025,0.116694008182144,0.261804656639112,0.0818244753529685,0.0539373931504669,-0.47745401962183,-0.44164554314037,-0.325660100520339,0.451046570662994,0.0337648400138669,0.259123494877745,0.0450123095345298,-0.0775587288698436,-0.415814897585976,-0.364908507286665,-0.170897080421983,0.431160367297169,0.0237368301296054,0.247982416417753,0.0456561391879608,-0.0762796399096363,-0.395817894861455,-0.33358633132175,-0.168314946308171,0.576864662675914,0.137766426010792,0.326052202129193,0.0739192425083411,0.0635154355417441,-0.589976106068144,-0.552206581814629,-0.462583169131554,0.578876486543996,0.122243854014223,0.334647007356439,0.0744693380413625,0.0579372704324372,-0.596231838765575,-0.561815529938137,-0.460939509828773
"26",24,1.27552834985106,0.11347153143496,1.40427315265985,1.42977326377844,1.24253216301015,-1.34151527943244,-1.23247213333267,-1.15303717322071,0.952039907915132,0.0239958425597007,1.07260936517262,1.15773099363313,0.993681629250947,-0.997854615476055,-0.919246552982106,-0.934626912400205,0.281821287873116,0.12314590366869,0.133792951863473,0.0030060254368198,-0.066785592456505,-0.318139258214871,-0.276081486403377,-0.0614006950767792,0.255282555291366,0.102565854376009,0.110621628438116,-0.00806807367596885,-0.0804725927866064,-0.296231419172469,-0.25026199077236,-0.0245450148142229,0.520367542647283,0.0942901359594513,0.400673746908493,0.381664505344694,0.169259047402204,-0.501244405129333,-0.417302101412082,0.0797391612984694,0.531293817401958,0.0918696325931866,0.419444303544187,0.388505723029582,0.143287801928181,-0.498428540440926,-0.401977556654998,0.110400505968042,0.417244556054873,0.127689618918049,0.210987780876283,0.0345796366759072,-0.028170633599371,-0.435125900617193,-0.381096782854246,-0.141974460151989,0.38837037369065,0.120422845971665,0.186167741980177,0.0334625544779294,-0.0287493209615738,-0.408647358935846,-0.35821349060383,-0.151430001038403,0.842096358144658,0.112729925147947,0.921020975591185,0.913909715183445,0.811401493324317,-0.895419930966312,-0.81848590255373,-0.778885487132124,0.937365089139934,0.153571953224269,1.00011150126167,0.950785516982148,0.869441639032371,-0.971803015389764,-0.912765235608359,-0.85932626750555,0.377066719807514,0.176858535859577,0.215384888032609,0.0585054830748809,0.0320078322761539,-0.422649129626047,-0.397791773613489,-0.258818131916591,0.371861761336983,0.154695941594666,0.212779121246158,0.0520126536940985,0.00880489511124012,-0.420302298097826,-0.390271702548354,-0.246073444409472,0.426318338353821,0.0542810125049974,0.286229427818375,0.219258850279138,0.114588131091863,-0.418915533071307,-0.37155707930903,-0.154399415100281,0.409554667814203,0.0509012932456539,0.270631580411052,0.205513448577877,0.103118990842272,-0.405963331640765,-0.354142093373748,-0.152471982125086,0.484129678336469,0.176042233796013,0.28310098523935,0.0538787613236159,0.0315220515684969,-0.53001927118404,-0.503653770357795,-0.369152494732805,0.50329093669353,0.165098366208199,0.303764654892261,0.0628215759483015,0.0325644689110048,-0.55499601683892,-0.53516099987322,-0.40170769560027
"27",25,0.759728145314867,0.663980695881053,0.830747247688499,0.827524974446264,0.851718971303793,-0.738443947836565,-0.727697957081641,-0.64776341864688,0.577318841094581,0.579632616980085,0.641762293262276,0.657385790144677,0.70092295584185,-0.554596858455481,-0.544309424939282,-0.58232405813312,0.415433517138586,0.323186128012933,0.280992941342273,0.147917078499412,0.203163626669692,-0.359674220717201,-0.391112833145715,-0.594847260749612,0.413110573089437,0.297985257901313,0.265744470056781,0.132252552039605,0.192772190192607,-0.349016339116796,-0.366900227374295,-0.576924627501023,0.221116269535572,0.204423285502116,0.178355898889867,-0.000214285954847453,0.0593854873018311,-0.14803400309406,-0.170531440228055,-0.301983704252565,0.202488575672814,0.159589593285547,0.164095356785119,0.0101314805576485,0.048317262580342,-0.113957996055045,-0.139278285510488,-0.316406420461256,0.4941408296312,0.333534223557334,0.329600977676657,0.147440525142798,0.210587010053049,-0.394694411860001,-0.403780916600899,-0.635585356022632,0.473858869325677,0.320377691435157,0.298643331569372,0.130180858791578,0.181555381587286,-0.375452036814361,-0.382425716352627,-0.614218558188439,0.506844646033637,0.499305006883571,0.532318316448039,0.498064384527056,0.526287596512053,-0.481830832375925,-0.477615648743932,-0.495829201871248,0.416905511325619,0.460164484390274,0.40300777945093,0.358213977673618,0.372511491257435,-0.403316224998053,-0.387409001998693,-0.334486334418211,0.515387184788213,0.365183903611781,0.36027112596959,0.185255447491524,0.224959085873573,-0.452190059526471,-0.4442796247486,-0.5899870826579,0.45314579403519,0.308052715763764,0.324786458643968,0.158161405549313,0.177454443800782,-0.398849286238068,-0.398041877198343,-0.505851950467521,0.394959677860381,0.244558265813755,0.306184283726337,0.107738890563759,0.0776109296896449,-0.249771040745514,-0.224174993750688,-0.241599526849187,0.37735811832234,0.248366766801266,0.316131561159197,0.128040969948872,0.0868167120746542,-0.245192189140382,-0.222714933273946,-0.246705571193773,0.542826321414539,0.349952430963904,0.37590538077206,0.145221285171934,0.168861528100362,-0.466193651897818,-0.449624001803614,-0.531598634261407,0.503814099301468,0.320279780394564,0.365860949581839,0.139950027559458,0.15754504030884,-0.432387480784074,-0.423361150049318,-0.529723030741135
"28",26,0.0231034424821586,1.68479990832301,0.00938920982318034,0.00224720973428543,-0.0075426747034683,-0.0309459314425164,-0.021030002368281,-0.00762736087735086,0.173136409630016,1.00539701738143,0.225026363675603,0.244516932321997,0.206225483820498,-0.268521392000061,-0.228226060986046,-0.117005645355684,0.168621713404127,-0.0489218190848308,0.350220943660556,0.57693911077928,0.651543917915172,-0.350312546221927,-0.391544670860002,-0.482557762111008,0.167865607735152,-0.0626718961127354,0.349050768454737,0.545951335686022,0.63600640341371,-0.353235503394126,-0.375696287111607,-0.476566010130568,0.321138237073649,0.249548399721877,0.401501687504874,0.399853563235344,0.465844186254319,-0.378165140169196,-0.416315252556771,-0.477841427176943,0.289313857930709,0.206797295371967,0.385400437961158,0.483990911876346,0.561598307535714,-0.337726553747225,-0.389578139128449,-0.455498382294886,0.283369878622725,0.0255498293645061,0.41028967006505,0.53515801698498,0.600825969470633,-0.409475711762546,-0.452549444091739,-0.54328194779422,0.257875755874513,0.012415530105742,0.361590093360148,0.48198831976247,0.552541293238598,-0.379703950835769,-0.408001326136201,-0.534441475604892,0.332475421819867,0.829832691557285,0.401769315211582,0.412737092513425,0.357283134091044,-0.438973779236639,-0.393534145318925,-0.262414483909173,0.313649051094326,0.673919907240408,0.325642250160633,0.304857129574422,0.260452401259133,-0.390871935785631,-0.358522997402055,-0.214543540438992,0.263299918725748,0.0715648314146716,0.411919938649095,0.490837118292921,0.509282036737436,-0.368071850450376,-0.378730942336858,-0.405494776092308,0.24735770105193,-0.0183316939754528,0.445188427909458,0.582822170913665,0.622252250160663,-0.40433984321929,-0.433230630519282,-0.455311875799756,0.482327692917902,0.292328840213008,0.60332468878149,0.623016950668739,0.643955267995938,-0.497970471936095,-0.490285332743931,-0.455978340490533,0.434064227195242,0.274917224601174,0.594148610158026,0.699842251430351,0.739044348309832,-0.486754771865473,-0.510853810144813,-0.449875816459513,0.342855704030773,0.128813869665487,0.514446026761049,0.533667620375344,0.542770647820806,-0.431559076265625,-0.46588689121748,-0.475708545059551,0.345223169521153,0.151296289561959,0.53028502840417,0.575370014865954,0.606218735093156,-0.438457399023176,-0.485239540904653,-0.493811761409642
"29",27,0.262764175855373,0.77030662229357,0.329987440590184,0.348053533829671,0.244981447102734,-0.325051803870372,-0.258302076820415,-0.0952800485628045,0.174335601441499,0.780553087568287,0.263027090091543,0.313619310861362,0.192515875685792,-0.230425857001592,-0.1861619011574,-0.0607870621857127,0.292015541849015,0.219901525329831,0.245262552327743,0.214895600888546,0.130913668773632,-0.290502538690218,-0.267293287174793,-0.126066655942751,0.282318459928834,0.210308409916978,0.237491676332118,0.220457370895066,0.14057609629553,-0.290579566408189,-0.272133555933408,-0.11325781983349,0.386694945617298,0.109218683132433,0.46397209746531,0.585544422369518,0.417666986078256,-0.378664714527962,-0.376911273793701,0.00935862447169063,0.370062717227654,0.0763173191919539,0.473334184267375,0.575845413745026,0.368528768431089,-0.333586544104398,-0.290330489018694,0.0897946184604283,0.328495882278195,0.219955660839046,0.26268553876785,0.210581301214494,0.146663182203039,-0.295391302293241,-0.256382803572985,-0.119398085859695,0.319335084906064,0.213684397271515,0.254674020996913,0.219645420527835,0.156715096827901,-0.302728653292655,-0.277553177452751,-0.149039454211168,0.161809360129597,0.614882562158525,0.225909282757574,0.234032797220236,0.132175307095543,-0.203927295029047,-0.164414284753257,-0.0566884202243359,0.190301681937243,0.602191746813627,0.216840975510933,0.204712931412097,0.124510274409703,-0.206099063484713,-0.178522240717328,-0.076725673672454,0.357930082391496,0.282858199323505,0.296425813267632,0.216815472113443,0.177752693153192,-0.340567984347592,-0.334145352429251,-0.363326857629377,0.315787681666204,0.233737956499041,0.259198160901545,0.180121470606944,0.131346504154624,-0.29361148641565,-0.282856157902246,-0.309396630379151,0.360978489965971,0.0931963340641449,0.40985488930234,0.430458618836868,0.364740538478317,-0.324495915524719,-0.364433649423399,-0.316729079289448,0.354098955809123,0.0941621916452507,0.413198312947439,0.420221103459026,0.33509800837891,-0.301230787007353,-0.303349576661868,-0.311133188826074,0.39545453381702,0.258939422008508,0.316194450292866,0.198510702694032,0.152400021807619,-0.363525438500307,-0.350499535545122,-0.347010962482864,0.390124569094301,0.24840662876317,0.332156040780612,0.211790534897266,0.166855563831868,-0.353280170356489,-0.337473949617763,-0.348334037184456
"30",28,0.561480736789208,0.145773356354936,0.562365790740405,0.57578183890599,0.597945764926314,-0.552138872666684,-0.514251305799226,-0.455044553600084,0.422224973825534,0.0718412732747324,0.431517969749177,0.476254162155755,0.500804532917934,-0.422733612264333,-0.422874681858564,-0.445072532654918,0.308317785476475,0.0172254838602999,0.168626373854759,0.163740636943722,0.229497225087613,-0.261808678342397,-0.280480470667687,-0.544286560840718,0.298190918974387,0.00695817408768685,0.151274808772448,0.150127080287549,0.206886194346202,-0.249502761513629,-0.257073352522972,-0.464180012339375,0.364163683495165,-0.00317374941098261,0.335381228556758,0.428277168844,0.499862639241734,-0.295158192830131,-0.328338933399979,-0.654355894911617,0.337100953058611,-0.0333595722421112,0.355939390208316,0.481597719543865,0.573871570097425,-0.256099836940296,-0.307179215620661,-0.730146711645516,0.383204518404261,-0.00111721851856625,0.208919951605461,0.196823102937654,0.243798239366845,-0.298029326274231,-0.299000658076757,-0.560798269148024,0.369240460685409,-0.00579962196643127,0.192115855062647,0.191968019080684,0.242839711237202,-0.283234264906229,-0.280697803204863,-0.556835185251742,0.361922710044607,0.130664350737177,0.361006773860009,0.341377719392229,0.382450237356577,-0.360916085854613,-0.357503369428027,-0.36593808489972,0.337600604602642,0.141652723517673,0.313140081802227,0.281993525020351,0.303601083731007,-0.337127674785608,-0.32680261438987,-0.290381132365222,0.413033736236098,0.045021387509607,0.226501686738438,0.136192043767046,0.152421092963984,-0.348206565262768,-0.331928493782945,-0.509802109212077,0.354051055479695,0.0220272626460369,0.192454281303537,0.120191872898742,0.12487205633728,-0.294867266414746,-0.285228808386029,-0.436233252150843,0.32448422480921,-0.0521120714040222,0.272309320820714,0.320760576838691,0.30372500091107,-0.21326643981642,-0.188217130972534,-0.286252722264219,0.301097967435976,-0.059966554318347,0.263612152032225,0.316250142860206,0.308462813086323,-0.206177947390092,-0.180456982854801,-0.267957792450135,0.467474539940318,0.0332237337384772,0.245490948152813,0.176284154607209,0.186432137711678,-0.377292731481145,-0.340017625683566,-0.476965880097779,0.427252082438468,0.0228124241327201,0.234743033067729,0.168681450248956,0.179374780838608,-0.349233044938608,-0.324463734290591,-0.474560071421373
"31",29,-0.0727446449253996,-0.103572506029718,-0.0703962937179714,-0.0709265188994382,-0.0748244716202259,0.0664008012358927,0.0592510012647035,0.0320944116776496,-0.129482518623049,-0.102555588392613,-0.1200351866728,-0.134892817349129,-0.159884876907862,0.129493128423562,0.123115238477743,0.0715122395959547,0.159873939498701,0.612470661071931,0.235242926360398,0.167317738585557,0.134702704962434,-0.102902880110975,-0.097322828466439,-0.0380808491985183,0.216893771377933,0.662505669886887,0.288286221358924,0.205204662935267,0.179395588361754,-0.139911813269629,-0.134664912786755,-0.0806577589081436,0.522212413071632,0.900976743448465,0.537325798835429,0.35244695064219,0.309907267714725,-0.609111296293825,-0.657979966209537,-0.266905577094061,0.452457995490874,0.913333874921431,0.487801571208792,0.261219474249137,0.204682015939739,-0.520002013761425,-0.55101302662481,-0.179473719052176,0.0440730812916414,0.40048005586905,0.153622564925195,0.145981437741244,0.12647070445454,-0.0277452574907141,-0.0361744316188503,0.0307855343761401,0.0616154329042793,0.449282324251789,0.158596054734723,0.141504738327839,0.123186239810539,-0.0409480638443041,-0.0507611768308483,0.0279606279422921,-0.196116971763506,-0.168401155357654,-0.161259853418478,-0.150940395075251,-0.162303399679919,0.178722275854394,0.170363304770452,0.112192286805563,-0.134607609238137,-0.131992640498795,-0.105874132020204,-0.098240918540799,-0.103076911208441,0.11617563050987,0.107711730229402,0.0691482493669714,0.00800593120044593,0.358111626072755,0.121674136400942,0.0957917283882561,0.100281006750498,0.00233553713342577,-0.00939127192288492,-0.0631000237166134,0.0784413931522962,0.420237946556765,0.195027105273407,0.137424354133761,0.144199759537561,-0.0434694556385214,-0.0612136876020896,-0.1494469954876,0.354913684121127,1.01286994152327,0.352012973994212,0.11212048405328,0.167418285052592,-0.486643980951709,-0.531657328655925,-0.563464425990356,0.430886777610484,1.18859979694275,0.415532835768454,0.156093945589697,0.197384620575193,-0.628767677224032,-0.692891492847105,-0.682145894811634,-0.0674914770600994,0.172271819674117,0.0664806773150927,0.0686921994860116,0.0728966035702469,0.0346325182205859,0.0103828038644619,0.00610789948569425,-0.0578750212018351,0.179604877507729,0.063515905297889,0.062457399784974,0.0698358037557777,0.0297964643989182,0.0007531966741016,0.00303361784812356
"32",30,-0.0689260223053426,-0.089667839854751,-0.0651712782683264,-0.066041423678766,-0.0753039281484663,0.0602983727531282,0.0543907785265768,0.0311292028978708,-0.122213397784596,-0.0676956282696916,-0.109575410646173,-0.122577154801754,-0.154869035688884,0.120563259585669,0.114860251536463,0.069210277269969,0.282483850932339,0.777521614654045,0.419802078186956,0.365680517633482,0.307050317823023,-0.226293150498022,-0.227073475571637,-0.144632074092049,0.352498255821741,0.835806995470656,0.490760081891835,0.41762157468944,0.377701291435703,-0.271081647857982,-0.265053441146795,-0.203814754998765,0.82814246824571,1.24301666657448,0.852057815293134,0.668531168340669,0.602023117493423,-0.978431770121089,-1.0879603578428,-0.567157036233973,0.724063532813098,1.22962623331945,0.792096227276004,0.548283275243604,0.435541678502961,-0.838675072911654,-0.935293971417169,-0.489666409522469,0.149929376394108,0.529676115429063,0.305210410419006,0.332749286559213,0.309023838561504,-0.136159220259707,-0.153442677998796,-0.0716227478913666,0.172905712942823,0.587589313184387,0.311924880659712,0.324630017699583,0.301241920692978,-0.153826389877609,-0.170914389152658,-0.093399343414223,-0.187285783376361,-0.151311070950314,-0.150254850336726,-0.138855458440572,-0.164000829110522,0.170436747078841,0.163285346240151,0.111224247486048,-0.12338490503044,-0.103535466230992,-0.0917532091819977,-0.0843224299251927,-0.10516967559805,0.10836996409396,0.100946326316697,0.0676892332180068,0.0939997873615808,0.48734783630082,0.253719241390405,0.246899987126873,0.246364592088795,-0.0907498460609069,-0.109648440313798,-0.168807591629542,0.185370692923686,0.535309529626321,0.371007353861592,0.323835307135565,0.314750342887043,-0.160977401993184,-0.192038244214713,-0.299142892577477,0.657985231377532,1.30380514192099,0.641633205011731,0.321186615023266,0.33328623768891,-0.879780423813123,-0.95052562358541,-0.883137227838544,0.811813565955697,1.43577880614228,0.754897005043523,0.382662966120781,0.380097198640815,-1.09351954000475,-1.23317258927052,-1.20559674216106,0.00682944261273554,0.258506246738011,0.182130378211888,0.210093358124296,0.201859814460127,-0.0514330088662966,-0.0927869389117271,-0.0983686620956776,0.0165317890118392,0.261374767612233,0.18718825886143,0.215807047012523,0.231033662393007,-0.0566267644931789,-0.100925260873767,-0.0882978129344031
"33",31,0.605612679479614,0.337022482180559,0.612029930034316,0.597942312461536,0.424451294582631,-0.519351269554644,-0.376302354096766,-0.167886433866265,0.47546658304113,0.283768009892262,0.472380937049576,0.49628543957471,0.324253815029022,-0.382049618383006,-0.281364650257495,-0.111950762926175,-0.27413523886919,-0.0270260418883255,-0.256176067874711,-0.233500442656528,-0.286007860073152,0.234751863474882,0.238025470021502,0.29941449068311,-0.297235110648517,-0.030021098969378,-0.274004265670028,-0.237533143354262,-0.295232354534175,0.249494488355019,0.245362807342316,0.31156331087426,-0.179986272002213,0.0339299642005373,-0.230134654907881,-0.310154935028483,-0.508007290409401,0.159642802509793,0.204318659413465,0.479230909484209,-0.139304392399991,0.0524169776487361,-0.18353140847601,-0.265580543804709,-0.485371549073065,0.110266504528629,0.152285401788527,0.474202548631595,-0.269204483735861,0.0594767823886966,-0.266757281845408,-0.228640179047276,-0.264690885949269,0.257328390156127,0.254960422317849,0.278733246831997,-0.296338495802327,0.0432410606486256,-0.268996469869788,-0.227466409772367,-0.266387254598144,0.269027336083372,0.254086254339879,0.285785497079095,0.687322181484283,0.493359218265068,0.66647984655506,0.664789602635027,0.435885116076535,-0.624504526439765,-0.485829311186916,-0.209651239480755,0.776795799463772,0.507870596539419,0.800671436154663,0.771375436666483,0.536618708394281,-0.648729165761764,-0.516770638621366,-0.245074682969625,-0.242243219756345,-0.036734534628819,-0.221314358382455,-0.20804484630459,-0.261144800406058,0.22595146923474,0.218527533655728,0.256947333000303,-0.244663211010566,0.0361399917302823,-0.236063701752121,-0.222335294858978,-0.284240249568309,0.224281785949327,0.220579355597374,0.273538498082361,-0.246032275262872,0.00807449660101125,-0.261483480691884,-0.258869467151549,-0.36087813389292,0.211260410853562,0.211028875632257,0.29665875941543,-0.241928597523491,-0.0104250371035617,-0.268866281898516,-0.260097164067434,-0.366568479753226,0.210515544628595,0.219473547584534,0.353955432891791,-0.246350873525515,0.0317872978956696,-0.249852732523776,-0.212138142341073,-0.233908812964352,0.233653740778451,0.221693332099424,0.225966572934291,-0.211599429333869,0.0784646901156723,-0.24768369130236,-0.221005007294715,-0.255995014545413,0.216119520770021,0.210191104037394,0.218433567820527
"34",32,0.0726919404190191,0.142150770756902,0.0653836607469112,0.0567530011114911,0.0666217509829785,-0.0410669692162302,-0.0363834424918815,-0.0480113941046474,0.536985697124425,0.506071715467209,0.586681509970477,0.584692667624449,0.621226601068317,-0.528232880318297,-0.507926717982574,-0.515860109498092,0.415196550028673,0.308114756823078,0.282746250604668,0.140680277011851,0.233543264170316,-0.380865269818529,-0.41525425434573,-0.607303226995236,0.407519954901721,0.282701819549765,0.262346810138264,0.118401663959262,0.205924834174156,-0.365021132185512,-0.385056149395291,-0.561848561431456,0.315031539417952,0.261529172304723,0.250434134884337,0.0377689889868723,0.0961188114714606,-0.238515387406315,-0.263896761861484,-0.425060912090794,0.260775572721787,0.196161823431062,0.212348739506292,0.0122122419549697,0.0667542816600994,-0.173712005042594,-0.203351617827833,-0.339411654083531,0.501362076591572,0.295105997709359,0.341103116942669,0.151275098315696,0.229681378969998,-0.430089103265188,-0.448068223916669,-0.657519502267087,0.478598913963127,0.282550911280306,0.309055777020576,0.13279047571358,0.209023132721255,-0.404210882985221,-0.416583122403316,-0.65438937136467,0.470000794309629,0.406354307269886,0.49334988550714,0.458810200554625,0.521824757488471,-0.457876900175144,-0.454991283786902,-0.476000917812772,0.37773926015279,0.365025989351664,0.364556167849749,0.320288997807225,0.338436549620202,-0.37501356356801,-0.362133849307002,-0.298305944026367,0.550723329483461,0.359161966107811,0.39361987678524,0.204927646272825,0.267789589506296,-0.516106725895581,-0.50911816745232,-0.644248563089673,0.498781375767922,0.277111243791787,0.366862134084631,0.183564349751053,0.221652705578186,-0.472587261544013,-0.475345684742196,-0.590795222984207,0.40827260210904,0.246459326087471,0.287349464883517,0.0580322980090887,0.0361651651638959,-0.273559789720794,-0.250773005930274,-0.261215206821694,0.385999272803364,0.247355243538866,0.292895747527041,0.075802190911708,0.049310487912009,-0.267708991161976,-0.249606283765838,-0.263520327994416,0.592064111587833,0.309626860173185,0.426789303896217,0.174314306233511,0.209544108362044,-0.549059041111234,-0.537401851689348,-0.634069783910723,0.547969224862762,0.271868235138019,0.411909758416966,0.166280733873222,0.206743897236489,-0.512637327974169,-0.516335071931993,-0.622461987630051
"35",33,0.530431571240993,-0.0122793371061709,0.430666893503518,0.374856639149819,0.356767535939443,-0.515056907987919,-0.43273807592365,-0.31196010969985,0.38613746794629,-0.0937369316468808,0.290050612138833,0.241045916942074,0.223234353778509,-0.368818162783394,-0.323430879611348,-0.26775574360625,0.0101155262275154,-0.124439348293895,-0.119387469274534,-0.157167374315694,-0.209516886119945,0.010802036430618,0.0499627854444093,0.150109452474807,-0.0101321491417939,-0.131488218756963,-0.137092244152101,-0.163141238926933,-0.216511652360293,0.0248706412636103,0.058683702527504,0.168274495499508,0.105370278547369,-0.1296807630443,-0.108982919744811,-0.236047098136375,-0.417729359638854,-0.0280835531770926,0.0527527470883923,0.374702681331928,0.0824748060747464,-0.136224161471847,-0.11908683779546,-0.253896864696603,-0.43455862541732,-0.00138684548586674,0.0928901375126725,0.441369390826246,0.116975203659148,-0.138652741681345,-0.108670560489716,-0.151946987120724,-0.193888108476589,-0.0320565443853394,0.0318556504883981,0.145662267577102,0.0989594337253959,-0.139201638533115,-0.114234647897238,-0.148264318802151,-0.185215759503336,-0.0227321175283598,0.0256254500344214,0.103311728570775,0.332888235471961,-0.0323611935160677,0.262773047298553,0.213232068755389,0.213163912724015,-0.3369338596096,-0.301861933674804,-0.24671184001902,0.345648748919246,-0.00807876709623849,0.270073041430368,0.211209677952125,0.220877613540599,-0.341057031267407,-0.31108187780321,-0.236470092812481,0.0632858306116823,-0.123296653414006,-0.0730187159468251,-0.129289947153941,-0.15176052739347,-0.0284379881701267,-0.00272291901362862,0.0301812827253667,0.0141739819412258,-0.135436286592818,-0.10696355946198,-0.153157442994647,-0.188751493196406,0.0150392533372824,0.0441555774509479,0.0827115124943407,0.00562904191832342,-0.184999035766692,-0.193889967612667,-0.238326652600921,-0.302124295332192,0.0636225575641437,0.102651814098012,0.208986112025977,0.00848110421791297,-0.197122769334979,-0.191159770157173,-0.23220251448139,-0.296736870625096,0.0574758303289309,0.104056489258767,0.189562954809555,0.132422098368238,-0.119176541015657,-0.0873565302895148,-0.141322418096999,-0.156361309542937,-0.0564119922271504,-0.0150003107122544,-0.00329222999109166,0.135859753456186,-0.125224072583274,-0.0915857936095305,-0.152670916251777,-0.174624179828492,-0.0576447456193884,-0.0141132822663426,0.00784213405651037
"36",34,0.900629065588821,0.0390328923195751,0.811112384575666,0.739505813325345,0.669396694875802,-0.903969480909441,-0.771733365093847,-0.619882867736366,0.680054716852737,-0.045537669886481,0.605242348316974,0.566005917094648,0.50924836918422,-0.6754403535578,-0.594989013747662,-0.532988514642824,-0.00198168033924026,-0.0263542820991184,-0.114833283615201,-0.154378818121077,-0.214307747054523,-0.0107575972923394,0.027185446722527,0.177386509749673,-0.0225631141745039,-0.0379457078955936,-0.132530875749049,-0.160251417833758,-0.221314089946214,0.00337937364557492,0.0390935083911926,0.191842636060391,0.237774564675845,-0.00729615291570759,0.015612376011105,-0.133677827270255,-0.337711383916569,-0.190011656327618,-0.103748273175168,0.291222416303126,0.235382085168473,-0.0104925811214198,0.0212053961334922,-0.139347981214023,-0.35823058808763,-0.179497870699534,-0.079716942876019,0.347689880192371,0.107275567763241,-0.0200008926743932,-0.0919797253799826,-0.143783018408983,-0.188549534806728,-0.0751982191814261,-0.0207044256082985,0.118881511637935,0.0896117360931814,-0.0230117639189507,-0.0983314558727175,-0.142030504274082,-0.186780190067403,-0.0634461910805072,-0.0178618001671836,0.11063716414981,0.637512109407072,0.0255332574420626,0.572573562948035,0.513085861140633,0.47867453796429,-0.654705713061027,-0.589935732745048,-0.507353420480211,0.700612307199757,0.0561336860545377,0.620618889067778,0.539690602803208,0.525645496382134,-0.703929753494114,-0.644810968458932,-0.529608038882029,0.0624910306282423,-0.0123171108960721,-0.0629969231502021,-0.123197555655795,-0.161894365716062,-0.0606450992784279,-0.0337211247907858,0.0541042642306652,0.0332046966465039,-0.0191230992999563,-0.0854305265394538,-0.140558210606641,-0.186188269369775,-0.0380330933067698,-0.00770191731070784,0.0934066719446276,0.12421024741276,-0.058860786642447,-0.0803657522352019,-0.171155931779625,-0.259362731686335,-0.0885853077385702,-0.0402876365574954,0.123126461622786,0.104032793502055,-0.0722240896513384,-0.0918347144597414,-0.168633751184428,-0.258460880952888,-0.0737403007212058,-0.0223190346427055,0.129391151506511,0.151537767931445,0.00508332203460919,-0.0530755006309683,-0.128866591499648,-0.149187424431998,-0.126352977951643,-0.0893332409135201,-0.0127705429896909,0.158522595973622,-0.00227536031944791,-0.0540469634129561,-0.136472279846968,-0.167098980623843,-0.132585194966009,-0.0947278637514666,-0.0126632027940095
"37",35,0.6757884903784,-0.00531917874909027,0.54141743200246,0.474321386204245,0.456257661075064,-0.652438735457398,-0.554715230688691,-0.420422301052897,0.494747994549534,-0.087581110278843,0.375152292996299,0.322541804898526,0.31627139221376,-0.468694502737411,-0.411953582954081,-0.357913017869608,-0.0645330216657897,-0.106177749662768,-0.162811923796167,-0.183263077103802,-0.236905886237087,0.0640850123557859,0.0990959051071019,0.2168037230262,-0.0847347279266996,-0.114258499241146,-0.180081697794578,-0.188993771822105,-0.244169928231169,0.0778812203396706,0.109555206398875,0.230756441098988,0.130377830929997,-0.101162725656609,-0.0917705148056678,-0.231264947707467,-0.413229536477166,-0.0588494138875923,0.0246346593386106,0.367542022185232,0.124200747621994,-0.101445948037807,-0.0908582108886168,-0.239399492219973,-0.432235851901517,-0.0489895495443603,0.045778640489232,0.418211165251664,0.0268466483582269,-0.115875497356147,-0.15417845323097,-0.177402608733655,-0.216559713953557,0.0276473027029813,0.0783884568719178,0.182870498779129,0.0111887293587508,-0.117327652072071,-0.156279786775991,-0.174624163275283,-0.212938679710998,0.0371921736658909,0.0779483042365492,0.167451429641169,0.43775321958907,-0.022884547738391,0.340440627824839,0.287265073619716,0.286372515305417,-0.435250094864408,-0.387458531657159,-0.316361256260694,0.484536061989605,0.00201563311997889,0.375294936087527,0.308414332340245,0.322394678505146,-0.472348939839429,-0.433820080297663,-0.33866130887266,-0.00851301329157293,-0.103952142558934,-0.117955563132145,-0.154598723558674,-0.190572317854783,0.0268393551537701,0.050839265412771,0.113011470801131,-0.0457053970690066,-0.113177265386146,-0.145425925853472,-0.174535742271002,-0.217920481640374,0.057167670105313,0.0842053261091124,0.155238346547419,0.0166018433984419,-0.153965559285965,-0.182861644858485,-0.24175120658735,-0.311268284586107,0.0416879237584804,0.0844598200029758,0.206696402006793,0.00163771613431428,-0.166823729172521,-0.190262482010846,-0.236725972401751,-0.306850663399418,0.0476065369676408,0.0939277016028078,0.206949178066966,0.0621199834104225,-0.0961666860140072,-0.126166151209201,-0.162270697814582,-0.178485336374692,-0.0100858881834209,0.0258336377672621,0.0634369561664989,0.0681165471272477,-0.102036336945955,-0.130804529136698,-0.173034719073883,-0.19765431667218,-0.0142824298439949,0.022775683545093,0.0676691340641842
"38",36,0.784655628010704,0.0234889865139297,0.70048241116855,0.622656690118257,0.577286556583805,-0.77903016635718,-0.669267446213435,-0.538763003084163,0.601211407398962,-0.0541430355671152,0.523868889982849,0.470200756141832,0.425582179334612,-0.592594865858386,-0.530392495242782,-0.463690444830901,0.047486121353518,-0.0319042554748712,-0.0916475159777266,-0.146684078977053,-0.203985671795217,-0.0467004986417594,-0.00475957563694073,0.145705534788617,0.02646427872248,-0.0434776960436617,-0.1101003261033,-0.153055454535166,-0.212648554206954,-0.0305810981228113,0.00965459272585676,0.16123897829651,0.219966319498927,-0.0243780182090201,-0.0163251968870563,-0.1632268915614,-0.363113079033221,-0.159306747789542,-0.0706837181308405,0.314911388468041,0.187172556909828,-0.041202436750395,-0.0299741105138079,-0.182872734519894,-0.3951885468155,-0.121138463160058,-0.0186853955175346,0.3737514820413,0.193964753714682,-0.024506265730373,-0.0550697135242815,-0.134106568772202,-0.180636282236514,-0.140217056722344,-0.0715029230930084,0.0968263085788952,0.176134293826157,-0.028111907943958,-0.0635242963037562,-0.131746795533144,-0.176659082972458,-0.127653214076438,-0.073025075693728,0.0528074007104077,0.551235187331809,0.0137399285968696,0.489980113534588,0.426676730738224,0.413164409757482,-0.558737355480277,-0.501173831398267,-0.438730678018597,0.56473088753887,0.0436199661143642,0.482882919694356,0.403849653067256,0.414379752274329,-0.554672796265742,-0.506977745471724,-0.413209617010897,0.112404431931692,-0.0104775100085378,-0.0386509427508763,-0.112216288086281,-0.139345163132932,-0.101156508008913,-0.0736889217079052,0.00206186095884243,0.0843614311975628,-0.0172876006396222,-0.0606373546672721,-0.130137931200381,-0.163629764185217,-0.0782280897126217,-0.0462041529304282,0.0447729881915419,0.116834993331729,-0.0736363049072135,-0.10951239975386,-0.192925025818226,-0.272478458274005,-0.0660451130290095,-0.0192951259805821,0.128793246221513,0.109687183062247,-0.0872365213073984,-0.111539157118588,-0.188827752128527,-0.273427423322432,-0.0622620618663222,-0.00820087135622889,0.139931171234872,0.236933602497458,0.00832959947225821,-0.0136160301875136,-0.117365374373324,-0.123059883202086,-0.194534793480593,-0.150795107942438,-0.0823058686602578,0.239497612876989,0.00227232950359492,-0.0143203894445608,-0.126079548737508,-0.142593128893762,-0.198375383553775,-0.155172250903152,-0.0900835629704543
"39",37,0.152708760731737,0.62620385958788,0.166646326569361,0.17358750188402,0.158467351417506,-0.14961237338138,-0.123621665583841,-0.0752136492591386,0.206473083190458,0.839954921549922,0.280454808541298,0.324989569945675,0.287242545739072,-0.291617781681369,-0.247173323568064,-0.148867897768098,0.386883421229744,0.176194020910176,0.394304693999305,0.568879283519984,0.626388762521337,-0.506738202444301,-0.566874547903893,-0.69037975054242,0.392799682470572,0.161237761219223,0.39590847255781,0.554076788996036,0.639041507434163,-0.511141400722959,-0.537874335920168,-0.746445264851635,0.345562482487263,0.336745524292082,0.454900974283211,0.420084381549045,0.477444498874712,-0.38724780943143,-0.434163618200579,-0.509788916518399,0.30248868028572,0.263284972229317,0.390364985007358,0.437584879553358,0.518794070152218,-0.322337678052909,-0.362593981960821,-0.53932557853046,0.502837465400643,0.246603973549903,0.51261732792486,0.569364111512981,0.611984171554232,-0.577657089283843,-0.621584992082103,-0.75866219107072,0.479751680887456,0.227267330886005,0.474079217825341,0.544898171014923,0.594531615354953,-0.565682931559103,-0.612453776671096,-0.760711224717252,0.385279812019067,0.872625653109836,0.480864454298899,0.509119624058624,0.447971298371446,-0.470764505565851,-0.419105352983557,-0.33203229763836,0.367368336288168,0.866380465225674,0.394107251423294,0.37818960134459,0.323808895427084,-0.428457284980264,-0.383135865957807,-0.259545765465108,0.442513854106644,0.187898839864889,0.450986972560811,0.532866071200945,0.549554318426678,-0.544765280220867,-0.56412667325503,-0.660598293093222,0.423801288736091,0.173063369632067,0.463671777985719,0.551233522921195,0.563314754629589,-0.542729071214,-0.575916324853592,-0.633956848879021,0.544191688948523,0.391836953776049,0.690341205994639,0.758203695132241,0.774338870885168,-0.544368290561467,-0.558138516858572,-0.553907143481949,0.500634244784261,0.37054429118652,0.63978194555894,0.744300650997265,0.761103569654404,-0.514400604861771,-0.505458125813238,-0.456021530338078,0.527592727300778,0.24912854839836,0.58453323196573,0.562511343277998,0.573510734909286,-0.592419539713419,-0.637496091373544,-0.735413823330203,0.521390648581915,0.254309458540287,0.600747946906254,0.587020697500665,0.611107264296062,-0.585294109173042,-0.621972860397117,-0.692044689869452
"40",38,-0.0784867885474676,-0.116338440800127,-0.0803773404036529,-0.0798315029567049,-0.0750836886251283,0.0747770695214579,0.0654673237311884,0.0338672600902533,-0.139316211454687,-0.132468718966894,-0.143219974349218,-0.160782102735957,-0.178004888010645,0.144481614872649,0.136237071987699,0.0762432323874575,0.0107782930815492,0.311427781444167,0.0155068700482628,-0.034815358154008,-0.0434650649717027,0.0461841486875418,0.0565368775344191,0.0953509324714142,0.051731796635775,0.349040698702123,0.0454217934518887,-0.0147466905799113,-0.0191873714583866,0.0212662928932209,0.0295962556172713,0.0691640863048717,0.225353428696714,0.449640595674058,0.193384424873345,0.0334191814056369,0.0390962107676925,-0.245675136631182,-0.249009844160776,0.00262269008175884,0.178920278073464,0.466616751604924,0.152562718796754,-0.0208928018780687,-0.0180925387942442,-0.194244622513608,-0.188084523143579,0.0668209802317603,-0.0780630872910374,0.168245663685797,-0.0393599343075684,-0.0522169761519353,-0.0568431317570221,0.109214982445672,0.110764249990761,0.151715535026479,-0.0673015552670641,0.203744458035143,-0.0349736692437726,-0.0533086828973922,-0.0573839132562708,0.100587141874707,0.0986934158074834,0.150114597800166,-0.20042321294746,-0.177058752906894,-0.171868463801259,-0.162714063154932,-0.156318087315924,0.188171579441436,0.17931485913764,0.11400259675276,-0.140280896430802,-0.146376312102416,-0.118919884305418,-0.111579163998725,-0.0992792614835014,0.1246407278121,0.116127020818116,0.071431353836843,-0.0942824781383703,0.130808955916649,-0.0421443051110159,-0.0651597275105026,-0.0418490897668497,0.112924485738643,0.105766395913438,0.0766531983252308,-0.0490654165108116,0.17893213748595,-0.0132579427867962,-0.0550038263846456,-0.0246335296473384,0.0943671582747205,0.0857726009150126,0.0257010282555208,0.0648351142999291,0.470951079690704,0.036853980534674,-0.0916714886431053,0.00571127274430312,-0.116645160075416,-0.140613878409312,-0.250977539012123,0.093379634066527,0.56025460471837,0.0647558699821663,-0.0650539612798817,0.0203646064371248,-0.171438332919548,-0.202551606113799,-0.272835209572632,-0.15463340063166,0.0141695756988033,-0.0915044588842975,-0.0900002391539421,-0.0677826178927504,0.141648896448846,0.127785112594644,0.122471561072987,-0.1434639885957,0.0213395777202737,-0.100287622735191,-0.101881056119837,-0.0800884198197149,0.137378782700011,0.123114527162504,0.117852429976143
"41",39,0.453648937736547,1.07023816801712,0.577046468521112,0.644432214616376,0.581124903343689,-0.581833139189729,-0.495779248630664,-0.294077300044281,0.208285880869706,0.891396022726011,0.281958168525408,0.327901210427862,0.286223333630248,-0.292259971770306,-0.250786351536267,-0.156699898686329,0.43488646329377,0.195580728183413,0.442605184637955,0.610518826270148,0.67786732255475,-0.560216074650172,-0.620408714168957,-0.749917612872863,0.442067112514887,0.179636277977282,0.439841341076854,0.594355408401769,0.669449385174371,-0.561743201796028,-0.602212339933509,-0.772725640513989,0.376794526773638,0.350925925763409,0.495794628895507,0.447639507272434,0.455680003801871,-0.413758262233436,-0.465027951580928,-0.507181727769976,0.330429635645219,0.277919460919341,0.430107271457078,0.476464381343985,0.500499135887378,-0.351169285241913,-0.400066339041247,-0.500261858732031,0.550436511106258,0.267814837058779,0.565289929848525,0.61501956387869,0.668538652797946,-0.627049310202977,-0.686521239851037,-0.872815687032398,0.529590757308881,0.246933928642288,0.524478562767992,0.580421951971615,0.619885954324246,-0.614415810020287,-0.65017714610165,-0.873143312536381,0.406535834503594,0.936262469884676,0.508515307966431,0.539984966453338,0.485919965985371,-0.49526925443812,-0.448444244748627,-0.331079044792503,0.387715907442653,0.937395853688577,0.417120724750936,0.40045468087557,0.35799581149125,-0.450933620687961,-0.412830072071581,-0.280374726240108,0.487837741521417,0.207154519465491,0.495820870433076,0.571813466724981,0.603253828446032,-0.594475914471917,-0.609721482521664,-0.726712952794697,0.46793990687417,0.195062464668556,0.509891740125247,0.591969651883466,0.614886471754646,-0.59286131590574,-0.627667973468162,-0.696273920159234,0.591866495685072,0.412773329360647,0.74035689569501,0.792236859001239,0.790981887935928,-0.586635189665589,-0.595669774858216,-0.575281918829014,0.543135802460049,0.39010816033205,0.691427308971936,0.795832503435359,0.798078748527329,-0.557085111049292,-0.562526821391775,-0.539853708338966,0.57642117442561,0.27023603734746,0.640405446419799,0.603841061727769,0.609195139368245,-0.642520908321123,-0.705588879745385,-0.800546733279146,0.566032889205236,0.277261860995344,0.655893318609492,0.638592652121537,0.666498470936711,-0.635872476538774,-0.687381030825298,-0.760337762383608
"42",40,0.604269997118549,0.14096064868268,0.656933272047201,0.689356370900115,0.718276822551138,-0.632936265747088,-0.589295110889858,-0.555424653407598,0.354531360994377,0.0641646518831212,0.390049644237094,0.436344968308589,0.458123748842349,-0.380033273283782,-0.374819340654215,-0.379121879392006,0.284621841286275,0.0282579220955793,0.194728940116397,0.143043585717724,0.18635523042485,-0.289274844226134,-0.306847206797475,-0.539917260526899,0.275439202784027,0.0175188791443653,0.178589751819407,0.134351621616378,0.18374031164047,-0.278884090975922,-0.291674686039648,-0.474970708003479,0.133911738112891,0.0122232896381566,0.12809751337109,0.125913293276998,0.174381986698687,-0.13505680628022,-0.148681655939121,-0.283861883084446,0.0974978705540222,-0.0217398864315438,0.0963196699506427,0.101866447461615,0.161607622270865,-0.0849501523857038,-0.108497950195445,-0.326086995981983,0.344165891743221,0.0077113129296554,0.234897014712984,0.171492850853992,0.221504478421923,-0.312831680592512,-0.310614624105948,-0.542629692540489,0.321738487173759,0.00425020313295788,0.212810332453452,0.173356372182845,0.23584429800263,-0.298339545542127,-0.301439628712387,-0.580396018455679,0.36927779032547,0.117070042420563,0.386505689607304,0.37004015816946,0.393272671704613,-0.404510653617032,-0.398783383950649,-0.374729564872841,0.296468564745751,0.118461553988552,0.282042608983951,0.256726622953658,0.299101741385005,-0.329481315363698,-0.309539559013372,-0.263818943777741,0.371681328118728,0.0429611052220798,0.259852684561647,0.14752483764431,0.16531314168508,-0.366738519000571,-0.362321705223253,-0.478779628549761,0.319504603181119,0.0271272824517011,0.22921904630478,0.125672869011019,0.13905552331751,-0.315067142141447,-0.309349770587365,-0.413876598468388,0.224994916785065,-0.0283372777668888,0.208359363092722,0.229702863092022,0.221248124319562,-0.191444848656884,-0.160653849672492,-0.20343138989455,0.215100050249385,-0.0363087461025872,0.199900425860593,0.205575709292551,0.177710998784606,-0.188160006807475,-0.153914871874011,-0.196497404057727,0.386216762786894,0.0285210138791258,0.26438994151565,0.162774482322083,0.16368548044719,-0.364107477377185,-0.341482684401259,-0.435150159752408,0.361347685487687,0.0141107010412713,0.256830498703827,0.152136737826213,0.156726442696094,-0.33750607804785,-0.316506395944057,-0.435410178751881
"43",41,0.0918147580321704,0.366958932360939,0.116827433782725,0.131028435228904,0.0614321549987609,-0.106635913049034,-0.0720191405925961,0.00375656765113154,-0.0127976929294423,0.317728100667708,0.0164595328350253,0.0286000431892586,-0.0502708547215017,0.0190942566859588,0.0393640483228393,0.0570527258363814,-0.170794522367181,-0.0760326546404884,-0.067236090939556,0.0335739635066421,-0.0411188045684266,0.141098697119727,0.170829122558864,0.293443483245729,-0.181580110205655,-0.0812144620861738,-0.07015462682205,0.0500571745504428,-0.0160262657635198,0.14429171366722,0.169380623453952,0.303026906895501,0.0231024868459034,-0.03924014759826,0.237608837534337,0.526073826383068,0.376811454677833,-0.00811380542136306,0.0652497579260874,0.446670086494873,0.02405125180944,-0.0478535923138903,0.229010021582283,0.476054165998708,0.273530882285245,3.02767336588553e-06,0.0945915419010363,0.501320647339175,-0.120294077090627,-0.0649259084596634,-0.0152581984552719,0.107687654198798,0.070677886470811,0.131027110827007,0.169209609570988,0.272592642617989,-0.134131001246444,-0.0685869464125713,-0.01070533167841,0.130995101243486,0.0959210067828935,0.134322522944535,0.158466421124871,0.265208794093244,0.00948832920187733,0.3204633166518,0.0531643211644474,0.0635860442510422,-0.0305475777608693,-0.0297473504607071,-0.00150519232193436,0.0676963938799516,0.0969812161974611,0.371413726571499,0.121437994175348,0.120058109280323,0.0302745663712076,-0.114776317438519,-0.0833247193391277,0.0196166875520259,-0.141418583955864,-0.0815219272713982,-0.0462546098481413,0.0226812683452301,-0.0338729441900996,0.133645678120341,0.151017253732666,0.234542616235195,-0.170169451120044,-0.0771080834170465,-0.0576924084943547,0.0246536590476578,-0.0379015541105831,0.152114271380607,0.174755888374602,0.267940464275046,-0.047449895233442,-0.0708874224797948,0.173373394126585,0.366632426458311,0.304249801902133,0.0669148954306898,0.100706890629158,0.272285902849544,-0.0456198499096501,-0.0751816409415213,0.141293172802395,0.298781752205966,0.21763571849625,0.0658326263026646,0.118314533575346,0.281093299413725,-0.109508108432359,-0.0549373286778124,-0.0012953781634939,0.122834565329166,0.106858839063291,0.114413715793132,0.132726886401269,0.195937449448786,-0.0896629874494564,-0.0520389538946231,0.00302629444951794,0.117471781587268,0.100182274078861,0.104571922155976,0.130843318079974,0.199122270821751
"44",42,0.252902471829151,-0.0295016434444926,0.275774224436866,0.297351944819322,0.465777177237806,-0.0065006812366763,0.00543114013521732,0.0112028035604814,0.058741003619819,-0.158660786814848,0.0768024084572859,0.0980554414225699,0.27411547242227,0.0496221031473205,0.0620740955001751,0.0453968130393637,-0.0741388474855314,-0.0479192602314017,-0.105504918628619,-0.0513633409573812,-0.0320446135905289,0.233780401487242,0.24260822371648,0.271700647004483,-0.0840757602587587,-0.0480910500481348,-0.10495556045498,-0.033374421011935,-0.00986846611173822,0.243110380225074,0.248257115989949,0.293641996736469,0.0822850548571637,0.0191601257743077,0.0999706414321921,0.163361900121087,0.210406147904026,0.0328989504212396,0.0712740242576173,0.228318892977891,0.020071186586745,0.0180054178400818,0.0312788884402089,0.0710130745680412,0.113916129911647,0.0631772746332113,0.109894331875469,0.255953737238973,-0.028438234509469,-0.0538791031537967,-0.0241654843181664,0.00839167023553765,0.0194777470847222,0.246019223177543,0.256718091207958,0.270765073558391,-0.0465905502995444,-0.0545803739062652,-0.0317753852493557,0.00765278699483573,0.00915129372542685,0.250111299365802,0.249343569714271,0.279935015584028,0.214405769674151,-0.0559778040884578,0.272385791178679,0.32679764003154,0.624189288855246,0.0615387983235424,0.0688887643825987,0.048273294249134,0.263910633067809,-0.0209538679063821,0.316146376897981,0.351445759116956,0.640555825131602,0.0559617987483937,0.058676834600757,0.0418015720596811,-0.0493647198950461,-0.0631241125704693,-0.075671035912889,-0.0437154142119807,0.0139772084837923,0.228172624187413,0.225809427525526,0.222546921743501,-0.0490687615118486,-0.0639627822262161,-0.0587706420673599,-0.0128509108412239,0.0509295653688395,0.233914046426411,0.23592104934005,0.219654707555118,-0.0466356127311041,-0.0156649400741596,-0.00666227804768424,0.0481019775668828,0.165087571160772,0.159963960872195,0.155664248682151,0.0500102434694998,-0.111820444540423,-0.0402306097687328,-0.113922470797778,-0.0451709229294367,0.0689589451979317,0.187104069430361,0.18939884591568,0.0780603393040769,-0.00211767047454253,-0.0473402956776449,0.005912483797862,0.0538878429485377,0.0936440990698059,0.222758418400618,0.219907076657201,0.21087166191689,-0.00248002805786094,-0.0470133173325007,0.0163640448591402,0.0737836755942653,0.116452365164465,0.21140468158623,0.213238017375066,0.206812459440489
"45",43,-0.0808974452351349,-0.0875893948825086,-0.0878593035870059,-0.0908796203104637,-0.106507801844482,0.0818326046424247,0.0731119300559161,0.0403350677050843,-0.161687653515884,-0.140256985841626,-0.173277631488268,-0.193515526737895,-0.224414297509254,0.176479936407356,0.162053761401149,0.090139830055802,0.115603321529517,0.188173544456782,0.288114114623336,0.4307280697446,0.333199120693284,-0.143531205939874,-0.109722602894923,0.100453265577024,0.119119050320205,0.183828500803671,0.293657172187036,0.442581230642965,0.363333312116065,-0.152333225085702,-0.118861405149014,0.0917110973726592,-0.057056887248724,-0.0862919606888676,0.0784632235646493,0.346124606165246,0.275235178673334,0.0541831074163018,0.107561078340049,0.437425640451827,-0.00959051658256966,-0.0655609049235115,0.140046238584603,0.426718477858521,0.308700454149415,0.00717530592109385,0.0804703101337444,0.443469695184557,0.0639367297239018,0.15851982597183,0.246032981280759,0.464753521556124,0.439225398473557,-0.0628788518471021,-0.0299676200809006,0.131991020986997,0.0635605266285907,0.162942511270902,0.256987555831574,0.499970189405371,0.487267275382412,-0.0713321601859583,-0.050317479513853,0.113216290769765,-0.200596185754707,-0.141050626710833,-0.17852800574593,-0.173704672947983,-0.211658510267346,0.196603289678136,0.190417590935433,0.129937868888896,-0.147298289745695,-0.131047181088996,-0.131864600367618,-0.127738447400117,-0.157502119640734,0.133965817978676,0.128567404167099,0.0886021032791766,0.139245399091462,0.18315775324415,0.313203912128534,0.407347765935639,0.351649968969027,-0.144810493284631,-0.126128787436184,-0.0392021447989723,0.0973536676890021,0.164228831026069,0.271522711177718,0.396839650688097,0.33646849483729,-0.114778058544274,-0.0927098804067526,0.0132140744016451,0.00275656806792059,-0.0343445452740142,0.169259575733568,0.412757541684826,0.413311260250114,-0.000439308160099215,0.00104558943530798,0.101848619399015,0.0305193152179097,-0.00890769632332766,0.179610155157113,0.399742799872936,0.378471380969287,-0.0302997179579973,-0.0105008806632106,0.0855697222048366,0.0806066692611277,0.143998712589342,0.293774467474509,0.533252752761868,0.530380149237229,-0.0719945664938486,-0.075514528877267,0.0162795572237284,0.0847650101112882,0.139954524569783,0.259477302281401,0.470828840898209,0.471834395356596,-0.0688436376536131,-0.0519570412691063,0.0223000594227279
"46",44,-0.0789998535089333,-0.100061415679009,-0.0864016754776483,-0.0903189032391625,-0.107824916225207,0.0803728405248925,0.0725750539844089,0.0409364566729487,-0.159153987351825,-0.166132597658223,-0.170965082954417,-0.192191046314871,-0.225450404361825,0.17422810126549,0.160601023206392,0.0909244327077219,0.10590155254691,0.125880926822182,0.226495745447931,0.259151647349584,0.150867018810256,-0.14042915951392,-0.102532141018807,0.136577127460382,0.0980802430433072,0.117070573661136,0.221963839849062,0.264717278441182,0.165754113081314,-0.141492963765828,-0.107965574062508,0.136016200894618,-0.101860712107391,-0.0948260337496945,-0.0237014870375343,0.134608720634619,-0.0210180805758017,0.086576752980757,0.14891639887566,0.523152939934659,-0.0621189642773108,-0.0760897917500833,0.0106653428613717,0.149994902482983,-0.0429222422190976,0.049117069217861,0.137098678404045,0.553356375811862,0.104723167311902,0.124379383949143,0.232092464754755,0.332720980617112,0.271099966386002,-0.10697231723949,-0.0628939960089382,0.131597594241583,0.0983607347645793,0.12750683707645,0.237293779311524,0.37409117979748,0.316573331965872,-0.11404861713108,-0.0911753599445377,0.110949465240319,-0.200232217657199,-0.15397116997163,-0.178047105664008,-0.174007844989544,-0.21660159720502,0.195897618309467,0.19122777323983,0.132230774045245,-0.147405483620703,-0.140437332996564,-0.131991304848336,-0.128469426266237,-0.164357366666585,0.134572290950549,0.129262724292505,0.0921799747647539,0.117179311649328,0.131783411580045,0.248209762734054,0.266791235807951,0.195448458135609,-0.138823262540354,-0.118126747842559,0.0413147017252433,0.0817324992035141,0.12784475471719,0.216669566214861,0.273176510351332,0.191767540906529,-0.112966777834127,-0.086275325244303,0.0890076868391916,-0.0779007355028391,-0.0586981443960437,0.00478955812955008,0.16422171959945,0.0982940360637489,0.0529231075150296,0.0625905507014403,0.270388416917751,-0.0399232848396263,-0.0363855311055998,0.0217958026192782,0.129139698178224,0.0373785222405667,0.0189553915597849,0.0620268027379115,0.267537529804859,0.0616916922875565,0.113086781290285,0.207543921834345,0.334826626673514,0.294848557254287,-0.0715132018803739,-0.072175689030053,0.0552254418088773,0.085701883342619,0.112636931787084,0.201316431757828,0.292454619529307,0.251815563848649,-0.0813216348844886,-0.0569410317037161,0.0715668306780813
"47",45,-0.0857420752261537,-0.120763830586762,-0.0917441515962056,-0.0946119638783832,-0.108648197048805,0.0865131251704132,0.0770843814102834,0.0409803920003303,-0.167200143815155,-0.193336429516947,-0.17763842826145,-0.197721948412371,-0.227514197361124,0.181917052692789,0.16584831968242,0.0911370212483335,-0.0581271954452549,0.00668941045404317,0.0717268120758516,0.117837996114232,0.0226637956513476,0.0352602901714649,0.0695888174892302,0.244696422911495,-0.0684283996149866,5.90674248207907e-05,0.0668993665487516,0.127270903992253,0.040160014577285,0.0378993669804559,0.0677605540630467,0.253073534605843,-0.177858403588772,-0.156328779420358,-0.0719453101498734,0.091624017386125,-0.0597004700624217,0.161876284247774,0.220987765449521,0.569807196462994,-0.149895872821081,-0.139871356160713,-0.0505811975366022,0.0983860434281569,-0.083971087175483,0.137972114002024,0.219855973547375,0.609900228013091,-0.052138617274371,-0.00108711556645401,0.105071134445781,0.218786533419903,0.162865344381831,0.0579567066129802,0.0947951065861529,0.228590995514992,-0.0609831084550951,0.000990251894391053,0.116853943661421,0.266721417860074,0.214912459051,0.0554106717096551,0.0761186708674439,0.225287956703827,-0.204979678407411,-0.169416920046357,-0.181378546873461,-0.174443670026526,-0.217515517305947,0.199481259645617,0.191329581574393,0.132367646684055,-0.151785533532787,-0.156202707046073,-0.134125565840238,-0.128550955493841,-0.164650023628635,0.136743651714951,0.129287763531971,0.092229775034046,-0.036160767149738,0.00744118717367935,0.093430556140893,0.120962547940547,0.056508962394532,0.030026418952999,0.0499217678751376,0.174006275695396,-0.0744821467125745,0.00195922987560855,0.0715489602821472,0.140368152045363,0.0660238725761766,0.0563395485527506,0.081233506937099,0.215288945000027,-0.196433341373773,-0.151014830426564,-0.0625933923180748,0.119673614388248,0.0651599898728894,0.176969870111734,0.188813642990616,0.362346492562182,-0.167508307106387,-0.137534840698384,-0.0642254068496546,0.0730591259838639,-0.00867628025525703,0.152459788738703,0.187182254637883,0.367468074286288,-0.0720090431349816,-0.00287567583080577,0.096687289603713,0.238269621698443,0.205793539395795,0.0698747946543697,0.077771204219661,0.16827567982288,-0.0503420001346758,-0.0042984090975015,0.0827237428135941,0.188785707751547,0.151980475940524,0.0626205947747139,0.086447118243522,0.183242602474626
"48",46,-0.0434111600310633,0.0713817708236613,-0.0561182022607476,-0.0631898285835137,-0.0872138444327431,0.0434793450336069,0.0458365833329327,0.0345323120896759,-0.119217573358831,0.0686659161309569,-0.134643682157948,-0.157947843863862,-0.19782658266203,0.131452521822836,0.128494680844021,0.0825137704285767,0.82900748636713,0.619199923931646,0.968338209459431,1.06653494495924,0.901209064902002,-0.941692131774039,-0.908179644732197,-0.435329188101829,0.836796512186955,0.607358967260456,0.985347831999649,1.0764961462064,0.945401482130131,-0.969832289101362,-0.942023847735285,-0.45621876816449,0.187457857462127,0.125767036141105,0.258934999205245,0.447982078797645,0.296217748711803,-0.198906495373975,-0.141173347495137,0.330699645012811,0.282041226158401,0.158026497706956,0.351029408320612,0.509845672553323,0.310365235801332,-0.291087694752044,-0.200114807858492,0.322886482364738,0.744003687474574,0.598811066242138,0.847658354306527,0.997631779220647,0.923543341044538,-0.789223127722125,-0.738947965663409,-0.304333473654171,0.753641270289547,0.613124363748955,0.858612279073331,1.04418374058249,0.985912433615519,-0.829116546653704,-0.824191805136584,-0.432962996207135,-0.172298090975728,-0.048374599384183,-0.157272197288142,-0.156548628882488,-0.202482891375918,0.16884750712574,0.169594766254418,0.125933464177707,-0.122725475013358,-0.0378318061155221,-0.114127083203101,-0.114234115180292,-0.152718959521369,0.113663049447202,0.113412952746669,0.0869488411598665,0.754520152455374,0.601279917566744,0.929192826640324,1.06387886478139,0.989416125406479,-0.855728882295196,-0.840672599344221,-0.595147159105551,0.771651721002279,0.615640391055084,0.917379590704028,1.0073543598602,0.907564549079468,-0.872649440149113,-0.854130683041493,-0.579146059075315,0.407723810678033,0.304007170525183,0.434540386753109,0.490115987137507,0.414940793673665,-0.47646547772669,-0.497805665748514,-0.182362154140237,0.480869757008975,0.357553610169517,0.493331354721723,0.495593702353278,0.382472414786695,-0.544718755941833,-0.507742919978069,-0.178378701079055,0.60538430968457,0.535978427985045,0.782693124275403,0.965439747829321,0.925371847264329,-0.662027508780263,-0.709571642072099,-0.473911698922928,0.636187257562219,0.536042707957537,0.783783209782529,0.918589887426763,0.892530028589343,-0.676368850752999,-0.670970639552381,-0.453530666528787
"49",47,-0.0539881658839673,0.00737457074808634,-0.0653178314991301,-0.0716605779557891,-0.0937524175471437,0.0545895254877851,0.0536255834015356,0.0364692405562586,-0.130754697766777,-0.0165962462795802,-0.145756050397539,-0.168970189490728,-0.206894629542556,0.143879462942278,0.137419568749572,0.0850411022972678,0.670419458241883,0.470127341761647,0.818753635423937,0.900450384566987,0.744782328594448,-0.753453741604888,-0.716831900600946,-0.290971901965671,0.677390898546991,0.459147643563248,0.831363294708036,0.904739869955254,0.776432473298735,-0.77497681195465,-0.738179219724146,-0.304143753537146,0.120828606502913,0.0590142638979342,0.197527554438922,0.389400318225746,0.235560295026925,-0.128685674016593,-0.0647310615972855,0.380402588673942,0.198019385326268,0.0854396035299284,0.27465908572564,0.441949103416978,0.244072365366424,-0.204510480959103,-0.112879808393045,0.384117265095581,0.607904722088615,0.453419911770216,0.725838300435534,0.867384088087896,0.793060415615696,-0.633556181789579,-0.579021997218884,-0.198980844175283,0.614468027765852,0.463454845908817,0.731550262547992,0.909497828922052,0.848033266756467,-0.661761982563199,-0.64320339496232,-0.286742202603099,-0.181791368836756,-0.0881098640401242,-0.164811491230279,-0.163109755199312,-0.207888455061647,0.178039195657194,0.177079375437403,0.128300227257557,-0.130741935212267,-0.0764038979037529,-0.120212044193158,-0.119202132884555,-0.157155232646745,0.120406144872236,0.118887479043917,0.0886643271841065,0.62240973364755,0.457818081984028,0.796585314381097,0.895432506038993,0.81805761423461,-0.694494783624604,-0.672735470852004,-0.435321457756888,0.613558654150776,0.467299568243062,0.769548358636441,0.854742457203988,0.757859766944587,-0.690124959886076,-0.668932569562543,-0.408784892127897,0.302069170619669,0.196826095385716,0.342262462782273,0.433024141889476,0.361599890524187,-0.3498578537757,-0.357339485391393,-0.0636382847917712,0.367406190894465,0.24191408861393,0.397851165524813,0.437488753709113,0.326926669871481,-0.413725546368267,-0.374998604816306,-0.0733586448433635,0.490508711818293,0.403762604516265,0.662159833198054,0.832689422926882,0.788830798293264,-0.523755265317521,-0.553910080396272,-0.345198124892342,0.517864002326229,0.406359203903557,0.662571465688275,0.789241238199207,0.756201255105486,-0.539182234281368,-0.52664657319047,-0.322328291715562
"50",48,-0.0593746996003659,-0.0543939514764193,-0.0709696793676783,-0.0770065997550473,-0.0974355436194065,0.0608471675988762,0.058204971961766,0.0375987727803562,-0.138128569849331,-0.118949016304242,-0.153231396442231,-0.176244621782264,-0.212171455433381,0.152394862479871,0.14415320230773,0.0865977285583066,0.512781928642777,0.572290975777291,0.610846368102552,0.636513408115037,0.495989511349231,-0.618151990380679,-0.594545189957379,-0.19366303935937,0.517498062248955,0.554674502742441,0.618343871626101,0.640229739927347,0.518053825863943,-0.637851893809453,-0.619408655794936,-0.200516630008953,0.0666097972775495,0.101628438872035,0.113004157392657,0.250387086151296,0.0825535876068352,-0.0806762971487997,-0.0220791690004938,0.404820155660993,0.135250716016758,0.132186086509929,0.171384970761307,0.279918871702174,0.0697806066609735,-0.148680686975935,-0.0590148031592441,0.430725093821923,0.489243259505612,0.569982847241722,0.571594743278996,0.647189709500224,0.568570864154624,-0.539614595304658,-0.501819250543789,-0.138023222242459,0.493111574620198,0.580494313219053,0.578804854588275,0.683582379199733,0.609521843144113,-0.568513727002975,-0.565972505443089,-0.222269086154291,-0.182115733316627,-0.107587370556679,-0.165862855469115,-0.164072884223409,-0.208090707131871,0.177778087442234,0.176668467965254,0.128504583484478,-0.131194774806285,-0.0933612587416652,-0.121216282395195,-0.119978364455853,-0.157153103127263,0.120230379002257,0.11865138602024,0.0886443639019802,0.49427217073842,0.576912583317771,0.620938804324022,0.664103301874853,0.584551867927661,-0.590181547024105,-0.582151719456173,-0.343801720718273,0.504137993932092,0.592388224696489,0.618558004684716,0.664367870036896,0.566312189030666,-0.60037792884184,-0.584605752231956,-0.319070229238517,0.217545360200595,0.271074335769263,0.227142991687563,0.282345132223172,0.197974823922633,-0.277754994399263,-0.290648712554021,0.000932244726747532,0.269718345224389,0.321540492872634,0.264055869679323,0.27124395159294,0.155002238228846,-0.327172134528584,-0.293824304618032,-0.00954598353004972,0.405974841973681,0.521531028013417,0.538444170719078,0.647850172918669,0.594399141208119,-0.466426235759066,-0.511777334724158,-0.280869937134718,0.433995331867016,0.52160351862459,0.538040831003518,0.609876976161266,0.561880135617654,-0.476272875754422,-0.471424570001525,-0.254974272701866
"51",49,-0.0737927214662519,-0.082008175745945,-0.0820996907018424,-0.0865070484087623,-0.105050911471361,0.0751327857484836,0.0686082321289093,0.0400561374985024,-0.153306420105164,-0.140070816412287,-0.165957736872213,-0.187640227497073,-0.221201378076087,0.16812183580016,0.155694615200397,0.0896422838980805,0.309111915144903,0.233888401827944,0.44326748059466,0.486604846120758,0.358722563224226,-0.345157859355917,-0.301640077366064,-0.00444405375306195,0.309207544631785,0.224897587433759,0.448172951141523,0.494781705174615,0.382880429741696,-0.356773305940394,-0.316192949136625,-0.00898087944335624,-0.0270496187662208,-0.0483158811907939,0.0494459567701427,0.231270288798268,0.0785703513858377,0.020345918730392,0.084833793473608,0.478604818127652,0.0272410775358792,-0.0267254572576368,0.0980055208540433,0.251524038611291,0.0596834441099617,-0.0298089899889309,0.0630555733898834,0.506088430542275,0.292665727936138,0.224669449139533,0.417183006104452,0.529468176198959,0.459926918550514,-0.287937386119807,-0.23444688711232,0.0239747071547569,0.287909329503715,0.23191462505577,0.421795876562623,0.579083325637574,0.516709412656631,-0.301698564396878,-0.275195467700156,-0.0211171873505382,-0.196331302290522,-0.140032015651686,-0.17536346342106,-0.17180626581278,-0.215171150777716,0.192266371842911,0.188686986442861,0.131777117922831,-0.143608607444575,-0.126671623768577,-0.129445997937159,-0.126654146505557,-0.162942478466124,0.131326108194068,0.12798271229588,0.0916286154722883,0.301806699022825,0.232802991994269,0.455581381501118,0.492830194882636,0.420187352705351,-0.329682150995097,-0.305238546661197,-0.11630478958544,0.267502325740947,0.232285058307408,0.411997122196989,0.475785329257297,0.387297757230878,-0.300485771793085,-0.271530858094662,-0.0763439290643873,0.0534937261681029,0.0192572771947605,0.122286038212361,0.278475949181729,0.222632966899152,-0.0766154343942522,-0.0697330719999897,0.16149252248055,0.106702282112253,0.0503012684607125,0.157185085100868,0.247081732605929,0.15215804947397,-0.123433639089925,-0.0765629480911851,0.15560692949262,0.216487868954822,0.200372598769107,0.373258839385872,0.521908752871484,0.480204466267686,-0.224162128567379,-0.231267747125215,-0.0723301525293188,0.242851153995649,0.198318066898252,0.366704842865645,0.467605813835133,0.423586523973873,-0.234780208791488,-0.206989810079162,-0.0603088947111378
"52",50,-0.0652435014059211,-0.0504669668948926,-0.0750098833294708,-0.0803200146624522,-0.100320501687424,0.0664997945970833,0.0622009049599153,0.0386048176187838,-0.143385725583618,-0.0943216982589621,-0.157319884424512,-0.179820075695581,-0.215340740925491,0.15762600468432,0.147630198675627,0.0877132395391648,0.469956835580667,0.350312683469525,0.604998864407953,0.655682458747747,0.516105663275017,-0.520556837604302,-0.476731617539958,-0.126715812716241,0.473256585473236,0.341062413079676,0.6163299684386,0.669421479599909,0.548943506939948,-0.539256042564924,-0.500908467166181,-0.134633428561453,0.0389634734095614,0.00358698181816521,0.11447339546956,0.300207194944628,0.145925189881593,-0.0435309624989561,0.0191419153839272,0.428736634200117,0.104204013922287,0.0264989127396568,0.170721073203136,0.315816791199519,0.115349853626882,-0.102958374641089,-0.00837256005741217,0.456846073759583,0.441769794739427,0.338932590547125,0.554971005037689,0.666735342967222,0.591965580188191,-0.44295323808423,-0.382515867605029,-0.0730900834741795,0.437332545496753,0.34922475731888,0.561427204054109,0.724096642248784,0.660852475531429,-0.464106265471599,-0.443666253586326,-0.141419389195667,-0.190199777863446,-0.120301360160705,-0.171023294063186,-0.168249352020015,-0.211777286561083,0.18630503384764,0.183802285288283,0.130358694381284,-0.138116355495947,-0.1071688388104,-0.125601499559471,-0.123582387418595,-0.160531691118138,0.126739567189452,0.124137706797397,0.090448889016462,0.444999466458227,0.347152342955941,0.607008022643913,0.667277436561343,0.58920935200624,-0.490980857098658,-0.468929341333971,-0.257743608157393,0.422678833598649,0.349430236575751,0.56658681072766,0.6306294569572,0.536917248049662,-0.468851660962812,-0.440608644536838,-0.224382502467433,0.165225432023848,0.10491117138573,0.218784557894654,0.345778399175971,0.280671418079962,-0.197446592016696,-0.198502500430229,0.0604755931004757,0.227776231452877,0.141819121116683,0.258600677594167,0.309579049308075,0.203895039681917,-0.249250995343814,-0.196239504078298,0.0670782836942533,0.339827770666249,0.302243183667252,0.50058129759281,0.65402922877328,0.609973027770189,-0.358793878870931,-0.376555223536425,-0.195364664107718,0.37135060846784,0.300324497845821,0.496171213694412,0.593992267012724,0.550345513445437,-0.370246013971107,-0.340579819131254,-0.164277957324373
"53",51,0.285723478952588,0.459924679901476,0.367383086261109,0.419472306842439,0.324616791934009,-0.354586552656172,-0.272163287486627,-0.0909302034300441,0.135348160952341,0.409885969284497,0.198783916967066,0.239625485359608,0.160281861051568,-0.185217854824665,-0.137818285866893,-0.0352408508823604,0.181018089036843,0.147635615497271,0.242158791753629,0.411477329891292,0.396317783642987,-0.216684727338882,-0.201539473662178,-0.115712761524312,0.18455170364041,0.136618459492569,0.233908283586801,0.382101868921302,0.371769703162628,-0.217445582250777,-0.191815597755464,-0.0988867204555085,0.121451817194286,0.101199890480627,0.195958614134884,0.300686080740121,0.279480782096565,-0.136602959237154,-0.122272752016717,0.0337136716161983,0.126757661089282,0.0823623482549264,0.232608116595485,0.433689568963143,0.37802033479107,-0.134017245760212,-0.117389335117927,0.0390989548515387,0.243580331867795,0.184007181281088,0.328268461860493,0.444583460059829,0.446816624699079,-0.252165800085496,-0.233641082195655,-0.157114368644831,0.238049169446735,0.169772936212147,0.304893282707897,0.416555229192711,0.42383041641102,-0.242129811012086,-0.214888624136694,-0.145657516325987,0.194362481664327,0.419612751598164,0.268977732998498,0.293502052102307,0.198279419186579,-0.254940738388845,-0.204021977740165,-0.0650161510882267,0.227709335040753,0.368473637829864,0.261580258580611,0.263070389625569,0.183792759058789,-0.276032965495177,-0.234044269080658,-0.0995624420093113,0.249596852960427,0.145266402622305,0.293779242648858,0.354097840359944,0.336658056244253,-0.254540190318947,-0.23058355248466,-0.174426087428329,0.219164910284581,0.157150980712835,0.296761388181146,0.395110057785874,0.376658750293371,-0.243515453686458,-0.226661757712087,-0.157977258753267,0.303168424872982,0.145122290495102,0.526656014893475,0.707261713268428,0.691153506888796,-0.279855241087253,-0.246317234992149,-0.112617045000176,0.274445185619082,0.141851988106501,0.508745370793277,0.731314692379186,0.722647651942534,-0.2705825268123,-0.249185106827113,-0.0898398339452614,0.296961511339608,0.172674442028531,0.379373411144347,0.437843068456139,0.438936871750924,-0.283536179349743,-0.262511302368381,-0.207739908848539,0.289123277567454,0.183439061138111,0.397157104241413,0.47162092118806,0.491622266486023,-0.290094394346101,-0.278701928496287,-0.212977614898399
"54",52,0.174770301516523,0.385572648345195,0.205767252004454,0.215510147790211,0.193842748214623,-0.20563055168461,-0.161148060006973,-0.0927354377465631,0.159845657169913,0.580796406323134,0.217012858933678,0.247747980669423,0.205718675749792,-0.236956974386814,-0.20211149423073,-0.111746826943565,0.316842109908048,0.245758131477423,0.315887587620896,0.441443995747755,0.470131683259622,-0.39936510210579,-0.446613355590998,-0.575745240903151,0.322554260798773,0.230874491212302,0.315016048618047,0.43367906664249,0.482793512539973,-0.404309442819823,-0.426162354433539,-0.553924530735794,0.273509382589183,0.268204413270627,0.357839730108948,0.347373983235195,0.382295269868199,-0.312268694161749,-0.362124735104288,-0.401561668395727,0.238762876393656,0.207626202433751,0.312037610924506,0.403034731978697,0.514992998562681,-0.260021142616389,-0.294056357572526,-0.470141361987223,0.417696692381283,0.299122888336654,0.426082470826058,0.46184981730895,0.502768060987215,-0.464588927812324,-0.500355164547821,-0.626258291013274,0.398187518664876,0.283278027401786,0.396513530025995,0.44365376595241,0.46906882649903,-0.452153447289229,-0.48715924829433,-0.636484180880314,0.31708929438432,0.533526051092424,0.397293781448115,0.416785926778017,0.378032694437978,-0.412256403773674,-0.370355231924731,-0.256436129444495,0.296790616880932,0.461367067531774,0.320767191332001,0.30612375396036,0.268768477004793,-0.371498606362312,-0.336356769561942,-0.217077348673336,0.365931938025915,0.256188549339171,0.371060887479636,0.413699330957397,0.424064761075681,-0.427798602970908,-0.435173898475244,-0.453054058951893,0.347586271138079,0.252873013038259,0.378680463004399,0.437136297107523,0.451306007333036,-0.425766270452206,-0.444239331657842,-0.464189233161999,0.443409477799986,0.291074561847117,0.589328927752008,0.690073431242249,0.715020512308098,-0.448542336619692,-0.4629397628265,-0.479861712254448,0.40327869865689,0.277645517279858,0.538306879731247,0.65987037147257,0.680242871156934,-0.421005690899067,-0.418612451759661,-0.405930905883219,0.436294897442082,0.290550166610956,0.486456842922826,0.454225089032796,0.455996758138329,-0.472068311840201,-0.507021518194928,-0.517073940711321,0.432064678959466,0.295095208424451,0.500078154955479,0.476678025660354,0.483632253619584,-0.469662665693177,-0.505790220061194,-0.536980257745641
"55",53,0.208862884372037,0.00603542724888153,0.218788708425068,0.212869761690845,0.218781184070254,-0.267689379881076,-0.216757675569148,-0.168173214596137,0.0492038598107264,-0.132860839062947,0.0634102047663537,0.0608688494929261,0.0817158296169327,-0.116689200073974,-0.095810273065015,-0.0940764453379728,-0.088980168890506,-0.00538085723871712,-0.113266012341633,-0.051449091345215,-0.0648562624065526,0.0250376449720288,0.0311606687902679,0.0865594008840511,-0.0975633547778715,-0.00835620748515429,-0.117400142325603,-0.0471424847285945,-0.0511989297760774,0.0210967368657848,0.0254665187205965,0.0977038530510664,0.112881471990728,0.0587198244964327,0.107071068904979,0.160321320902366,0.118958266766557,-0.216737340432652,-0.223568395665285,0.0092724107868692,0.0545920516356854,0.057285008422112,0.0586225919942569,0.105753664541326,0.0623891339088672,-0.149493150888557,-0.15110911475964,0.0612749057399324,-0.0392715458511366,-0.00480055494126702,-0.0472985077897625,-0.00651978376809422,-0.0149891731290896,-0.0451850259532193,-0.0499294779144523,0.0154366036997737,-0.0570307938312538,-0.0102279994819558,-0.0593107790950263,-0.0188754531230735,-0.0310270100539443,-0.0267589555208144,-0.0278342150466357,0.0586582567201479,0.194356139407251,-0.0107084598809913,0.245956402540596,0.264497105972019,0.36255582580527,-0.310534998691846,-0.317262277612158,-0.385596375586185,0.23221298867231,0.0208958063463892,0.271189942966811,0.272225713943979,0.351844606944535,-0.336796923757523,-0.339322232905171,-0.36395867973931,-0.0604120374562157,-0.0127627811115087,-0.085345804138639,-0.052618679937745,-0.0377961584753612,0.0187721091576485,0.0122931077760265,-0.0381583849917115,-0.0677452707977118,-0.011563506538969,-0.0702699998662263,-0.0163168427059645,0.00699283531813207,0.0131568646190925,0.00507042089606662,-0.0570387660268162,-0.0113306185913077,0.0295616425796656,0.00857122916723095,0.0587862928368694,0.102381863358923,-0.0952947192432376,-0.130195929887129,-0.261358564628835,-0.0851183059704829,-0.00355708510058579,-0.0896646970747968,-0.00575051482210955,0.0447515231356971,-0.0170202581414072,-0.0610295468428339,-0.210503171913252,-0.010071168041071,-0.000981987840794544,-0.0223110301025214,0.0233134134598881,0.0350266016146004,-0.0629610605352854,-0.0803102103494548,-0.119855849669281,-0.00647856876003847,0.00510255013617304,-0.00429665257945136,0.0528112329909961,0.0677617726806879,-0.0793638595824541,-0.11275431475562,-0.12967097129455
"56",54,0.272909652953969,0.0402662074039416,0.289987250577248,0.285321358115601,0.30085325931966,-0.344203262705037,-0.281353251091272,-0.251482280358916,0.0980751805684937,-0.108698964547657,0.119170885957447,0.12172996752743,0.138293851381624,-0.179467015051616,-0.148902992496403,-0.158986671982407,-0.000125426693814267,0.0616792959605791,-0.0573292484816336,-0.0130153378314926,-0.0301918671296499,-0.0620363737663165,-0.0586239527442001,0.00590767244867753,-0.00567325426661247,0.0600747001707087,-0.0587667385708755,-0.0033932138335049,-0.0251350033808706,-0.0705539466393676,-0.0699962188597864,0.00381167777420035,0.227716945780803,0.143556080371736,0.197018634073615,0.220958423146321,0.19491021883042,-0.332969407802007,-0.351094586801375,-0.109340686375561,0.155571441014964,0.126422599839114,0.147768081065081,0.183244803549239,0.0957761404742152,-0.25448230590081,-0.257829161840799,0.0372961699212793,0.062912384645457,0.0703149634751499,0.0307068902630709,0.0407375428554646,0.0293452048449724,-0.16058767505054,-0.175339560278565,-0.135316866161995,0.0446010851343313,0.0631139497944101,0.0120090928833273,0.0226083123354581,0.0134984446722028,-0.136184795354752,-0.1359144145729,-0.067641428985376,0.265473179036708,0.026994916217201,0.326187713207872,0.347594922380238,0.442970265653639,-0.401160497295474,-0.408577511358953,-0.522374312965311,0.298223108970939,0.0602828901073727,0.341308548529986,0.340548841869791,0.434983058389621,-0.417705007978125,-0.426269642387295,-0.485937843462224,0.0245187202157724,0.056449501342496,-0.0287065932040121,-0.013280492424554,0.00209107194037428,-0.0672400925070519,-0.079102273256651,-0.168088835759546,0.0233040672055762,0.0610164751414387,-0.00645574439702393,0.0324733490963019,0.0499745891066683,-0.0766531022378338,-0.0924924244091658,-0.196463662396003,0.0983068905694042,0.111562028782129,0.0963373817137384,0.117953975924037,0.13909153263102,-0.206494725145556,-0.239818034952244,-0.384036164207083,0.00987448825336775,0.0759196700117858,-0.0185501183315109,0.0429996743115688,0.0904979626064951,-0.115642374750364,-0.166588592114477,-0.275874373386905,0.0887179633452647,0.0680607544506089,0.0560183403278462,0.0707019091237848,0.0767173655306213,-0.172659896226453,-0.200351645058121,-0.275680813861695,0.0885079905181693,0.0783334629038305,0.0804026906452098,0.109679325967754,0.112983534552228,-0.192679987079081,-0.244737013624772,-0.281122544841768
"57",55,-0.0251875980279025,0.0271883084857564,-0.00901533644111848,-0.00130565285871387,-0.0033535320041249,0.0230734799094927,0.0142957720686609,0.00359776913881037,-0.0651803883607768,0.077049518272749,-0.0343549464090308,-0.0316124249030146,-0.0519357025916664,0.0723548943919118,0.067160704625065,0.0304689815356415,0.65404815843672,0.308331363820138,1.08800096246151,1.36811249320324,1.38251338394071,-0.728072827666565,-0.77083622393453,-0.881409782050305,0.691088340637174,0.302659901640461,1.11203324960205,1.37756075130639,1.42213979755904,-0.7671301994239,-0.788717359335334,-0.974117046124458,-0.0179010368069674,0.0014560704523878,0.0814831021212088,0.10939073331585,0.173007855105157,0.00247109848839008,-0.0113240453822974,-0.103479797112787,0.0308875758679537,0.0291000943782937,0.119461297830848,0.177410981293766,0.19727703982674,-0.046370365997986,-0.0547318192339276,-0.17970068836111,0.492673002449443,0.218190974388563,0.889328434031071,1.07810477833358,1.14109090804665,-0.505066735300548,-0.519779227510125,-0.636181482982402,0.522799019667138,0.228912509779201,0.910316084764028,1.10383654846948,1.19036459190152,-0.536178784430468,-0.553340451657433,-0.723360452776967,-0.105713257551436,-0.0103460369207663,-0.0743544044992227,-0.0677053673139339,-0.10537481152521,0.108840860478394,0.110448687154905,0.0809812826994752,-0.0765063026074878,-0.0242772775227794,-0.0549773768105463,-0.0510355709737018,-0.0806803742167888,0.0764633349856922,0.0752775554593431,0.0547861221912365,0.564058897086043,0.242432216126083,0.995381859047674,1.26587634837434,1.32436522009342,-0.594057445899238,-0.584057795815103,-0.69685866189425,0.598490166988792,0.262594207227037,1.07147523496586,1.28427436767827,1.32524198362611,-0.651070694858914,-0.666194829318765,-0.768272840592781,0.240394739151873,0.13560728219722,0.505051112570201,0.432226889964047,0.415479073249708,-0.27491182679035,-0.27125395751447,-0.251803909791845,0.290123514134443,0.17741474163868,0.601745199425806,0.530625815763483,0.510726132419747,-0.346481101368523,-0.352022945804625,-0.302984933021158,0.414082512468065,0.160947437809865,0.835175438236973,1.02628844154484,1.09139532508065,-0.399091150750794,-0.396205176604561,-0.44419954495725,0.396245060740817,0.158759187624381,0.793816692112479,0.950770836235931,1.03035650850078,-0.39088191172854,-0.389061181517605,-0.438178609179466
"58",56,0.409234502679485,0.421555924508353,0.498278104996873,0.525931125040877,0.377813359457395,-0.475216021315824,-0.364888959401639,-0.126647249342262,0.287363071720752,0.308038376928912,0.382376557260872,0.448302288940162,0.297643516264845,-0.340264780414083,-0.260211477819582,-0.0778790206922858,0.2499237295213,0.20997272603689,0.199105701469342,0.12940070145412,0.0324971200252579,-0.273409883481517,-0.240909754691146,-0.00549509079886338,0.234532441938016,0.195781914471505,0.182969333132509,0.12117207810911,0.03129700315444,-0.262909742213787,-0.227451042917834,0.00646220720379328,0.420345526903156,0.146913698730556,0.477312217307803,0.545112752671685,0.31715479229043,-0.400448250823631,-0.359151261528055,0.130132469152068,0.42697051908317,0.139930133375351,0.515324762569967,0.575557305267929,0.305033733033977,-0.40025344982183,-0.343517736568763,0.174824045442355,0.320368519611299,0.234900240453536,0.242973598288101,0.143948360098933,0.0663578434486609,-0.311460205501792,-0.265607834052204,-0.0443357230254937,0.305597742098527,0.233081278744166,0.225636179316289,0.140176889391173,0.064823862379298,-0.311483850694592,-0.272145446399315,-0.0679699215875786,0.290126236701905,0.359387650738486,0.388174239034512,0.41103667437171,0.268536570352937,-0.353588420998175,-0.278259530188359,-0.0776141272420159,0.370097486160506,0.341344036619121,0.446535628598096,0.440916012435582,0.311174001382245,-0.407909876923597,-0.339987149358514,-0.133948951835281,0.306585773462534,0.230052758047268,0.249338476253032,0.147926914521312,0.0888205657479058,-0.314733684188729,-0.288751610801263,-0.160679559328299,0.254873563983824,0.228788194077859,0.208443382843317,0.11927121587053,0.0478379662361661,-0.274721784361005,-0.251736880011299,-0.108242264578694,0.288227205331982,0.109020802344989,0.352206484469097,0.328388961033561,0.207143795371929,-0.274391244362669,-0.278839795034717,-0.0475374996642827,0.298107627522553,0.128278923071036,0.383527720325535,0.357079545702131,0.226060297727937,-0.285150519451522,-0.272100526765811,-0.056564519590717,0.329926519100243,0.239545042440484,0.262000691727381,0.124955458707412,0.0684515971617336,-0.330558813108353,-0.299523474553767,-0.176745676501819,0.342569612186678,0.242816185315604,0.284426423268842,0.147085215479139,0.0873103371504333,-0.341166414835628,-0.316808606729037,-0.188475351740633
"59",57,0.206034687959657,0.336342081800608,0.238060288938689,0.247287564102997,0.154382895577998,-0.236230368327361,-0.179333263578582,-0.0385887990423837,0.112910089707593,0.268714891504776,0.156304566850517,0.183832173593156,0.0774793567429506,-0.136324094391476,-0.0951672409529451,0.00499038664823104,0.0169804876365511,0.0397664554156363,0.0109891711760173,-0.000284241023735613,-0.0830503432148447,-0.0228251133000879,0.012308189388248,0.175288846706099,0.0031030765793854,0.0292367552186945,-0.000746801069311411,-0.00320017558983226,-0.0831147466544698,-0.0148270365269865,0.0184113438665328,0.185745593450381,0.154976031991647,0.0116827601356815,0.184434598682661,0.259174312036276,0.0485587976851424,-0.128584057661017,-0.0731421542311107,0.336431233914416,0.151490141549412,0.00186764846886005,0.20042111692519,0.264496683890567,0.0239156182259002,-0.117544097147003,-0.0417985425277608,0.393622871529164,0.0920328849174417,0.0584887447889753,0.0505117212057764,0.0253010743370326,-0.0360338140594149,-0.054706637741554,-0.00440135189600631,0.152321068647418,0.0791614073585861,0.0556993860610277,0.0444090387874652,0.0320729833938867,-0.0304211277692039,-0.0532847463087289,-0.0154890653694559,0.126493720347853,0.107060400823926,0.277448889165688,0.149800491605692,0.152576188737176,0.0466935423204223,-0.142146144200104,-0.0996735823569564,0.0193591895393863,0.159423288707167,0.254896317273811,0.174431662010693,0.160895718353579,0.070929529806112,-0.179808979940031,-0.143880220467809,-0.0213671629737053,0.0560354321571392,0.0532094378239195,0.0394388103879934,0.00362331894391959,-0.0530214260971073,-0.041314790109575,-0.0161154878785926,0.0798440594197349,0.0100704882042565,0.0459563995444684,0.00778692599297378,-0.0180673415929303,-0.0839830681977594,-0.00527339943894701,0.0214198037170769,0.128290770873692,0.0463374714940062,-0.030102554194365,0.0801051568122666,0.130197623034288,0.0321762091771395,-0.022834646764706,-0.00937558267137568,0.166351505314111,0.0618139805013202,-0.0234903686272214,0.105839885342648,0.133800558836928,0.0213802059223218,-0.0363845004768718,-0.00568771247196836,0.164652087786748,0.091156600557672,0.0681718942930957,0.0484805634231724,-0.000207408283118447,-0.0425948444088884,-0.0593484974435176,-0.0275047542949773,0.0456752284267491,0.106571380790098,0.0717218656194957,0.0632337913969601,0.00643106994758252,-0.0417503354034068,-0.0693253351312151,-0.0358441761236521,0.0481952436321137
"60",58,0.303340890933156,0.393357902500226,0.371382358707835,0.402732037309675,0.276580639263738,-0.35485360659429,-0.274330973022008,-0.0800358627246869,0.196350648413417,0.328557599140809,0.271230937071416,0.330311823672723,0.197184719038221,-0.243003010746533,-0.184129311897085,-0.0344394144756578,0.232255605592566,0.179589915052363,0.172705966570174,0.11376861025592,0.0165146021400785,-0.256530535088916,-0.22300855968357,0.00796414306662409,0.219353538434489,0.164133740865165,0.159762682796526,0.109539851812096,0.0189853163995697,-0.247688353525359,-0.211825751584731,0.0218970452563169,0.349524518822492,0.158104397325637,0.362202386361216,0.437619995001962,0.216621695917035,-0.330867592092824,-0.282928101728796,0.199072919537406,0.32849254237778,0.126799304488378,0.366832843330558,0.43524006823953,0.178461490264025,-0.292856175937165,-0.216408506484522,0.272925391615713,0.366363610097946,0.222593956148129,0.263981232567497,0.159280848438518,0.080234519841688,-0.352131245066469,-0.293921577474549,-0.0352087877486897,0.354737969405934,0.217483341707953,0.250859062382968,0.162968300020258,0.0831974633469142,-0.354463659609798,-0.30800059168466,-0.0986569128149019,0.22064743251209,0.355859095857335,0.297947131642728,0.314851593320535,0.180340947626973,-0.281825932265897,-0.217241083797948,-0.0469349920466842,0.265073932567835,0.319664376016298,0.304333521875172,0.293723774065405,0.180651018792811,-0.308351489491785,-0.252540167464267,-0.0827232433747895,0.27769886379315,0.218176543462428,0.213142288373353,0.119919241256441,0.0569224893032023,-0.292260646167393,-0.267357740083678,-0.133468363514061,0.247676168706967,0.220357721054213,0.186596110114919,0.0976008672672459,0.0240198913122137,-0.271990939283109,-0.247490442815199,-0.100995517239748,0.234705264792221,0.112947040399372,0.240542987340575,0.248382650620597,0.136702637923652,-0.219783893015314,-0.214501644081575,-0.00087158276989068,0.239351041236729,0.111024271887236,0.259810515127266,0.256154020282008,0.127192272884838,-0.217100718608382,-0.186747194803561,0.0171868997865688,0.36062100083259,0.243950216687146,0.269376220500597,0.123020057400656,0.0642192873404718,-0.358156042068299,-0.325166238238907,-0.204289113371851,0.383492788096969,0.255457293198108,0.299072961925555,0.143914486733482,0.0813617265364855,-0.380717074560469,-0.34985105719834,-0.224492974817137
"61",59,0.0378049611460009,0.133600661144158,0.0456952370236315,0.0683106084311949,0.0146613787014268,-0.0253646883482655,-0.00910116998802557,0.0199170316648139,-0.0443458768459563,0.0846557156609878,-0.025979154698504,-0.00300136273260879,-0.073777968870529,0.0642570676012004,0.072000690162424,0.0657927382710417,-0.20913115901725,-0.118536513248755,-0.153050104842064,-0.123243904629311,-0.191514599171243,0.194137663164597,0.220844721879244,0.319500195917139,-0.223936970515492,-0.123983254007268,-0.163592259147546,-0.121238616946749,-0.191827635599053,0.202044621824325,0.223697519928478,0.330309666892139,-0.126335725613397,-0.145375794932025,-0.0441552605830385,0.0478163753792512,-0.147340558647343,0.144090076077783,0.202037393091835,0.52762719207453,-0.121325103634179,-0.140757609120163,-0.0384133727655024,0.0387941691100819,-0.175847154553163,0.142593035176687,0.218805085847146,0.575620158356789,-0.179224768497773,-0.12168798280671,-0.136665665153209,-0.088118825333725,-0.132072549310473,0.207069038135439,0.240101306833502,0.315843550038461,-0.191852005583178,-0.123099189451746,-0.130342764844354,-0.0718398104767762,-0.120107299133714,0.209188101494471,0.228912897093567,0.309780134637203,-0.0658830868200711,0.0880081789998056,-0.0423796565125946,-0.0268155158998173,-0.101971811381507,0.0741122965557117,0.0876040935018625,0.0966660558205952,-0.0104584045287245,0.0952314688532696,-0.00566858669078968,0.00141742559516942,-0.0637653321085114,0.0225660919319777,0.0343128266728127,0.0535925514525972,-0.175130140563101,-0.124397979186901,-0.134382873108688,-0.12260571735446,-0.173237291977893,0.186459576993866,0.201777343027811,0.269584852895122,-0.218985404777076,-0.131897639720097,-0.161947675824624,-0.139109809494616,-0.196051221942187,0.218899776535875,0.23881165216786,0.309139993461753,-0.210293365342468,-0.184340866735692,-0.112889356286504,-0.000430135468899023,-0.0846318653025176,0.226687273058345,0.240349670148279,0.372302401598253,-0.190211017746812,-0.180822815146569,-0.102955457601546,-0.0140137667824423,-0.106137584503086,0.208947211585352,0.235743427078191,0.358381088668168,-0.167380754637669,-0.111756993971541,-0.140504493731115,-0.103230175282325,-0.132560264671146,0.192011982643554,0.210254557667943,0.247378525358273,-0.150459479337598,-0.110177977156494,-0.141212540565655,-0.112137281854059,-0.149282318607157,0.185725508075284,0.209394092324356,0.253117913755698
"62",60,0.332722991436815,1.08536190502928,0.371184359242235,0.367267794658111,0.290062397790647,-0.368371473704599,-0.27655486710178,-0.176052053244849,0.186476521619056,1.06774905116795,0.256675315896235,0.294421823927257,0.190524944755931,-0.209169954091982,-0.151878411654137,-0.085103096194867,0.101300075298637,0.429317107729479,0.0452785127683096,0.168235227181227,0.171590374647092,-0.153948264883795,-0.148992240561873,-0.0138716238381271,0.0988292866778732,0.408565041055495,0.0412015088032707,0.167959813509577,0.174181017425003,-0.154594019071148,-0.141459949780845,-0.0302072992068493,0.447833472812398,0.671730834674922,0.436687468107943,0.618504929662948,0.661626021251031,-0.471742172975482,-0.468921125255155,-0.200154037707647,0.36585458200272,0.662167181644796,0.359232288701213,0.518104675499148,0.52904103260218,-0.3745914548805,-0.356323320615379,-0.0455636349684011,0.195170809172337,0.5580373670897,0.143986966041581,0.195044016390913,0.201905430253457,-0.259276989355624,-0.261550201750362,-0.135225604387953,0.169624429281829,0.532833099676429,0.120657030987656,0.181726227250369,0.18905982697117,-0.238568958293541,-0.24330253059329,-0.129786589101607,0.352588554606417,0.978916735899018,0.453910415886637,0.483893214078587,0.423035642684401,-0.430157303483713,-0.39897328451427,-0.401641434150181,0.381068591638395,1.11707958103186,0.460480653564277,0.452284559912425,0.383540280270471,-0.44898376821627,-0.427892057078508,-0.360924334149233,0.12666144196314,0.490539353578015,0.0736046983739454,0.164358746865797,0.211426107921375,-0.160070379256112,-0.166643304786701,-0.245936140024489,0.125443244617743,0.500388629876159,0.101130558416379,0.210850149513533,0.244295522848019,-0.174783346367395,-0.194790957179736,-0.231781959479407,0.318058334929864,0.820095448523091,0.330729778898022,0.408047377385986,0.485722562166911,-0.340571172485584,-0.358662723165411,-0.400564495573913,0.207453753083558,0.726104447254895,0.180216099290308,0.297452152685703,0.390698045757767,-0.228308485660114,-0.241690665158981,-0.334927441040166,0.217871317841359,0.60534996947045,0.186192285417787,0.241910486009721,0.26575320810755,-0.287573926460212,-0.328553489563064,-0.369025718224368,0.219920749045464,0.630038696307969,0.214754125759418,0.279832080563169,0.316897567160966,-0.299334454658609,-0.353255977969729,-0.380626090916004
"63",61,-0.0186173027771756,1.06498709669242,-0.0345493330073636,-0.0400510181945888,-0.047604775124919,0.0126836594230319,0.0149609392802936,0.0110122611884581,0.0556063559372204,0.5828265517171,0.0698384758811475,0.0662438058105944,0.0399133148410995,-0.10625647810133,-0.0914439922194651,-0.0317524121034175,-0.0456265292737909,-0.130494866431908,0.146590011516965,0.339451757899359,0.405849055941966,-0.0999274950349449,-0.119512584698609,-0.190684369028794,-0.0508006871223182,-0.139063834089258,0.143833498568163,0.315439655794173,0.377276015600621,-0.103651341757652,-0.112509279412023,-0.189402351824665,0.0978585196493349,0.0725620703268327,0.150726900954424,0.231040986251258,0.283737795355454,-0.143998708601756,-0.165602216081377,-0.231772139841826,0.0795426865191093,0.0500756960654676,0.152198377496928,0.309975681359148,0.364685812313065,-0.12265221396048,-0.153163761912737,-0.218140298579715,0.0265239122033903,-0.0971220971294185,0.180215651028826,0.334329778162244,0.392235342960255,-0.116766797409156,-0.133824088996855,-0.198829209160737,0.00684463849929892,-0.104529498712635,0.150208695775169,0.301887014633917,0.359505296136767,-0.096760518415028,-0.111603876719003,-0.198159082243597,0.154832828573439,0.492639524781952,0.182090201607501,0.174723579227297,0.132180528470345,-0.22118206509332,-0.197191123627003,-0.0957289327859168,0.146268860279124,0.37483530245085,0.140213174509285,0.123370050356105,0.0885456460048094,-0.184550701017417,-0.172695464558298,-0.0787903465450183,0.0421897975410198,-0.0581350578982756,0.184787750693099,0.261981160410755,0.275493864727181,-0.10831338021048,-0.1074836196001,-0.120165199431262,0.0132971021436997,-0.120047802400277,0.200636150110014,0.333480412460862,0.359515558055565,-0.124208489980503,-0.131725531186824,-0.136782636823166,0.189317057449809,0.0899641288426464,0.328088354751144,0.425050493426212,0.446870782179175,-0.197001103549231,-0.181935811863636,-0.176537014890003,0.154462689865407,0.0733628149708061,0.328065539331503,0.491541384282474,0.514646156156135,-0.188370943362435,-0.190217526002273,-0.170983812250623,0.0806242690731418,-0.0272574406160831,0.233995162105597,0.305228557221699,0.31973252695214,-0.128383750918942,-0.134162318794564,-0.135721458830954,0.0899492495785931,-0.0129928595846735,0.244414574752573,0.332269130173739,0.35767743353587,-0.13930577102829,-0.148980947915066,-0.146349700395447
"64",62,0.403305356402662,-0.0357444662389495,0.274891702733225,0.22700783137547,0.211262884080817,-0.359239839460087,-0.29475538358878,-0.192665570814471,0.277389287939846,-0.116614298234968,0.153312546544133,0.107146094837406,0.10413600483745,-0.231770254118257,-0.197232500355091,-0.15813383330352,-0.142379338999798,-0.158467771335053,-0.218348755145735,-0.218454508701007,-0.268386516706851,0.146801726712029,0.174784905093363,0.268293109636869,-0.16087927222821,-0.164808463547254,-0.235089898360627,-0.22349491938583,-0.27463065691195,0.159289287705089,0.182200425759165,0.279686891982696,-0.0243971670287191,-0.162628688584491,-0.228567243443412,-0.335705222798303,-0.501988517242423,0.0966959089736065,0.169566152403921,0.459310275657134,-0.0396024492918617,-0.164076854986305,-0.238582710433647,-0.348745199975125,-0.518614577694133,0.111624184113978,0.196528280242462,0.521671706938723,-0.0715590177507614,-0.175849758883338,-0.222746110874769,-0.214758527747486,-0.249148775853206,0.135913609748628,0.177105378815565,0.255944014189809,-0.0844788970092678,-0.176639303345186,-0.220669616889055,-0.209889445518435,-0.24353398109704,0.142575853936536,0.169931682586735,0.232972933574609,0.225921322817971,-0.0596886940032115,0.135195360589822,0.094488397164002,0.0935422574304089,-0.20559485874425,-0.179599172200138,-0.137876765224442,0.245168831651879,-0.0386579692615581,0.15436670410616,0.107313620573847,0.116597136965159,-0.220355255857168,-0.194613992575599,-0.137928114309777,-0.0980444619684286,-0.162270986921175,-0.178002301722458,-0.193767452672248,-0.228435086752881,0.122940982629045,0.139723164899496,0.182251097968231,-0.139276206364522,-0.172339128878317,-0.209521817714847,-0.215391766868258,-0.255979680572284,0.155951326025244,0.175730825479945,0.226101693121698,-0.125393748651481,-0.215779398662571,-0.306021033307678,-0.311650692362375,-0.365578940748202,0.188135374504905,0.216630428597509,0.31011902866588,-0.122816179806245,-0.22661457310775,-0.30699219806989,-0.303707660689668,-0.362403523463797,0.180140288280017,0.212697244645837,0.299110373474099,-0.0436877497616987,-0.156141884438093,-0.19861569777742,-0.198174471215545,-0.208721440820195,0.105564522113157,0.132800102877996,0.141784542272974,-0.0371523931728542,-0.160554386360784,-0.208028708901618,-0.213008265276686,-0.234969758913208,0.103251296704883,0.133171117179429,0.15530820036148
"65",63,0.0258095161802653,0.512749037405993,0.0139978161354615,0.00819152686793956,-0.00042271326084478,-0.0253194152561536,-0.0171234944234267,-0.00948462235948963,0.154105931349097,0.577713631817472,0.207136861349986,0.229373375865505,0.19421955975394,-0.236751341663593,-0.201550523014769,-0.103022327988843,0.181123222482857,0.137216637586132,0.233938300786115,0.374087685621829,0.406131515534993,-0.275340460271979,-0.307380034654042,-0.37885660860524,0.186601083314443,0.123171132763938,0.228989179184233,0.347885618301485,0.380381054783222,-0.278603532700251,-0.292392469584493,-0.363571524903041,0.291673374990503,0.278441350458247,0.350674680005009,0.345235599826201,0.435072267112628,-0.329969924808763,-0.36128548303797,-0.394739739214337,0.259183938425239,0.232011166813199,0.330776899335239,0.419149571128301,0.464467229090912,-0.289683167337201,-0.335308661821482,-0.399049951905265,0.273677111482418,0.179690435439931,0.311197165301774,0.373566698132978,0.406542017025954,-0.339634760725103,-0.368708759659073,-0.44468800965894,0.254860690653199,0.167170353311319,0.277210686329948,0.338672282269924,0.369105391089637,-0.31629076027233,-0.333537152047492,-0.430608942830462,0.300412423875517,0.494984699840853,0.371247989959495,0.383411813204569,0.348135774848525,-0.404538039965328,-0.361622390369396,-0.231680778614476,0.279716510297478,0.414145981158526,0.295586835683063,0.279433121856657,0.244707767019957,-0.358374574585608,-0.327901518983535,-0.192067888975801,0.216001054885679,0.141713093382123,0.269349180508857,0.306126424305521,0.306291726299715,-0.282092355175156,-0.281967807045562,-0.29919224597553,0.203756900515654,0.117943506661136,0.287420574349168,0.372732551948885,0.377119723057857,-0.298047330700789,-0.309168073230811,-0.315591128196209,0.426762604908971,0.294349242288665,0.531471167600742,0.580087196247848,0.596682538413484,-0.422103773246937,-0.400949134681282,-0.364464042916167,0.383601427716878,0.287705957987273,0.500321068399444,0.605845727377035,0.627956372974019,-0.409689366925299,-0.417553908262229,-0.372804152722417,0.298226760002148,0.19146714223717,0.362285430140553,0.340127320181394,0.337549079782472,-0.348242258741805,-0.360014816442637,-0.361102599140604,0.294180071135991,0.200844486792297,0.377819121082036,0.375387169896076,0.386730835687924,-0.352112002817254,-0.372546643480517,-0.380895147001821
"66",64,0.218346243049849,0.615151541568224,0.227389353390548,0.212791436302251,0.154923419459313,-0.240303308269755,-0.17936611154476,-0.0845478497107081,0.094007345074406,0.606456612651772,0.136413633018786,0.141115639220598,0.0665045415629909,-0.101513015538184,-0.064325875936008,-0.0162540590415378,-0.0667228766024097,0.135293600120052,-0.0586119144166332,0.0877602144305683,0.0964639626897244,0.0137968832232032,0.0230968880200993,0.112688256552598,-0.0729022386864896,0.125445433708243,-0.0628707376469507,0.0896709767182656,0.100038550255197,0.0144151705478058,0.0236204482888815,0.116343869644125,0.217259062172179,0.361062231726249,0.250944469711075,0.457132263729867,0.481719125998724,-0.238890591515907,-0.228499580118363,0.0223735574606897,0.15677350646193,0.351384024216948,0.197185961918448,0.387516232019852,0.386309768763009,-0.174007779179521,-0.156375345186423,0.0985927800220743,-0.00229381051939495,0.203631909770762,0.00105851465337237,0.113367925671689,0.124768640458671,-0.0476828038909156,-0.0400753577881039,0.0457505870122282,-0.0236604849231434,0.190494124205431,-0.011463813519257,0.104676276683304,0.116339875827548,-0.0320230644659806,-0.0293647151005086,0.0706131770789968,0.212491531733431,0.588021758939115,0.267765397242,0.2703613505146,0.22590557041894,-0.267796531864362,-0.24330902660704,-0.209950925381031,0.24062031007707,0.647643371898263,0.273245790537646,0.255416599593975,0.218674578234269,-0.288750436714197,-0.270235928333095,-0.200289017131074,-0.0360677453451759,0.153080515094421,-0.0299376598040572,0.0844296474006096,0.120143581619726,0.00671949520833298,0.00450710662770972,-0.0122530795178423,-0.0448489202464955,0.156854492885297,-0.0126716044390192,0.119249112533183,0.154393542636937,0.000877525891121912,-0.00299655805137723,-0.00502084408343827,0.1019964795842,0.439103263246886,0.16560422539974,0.286861847640193,0.363342773767458,-0.12340916366816,-0.144831514626584,-0.186778421614736,0.0155240204444045,0.356664546148649,0.052608336226404,0.202010165854357,0.300762628641239,-0.0383468072097229,-0.0513361410013099,-0.124723030279742,0.0226564538799113,0.222466681028465,0.0349073385272612,0.151385568698152,0.185103460506978,-0.0710802690901613,-0.0851684100534259,-0.093418967380127,0.0306597902735547,0.236717894334918,0.0540136793908116,0.179041011653945,0.229086801230565,-0.0840026156355157,-0.102839132169797,-0.102356526169769
"67",65,0.278746090024438,0.753974703513362,0.31026289899709,0.299885523470885,0.229459129797526,-0.309183099918306,-0.232395466898074,-0.126962922980674,0.143768677467938,0.770413293492355,0.203539464347831,0.224799945829255,0.135939505439279,-0.161155358228479,-0.111875484739317,-0.0560454548093782,0.0146866043352844,0.241363895379995,-0.0101963578731995,0.131576670960368,0.129912777229251,-0.0668224640579151,-0.0590766092014966,0.047187069339975,0.0106460183411539,0.227493728489591,-0.0132914791449488,0.133740118846041,0.14393530117895,-0.0677561781512177,-0.058114654238221,0.0436822514611125,0.335269409653584,0.503252063412253,0.342406779726439,0.534772487704678,0.550436685345304,-0.356523280574278,-0.353556867131757,-0.0548691489731022,0.264041973313832,0.489784343529926,0.280879200247621,0.459718901094495,0.45191622958816,-0.276105583432881,-0.256158458975069,0.0300476737416471,0.095049934272732,0.332163413458677,0.0663827753837025,0.156390710542321,0.163383743850547,-0.152863589882705,-0.147916029583237,-0.0433002581993993,0.0717314919897038,0.316211608642864,0.0498146412445096,0.146191713342563,0.15847150334239,-0.134398334171326,-0.133818071395806,-0.0156361504852387,0.291354238071912,0.739072673353391,0.380426336280442,0.395841507132696,0.345119286910504,-0.362492024377501,-0.335443150445666,-0.306447453592391,0.319599595138839,0.816675617864059,0.387667878857515,0.372791571734002,0.323405595592573,-0.383311315913161,-0.358149125176397,-0.29595431917984,0.0433197227074004,0.268730178842827,0.0177238918530286,0.128394109458247,0.162582190932471,-0.0742633533547922,-0.0804285019763577,-0.117333804642366,0.0396308115059857,0.271782645372497,0.0430514223319078,0.173061464529282,0.209801802085296,-0.0859512940048347,-0.0967776812750738,-0.119309963404213,0.213311910308341,0.605211759766905,0.250118565241878,0.349940939227592,0.435014498801463,-0.234240214895572,-0.256252628287458,-0.281426725412441,0.112753318884852,0.513371414341839,0.116672461326387,0.253730507366355,0.340989599620864,-0.13360492188926,-0.14698086636455,-0.207843499774835,0.118716051270822,0.357446205126777,0.103462419963231,0.198449642030324,0.229097946810471,-0.178414659161385,-0.2032390062964,-0.226606063765879,0.124225343046272,0.372061752426096,0.127901376662525,0.229853442721169,0.277277279955068,-0.191158202771465,-0.22176062378735,-0.23365952481276
"68",66,-0.0440872760612374,0.00140780877622392,-0.039908786390469,-0.0354666299212019,-0.036014279635645,0.0462115782568151,0.0364494624470858,0.0133892471360686,-0.0425607480295559,0.0250586833103838,-0.00174290978744787,0.00250565957686628,-0.0120708905415494,0.0426421926807129,0.0450749696257828,0.0190290265099166,0.528339117258335,0.300453014154867,0.909075613856328,1.20313922826664,1.22524055276714,-0.611629936498527,-0.655375107118135,-0.742025868295253,0.560699041476692,0.29460613045367,0.949056265035449,1.19649384397764,1.24514140623373,-0.645552201906845,-0.668701834971906,-0.728176953585794,0.0230785258260086,0.0424344938508873,0.101870008203357,0.13249771618576,0.184113130982711,-0.0482633974562374,-0.0635293349671544,-0.126519147515629,0.0468278094172757,0.0555931785563523,0.116765541824494,0.167527781041858,0.21163549582393,-0.0708267377535655,-0.0805134882702178,-0.168129776801921,0.407457161499441,0.202549289105838,0.721220713658303,0.91092171194732,0.97157100988319,-0.431999615310206,-0.446577293826841,-0.54189827880435,0.429767921559401,0.213140531468561,0.737304793143971,0.927787860821628,0.994180165258147,-0.454402289900556,-0.474875222907135,-0.597259244415418,-0.103000984287469,-0.0436662569297451,-0.0712532634529397,-0.0656350186313219,-0.100875849943385,0.098658892900012,0.100748597226991,0.0751255720832231,-0.0771608007563505,-0.0543119826049772,-0.0545428805350797,-0.0497336471533452,-0.0779189525245504,0.0716578966161306,0.0696494755487838,0.0517538450862616,0.495823829323508,0.238936601274094,0.829340863558459,1.11199434194505,1.16375781159653,-0.52502040313496,-0.514580219101846,-0.59927870411425,0.52854872060225,0.250373764132783,0.898977585600845,1.15763712303716,1.17678996264147,-0.580080674982223,-0.592861524601408,-0.645568880675013,0.193603399213367,0.152563434298909,0.382415301119829,0.33659149321988,0.301058019154277,-0.230108791623056,-0.229729279521537,-0.165634533433775,0.235772347073176,0.18952102004125,0.456226070015319,0.42090198345101,0.380873390054027,-0.293208186730135,-0.298952873449059,-0.228799123590832,0.365186090147021,0.151746318172803,0.703192961808891,0.888779825476509,0.923854583260335,-0.354917636802035,-0.355345163868483,-0.394304919596487,0.348080187322555,0.143565799484921,0.661089749303506,0.81994205223913,0.875213795157117,-0.346888557681995,-0.342654368134012,-0.378465956825915
"69",67,0.00960781460116807,-0.0234233984672007,0.00151452750378205,0.00146378333196308,0.0112916091890741,-0.00175557646973716,-0.00115484282603102,-0.0194785597042286,0.414603685510754,0.0647302911593184,0.451965643423248,0.494276917618415,0.53705652583461,-0.456138733222239,-0.434937113292177,-0.450843702665974,0.260648318488861,0.0324660650548004,0.1649221355214,0.123052851670082,0.160633402077534,-0.27286414263472,-0.297033986143364,-0.473209495619824,0.25081608612423,0.0199505420606711,0.146326830601902,0.104070525366698,0.153328061739218,-0.259818529157232,-0.272334500414208,-0.433242601500312,0.189151907514264,0.0356719098472135,0.155919841975808,0.150551578384525,0.204048791498121,-0.178623380052478,-0.198554502855482,-0.350100565043759,0.136616860719531,-0.00192808072395448,0.121210942733084,0.133466767455423,0.183717686247203,-0.121762601194275,-0.14329422558614,-0.308767705760137,0.329924585207207,0.0103643705178924,0.20904108069157,0.157735834305024,0.196843851866529,-0.307642481592977,-0.312823014552702,-0.513213277407536,0.308111433210499,0.00492709334677815,0.1849909855235,0.148085676608822,0.190202136087923,-0.283844678749557,-0.284149307676685,-0.476360849024361,0.347653530701351,0.106317095584234,0.357375709001065,0.338128783403376,0.400931028201449,-0.379679004201086,-0.373855930897781,-0.38606586283481,0.278112721863629,0.106141147662948,0.262256744880318,0.233863436193937,0.267745708228246,-0.311034712224295,-0.295112562081494,-0.242051739062277,0.392793328459985,0.0598986443373837,0.25866598102087,0.130724669466108,0.15377593213785,-0.392817378915345,-0.383021281798019,-0.504379913780572,0.341721912973353,0.0305615800957848,0.228324897074312,0.120871877999061,0.129899790697819,-0.348522596773886,-0.346244640816711,-0.450268311245026,0.227225063813972,-0.0189327410777142,0.169107296934141,0.190765625663852,0.174814593212518,-0.185013438395928,-0.158201097714553,-0.190502504357151,0.205955348016986,-0.0296447416355912,0.165121749492292,0.192289677073916,0.178935847749502,-0.181671677167584,-0.163601169045173,-0.184554857885125,0.424702419232985,0.0417721898950453,0.274515577638342,0.147042343076797,0.149075472221828,-0.40966436065195,-0.390508092003947,-0.475415996472537,0.38863086715218,0.0233557989811321,0.259165049029616,0.144359490464094,0.149556021379729,-0.380528344258725,-0.370421423548775,-0.46367967467342
"70",68,-0.0844113201539423,-0.107117623435824,-0.0897274455346962,-0.0869125847581174,-0.0830327555930029,0.0838536386032964,0.0683939549639117,0.0311743086981682,-0.165430945018811,-0.168458105382259,-0.175690296466292,-0.192489766246656,-0.200150547912866,0.179639339317355,0.159353472642385,0.0788233417133342,0.103458272163874,0.232083807042078,0.324022416804304,0.52467767666791,0.543551219796192,-0.132323044786205,-0.148909198998784,-0.220543875780876,0.112427129518746,0.224302163133303,0.332157246385485,0.514234836732113,0.543697238003665,-0.142453147060311,-0.153969602587093,-0.193200512993991,-0.0957704813983541,-0.101552149194398,0.0383404364470355,0.268681572336599,0.401157108900259,0.0799721349645276,0.046553781936851,-0.0835215557077263,-0.0381455945135518,-0.0740522338603052,0.145431221408722,0.4510380511447,0.567176177172829,0.0144272783383093,-0.00886488255991193,-0.209557492822451,0.0528770159340633,0.182595506458749,0.292917255751533,0.566636312464345,0.61098099037804,-0.0534577675900604,-0.0611944990961302,-0.106108766806187,0.0584830287391836,0.184239257288894,0.300720971313103,0.5763542348236,0.622301539204973,-0.0638170069177478,-0.0747356008015429,-0.147630475026571,-0.202694872611971,-0.157150923060508,-0.179888163407179,-0.173491099997785,-0.198309453924384,0.198252415221585,0.190435570834432,0.125296479505376,-0.149030357895305,-0.14507905994852,-0.132932449354039,-0.127410461730832,-0.144240059914772,0.135469986231155,0.128003276550186,0.0834335798108727,0.118448534089286,0.222231752832381,0.326899166694071,0.443845152776093,0.450046066969798,-0.114973607651285,-0.113529865219008,-0.138837868399935,0.0849876811293022,0.217158959903323,0.306334657243408,0.484686134603944,0.472545313569298,-0.0961602243962464,-0.0945218529634421,-0.126298530644115,-0.0435476569164842,-0.0155882100271686,0.13823795613035,0.351473377242643,0.402048010460543,0.0463996517545449,0.0374805339967097,-0.00890948477851214,-0.0195193739246668,0.0170569302535965,0.167394494652324,0.388179684801416,0.418145213372725,0.0145003110121028,0.00822298646267164,-0.000654056501180086,0.046867916506912,0.167574602262354,0.291287292108933,0.561013346779493,0.593103780483647,-0.0319903018245738,-0.0371803273191457,-0.0451820084398241,0.0460185619200952,0.167666320399361,0.257643348613852,0.518092246426425,0.573964646716911,-0.0266305436310543,-0.027227301104357,-0.0427748862674442
"71",69,0.263458350659177,0.267941065396282,0.220640590718201,0.184498607325973,0.103152922059782,-0.27111065480812,-0.191494659960276,-0.0179103517052451,0.107745191800486,0.193486251839379,0.0822987573303263,0.0460904000910251,-0.0355870538044282,-0.0947708944462497,-0.047645344379886,0.0426658075434445,-0.186382510088949,0.0767171162944195,-0.172100207828082,-0.136148932270926,-0.213640428577833,0.159430254241142,0.188748011508408,0.329016785741303,-0.206058749118438,0.0720877348040498,-0.188198041306388,-0.140831514302085,-0.206637036688176,0.169804611325772,0.18852363233416,0.323844098208842,0.0461355639145568,0.211346847626448,0.0296059636208521,0.0182073367882684,-0.219677036331392,-0.0268853109819536,0.0573985728169263,0.517518887843176,0.052684450027906,0.21761849061552,0.0583855408260483,0.0613649896199944,-0.203620589851133,-0.044028285072054,0.0410567558665469,0.56360269173617,-0.176700234942266,0.156999966940626,-0.175375888069132,-0.121168291053978,-0.169344265462305,0.174963959253233,0.201727314642071,0.309490835732723,-0.193821989438811,0.144223608653213,-0.176685673327801,-0.12342050318757,-0.173205001604853,0.183173870781947,0.20008359894344,0.317785893338117,0.197605580437668,0.547907518802422,0.171896304024686,0.138968770645966,0.0211371589531115,-0.211400038544885,-0.144622104310559,0.0452995988055729,0.373004268567661,0.608962900259928,0.323687062400518,0.270801102846924,0.140197360042996,-0.381914307205609,-0.295975485790334,-0.0209275197470006,-0.134180483541704,0.0794354517658557,-0.115266831583885,-0.0961721434468836,-0.16182236120029,0.131103508170324,0.150222419704935,0.277326825932064,-0.178911630746623,0.0919013235846775,-0.149998828477972,-0.118116412113906,-0.190267499435052,0.160783372356066,0.18352187256199,0.318003281210246,-0.0376197406587391,0.15742884877573,-0.0164690202424392,-0.0321877735177997,-0.157202351773306,0.0510941460034195,0.0935927135066767,0.377109028579068,-0.034024267659766,0.144399926422489,-0.00546199968892856,-0.0128368206971635,-0.145469881230476,0.0386025075959789,0.0879908030266357,0.381905552776152,-0.126161472264711,0.156185128843169,-0.129139975545917,-0.100192686066218,-0.134632527310527,0.128759317498515,0.145632197653437,0.238398114620116,-0.114511202242371,0.172541383248702,-0.130881197880448,-0.0990781870639749,-0.144183972952493,0.123395096721088,0.143472797435347,0.246282722559457
"72",70,0.255358757958439,-0.0708155870807187,0.166510460553435,0.132144026641852,0.122592752550104,-0.219109550772598,-0.173528456228259,-0.102156996562463,0.142906506302092,-0.153159505356822,0.0566229548872127,0.01749351406176,0.0143492919580386,-0.101766022857094,-0.0798037708296593,-0.0635732088862976,-0.256408304919467,-0.204980806248373,-0.266081007556894,-0.246867241494546,-0.292310487957742,0.230364121412653,0.249260315572642,0.325209478672269,-0.275072301932938,-0.209468068806766,-0.282768314512373,-0.250903951146987,-0.297915241823051,0.241773097946659,0.254920680782582,0.338049564721527,-0.145652538949515,-0.217809771943426,-0.287504297200502,-0.376363655239664,-0.54059156665591,0.187924300628491,0.248346767864727,0.527288750730717,-0.149348069538148,-0.211445164737741,-0.295855947107086,-0.389290244124232,-0.550511543376875,0.192225356182131,0.267098898705189,0.572731224281032,-0.223701396840252,-0.230572413758517,-0.278695309967845,-0.24500465241883,-0.270624368389853,0.247363094288342,0.26957399927832,0.31175200994178,-0.234773108058103,-0.230025310646621,-0.272855491196405,-0.238958142240553,-0.26761979716863,0.250868938428805,0.261096299091894,0.312333477268369,0.0917553276425583,-0.102885097392528,0.0391357398447624,0.0143770254760224,0.00460961525026859,-0.0771011965165876,-0.0578253955622883,-0.0361865709385176,0.126523120760053,-0.0852221221265321,0.0746208024800307,0.0454336962578741,0.0437899836710551,-0.113554250412118,-0.0993203915741405,-0.059765031421438,-0.217819703995031,-0.217645703877744,-0.230356345125779,-0.22185376428675,-0.257105058933626,0.214901067243278,0.222946994923199,0.266377565631962,-0.25598331972977,-0.226962001589756,-0.260742179658219,-0.244036952386605,-0.283459857568619,0.245522198771761,0.258415366096866,0.306372993607711,-0.249039987493218,-0.272414835963137,-0.36026672489647,-0.341548773265381,-0.392254026454172,0.278643998723091,0.293363479350945,0.376598864135803,-0.248448429959437,-0.282641441352051,-0.366072383319529,-0.335004549372158,-0.385445584033154,0.272398256200294,0.292651158078556,0.363322326905145,-0.193332170751401,-0.214665443399648,-0.257925131910815,-0.226296368293513,-0.234821306282331,0.216903784244941,0.228534378858427,0.237209133498106,-0.182462221162598,-0.219039118138342,-0.269028034614339,-0.242710667774491,-0.262449217056635,0.214707512019228,0.230881527090693,0.250087069453864
"73",71,-0.021042367882363,-0.0839815067401815,-0.0412446227752147,-0.048684239575575,-0.0772927987000128,0.0284922067485502,0.0359326354394849,0.0328460182404042,-0.107650517125807,-0.154103981816447,-0.12818928162686,-0.157638056872598,-0.197190634234849,0.129068615680628,0.127980821478893,0.0831951218077742,0.42538635128895,1.33076305780435,0.4385116604121,0.413828198037216,0.27775087091878,-0.533043145023406,-0.502196753587753,-0.0483716748567793,0.393145994267955,1.31193559120867,0.411532819143726,0.392396153690677,0.291435979983421,-0.510944174217181,-0.496120108326573,-0.133077022767859,0.27568953111,0.787318366033609,0.19458596502358,0.207209716552953,-0.0179000561472269,-0.358084146491074,-0.323780980029624,0.312957040409461,0.404576126265144,0.773348525190766,0.370764787431045,0.395894710307661,0.126029880022311,-0.517457764014918,-0.527350087320003,0.242263893097726,0.286044919300751,1.42281055434564,0.320047362193231,0.343217679356414,0.259924820848768,-0.351487381617773,-0.33570100006206,-0.0091057201125409,0.281993307345624,1.42343802204054,0.311553812075275,0.332131853268442,0.250455981566541,-0.354329271884798,-0.338209497947022,-0.00999989541449729,-0.111377526574556,-0.0128160278117139,-0.108592901224097,-0.117620945422679,-0.177103695134998,0.118434956672128,0.131491838373486,0.118206216154041,-0.0606233167991348,-0.0333798949152001,-0.0690890586076248,-0.0774031607804591,-0.130063390874504,0.0652912053666757,0.0765061900596937,0.0783244570611435,0.386118827601145,1.2507162973968,0.438290700160375,0.446560264146322,0.359823254599905,-0.485996627032303,-0.467248378772671,-0.110836537846977,0.343519725777962,1.34986727142814,0.377764722048336,0.35163270871217,0.247245633689235,-0.454384060254486,-0.444310917576367,-0.0799724370665427,0.164306146656624,0.63528862344608,0.0989616667543479,0.112153155638453,0.00543793887746187,-0.255271129577997,-0.272200707212249,0.134428894065236,0.168356162698497,0.619202932637997,0.121204622257981,0.130803213905086,0.0109650225896768,-0.273600498756025,-0.291446524423363,0.12991170797037,0.2952431138173,1.3321169508191,0.368526149666437,0.402884892350383,0.341365167321111,-0.365939226720249,-0.395001393679678,-0.111142845338651,0.270009413021513,1.3076865191908,0.336364249619149,0.374370620492587,0.323659286530326,-0.339120720532189,-0.36974713537596,-0.0854330401576127
"74",72,-0.0712840243202897,-0.0871110109402943,-0.0816805448207037,-0.0837359835582067,-0.0866922121433691,0.0723921913825701,0.0626973602957382,0.0324416554613032,-0.151448129065011,-0.145544490243098,-0.166229159986384,-0.184965079452365,-0.19899136357071,0.165435575996677,0.149127296822474,0.0798451000198288,0.346444424475297,0.290503853474436,0.580921724099103,0.832234141069328,0.782300320828472,-0.417118012916724,-0.408764121982344,-0.23669562185598,0.373690111992042,0.283271130826096,0.603671580947293,0.812569816070307,0.792891608283401,-0.444781482538301,-0.427107224222315,-0.243506515854998,-0.0936724584723313,-0.0380804259126207,-0.08110920750955,0.072838308654851,0.0376776484793165,0.0768172990257559,0.0992112746578565,0.234686686406447,-0.0513372742896116,-0.0109234024838378,-0.0132094580367502,0.183053514147999,0.141076691861377,0.0323539282809378,0.060142718076673,0.235900072362739,0.234249066442735,0.245602179858998,0.439139308876027,0.766651065859298,0.794889649749539,-0.266491708708348,-0.262843092678159,-0.143270301455979,0.261840038720851,0.247070319500274,0.456828029142213,0.77342562851684,0.809117156494498,-0.29056631031931,-0.27444959480608,-0.168432311593424,-0.192832806038125,-0.142009722114185,-0.17446509627631,-0.169620230896043,-0.202193527824173,0.188702059435068,0.183508418299202,0.125583973938627,-0.142039996174514,-0.136341958267903,-0.12936422409938,-0.125246180202133,-0.148937614373716,0.129353074972342,0.123985822395123,0.0857313040828235,0.327200070361111,0.217279030385716,0.533835968702213,0.701679561511884,0.687662602528306,-0.350031447216505,-0.332540077566426,-0.2920102170228,0.341257607675961,0.246387740410993,0.579445013697895,0.81762433337785,0.799117820803666,-0.38894989904529,-0.389690918203785,-0.317617789846923,0.0677788809927432,0.089256488586182,0.172595555275122,0.335324074481977,0.321995910157013,-0.0946231510665587,-0.0914333604826188,0.0449278563620258,0.106571263676978,0.139356772150484,0.240340747233326,0.430071768539765,0.409941994383417,-0.15579156730963,-0.1680483107174,0.0130299497846028,0.225434157404915,0.173451140300351,0.44330872298779,0.744670303815251,0.778232974018039,-0.22535824020165,-0.223854038071221,-0.176803841379634,0.215698341721972,0.182380876649095,0.41112418328462,0.719611751371815,0.777085178281778,-0.224103413715969,-0.229867646304854,-0.17637543709351
"75",73,-0.0598924244243296,-0.120888467356521,-0.0725909462891942,-0.0779183401161159,-0.0950644288507856,0.0620452258019984,0.0587706848615056,0.036753151626675,-0.145955720980076,-0.201461857822964,-0.162806545547008,-0.184381795225889,-0.215712135233574,0.161996028796185,0.150735279266413,0.0874882556900268,-0.15233379330404,0.13238762059319,-0.139343644291587,-0.134500423238241,-0.208318318453311,0.127418254352604,0.154954532120279,0.299245904294315,-0.176608233254805,0.131662259514349,-0.162150303019707,-0.143268657307587,-0.205808881323998,0.141531800422789,0.15917867725075,0.295207579736852,-0.182683060039359,-0.0122473768167538,-0.219811797717149,-0.265564307578028,-0.469350093401928,0.162109181595112,0.218122490119464,0.583327850138291,-0.153579089089417,0.000591954674008038,-0.192357069645853,-0.240719408512155,-0.460375698544085,0.132186230108913,0.200193071198124,0.622323258041802,-0.198527045174998,0.179701592887244,-0.179849531925187,-0.147905738156156,-0.191585727217608,0.186671773982225,0.2062165459739,0.300444377616138,-0.212551940266262,0.182448424389129,-0.180075710224504,-0.144939314958199,-0.190996392144967,0.191828050707495,0.199909646326034,0.306523146755381,-0.169963430802736,-0.140346933508413,-0.157737280714726,-0.156408921556684,-0.20214749216849,0.167361281778882,0.168540753249342,0.126124755303448,-0.111785266376472,-0.126577101573807,-0.108351664326824,-0.108441893453588,-0.147639337220799,0.101852562789634,0.103264750288248,0.0844227237376598,-0.128060215616082,0.117737432564438,-0.106738498908167,-0.10845339759177,-0.168407990169726,0.120021741122838,0.134824202930968,0.253402525481283,-0.186237326879876,0.124607796276395,-0.151554938582002,-0.137487213245345,-0.203313498685086,0.160864357276778,0.178713386328804,0.29522548965664,-0.291821648029502,-0.0876257334298756,-0.301810451609391,-0.259540416402415,-0.347360194497127,0.258738957566845,0.266418444804415,0.459311811606261,-0.27380393923329,-0.0851896948340697,-0.295663294962611,-0.252178355836399,-0.34407897303167,0.237335359964194,0.258832101813365,0.460467968253198,-0.171231801702619,0.170221654965108,-0.154045872420268,-0.125085080396536,-0.153469439298412,0.158966787242348,0.162233372055387,0.237771043592751,-0.169221909773492,0.166004795451675,-0.171829968755867,-0.145254827742939,-0.18182016160225,0.164812672570845,0.17443105749878,0.253318770805173
"76",74,-0.0414769205988318,-0.10278321030498,-0.0561756950649732,-0.0639786120680316,-0.0892093877962836,0.0499125977727081,0.0500649503886346,0.0364196494279498,-0.126610834651722,-0.177407861465585,-0.146555195599674,-0.171099147698775,-0.209590950761943,0.149553927044065,0.142144193526204,0.087282010360569,0.0988564461361083,0.625244499263611,0.150683528521973,0.149076248852431,0.038154546589384,-0.142493177786874,-0.107438853412831,0.169107843444989,0.0781118337082322,0.61650058723782,0.127736979414154,0.131700436557136,0.0397439466051699,-0.129873531930967,-0.104229841137884,0.149904804329651,0.0557048060449989,0.324254098533551,0.0393194877783992,0.0465880578384794,-0.189598460516713,-0.0851684972674983,-0.0311047805714314,0.47910193080355,0.0985324515864248,0.322607587772217,0.105445399303246,0.116444488596105,-0.157458110845304,-0.132515484378743,-0.0799657572579401,0.503321349517344,0.0208937530704133,0.710681237302185,0.078658741873153,0.107494165389781,0.038969769708737,-0.0421043435350182,-0.0184483079627977,0.183177697376352,0.0165110048878621,0.699606574225252,0.075756109558662,0.103616240642846,0.0346417529103771,-0.0420880579677744,-0.0227879545804633,0.185994771138943,-0.139028943727135,-0.0530432329486333,-0.136085456376629,-0.138479848798436,-0.19357841640849,0.148822260212768,0.155507564679243,0.125805337933371,-0.0830418414556306,-0.06062332348602,-0.0899357779054718,-0.0935603588319071,-0.141961233519747,0.08834947078817,0.093723969104122,0.084333852555195,0.110691717683966,0.580523189666011,0.186411891023865,0.187164498856629,0.105241827122072,-0.140022092489896,-0.117249060553464,0.110293852543561,0.0540423736093803,0.627679907572895,0.122415273267695,0.128059740921604,0.0376360478039856,-0.0984158802979244,-0.0780591592102683,0.152400158660681,-0.0727065280867456,0.213420072816586,-0.0815030789132637,-0.0470543688308672,-0.163396264653746,0.0408027395882844,0.0497554953678886,0.341036001292612,-0.0640566506660041,0.212210338744498,-0.065076436481877,-0.0274203670073867,-0.1446100398451,0.0202056318972768,0.0320923024743514,0.324281871128812,0.0485138613196539,0.643945567193192,0.124621489821345,0.151114492755308,0.0981778949629166,-0.0662692850363844,-0.0684833906852656,0.101313382206259,0.0345406785261849,0.644698666323386,0.0951904713178435,0.126002556365812,0.0744260101341448,-0.0508599956204914,-0.0526848573630336,0.121703562323152
"77",75,0.126445662258623,0.359321040469774,0.172474881397003,0.204359814051015,0.168285666797097,-0.178740057254497,-0.160468896767805,-0.0611686017026962,0.000786697563971297,0.24225958277368,0.0407443179267132,0.0667362900973392,0.0286640153552423,-0.0215629675115341,-0.0255156177977689,-0.00424824687527443,0.03166783594595,0.0180040606878154,0.162004507111837,0.358045852463098,0.39066871125512,-0.0618374083110317,-0.0742897671618401,-0.17407273258825,0.0282499361542802,0.0105844372079278,0.156344801341162,0.346572363545839,0.386852675621475,-0.0609647761953581,-0.0664429169001881,-0.142828745073088,-0.0613752403278943,-0.0576979460696707,0.0428812667296148,0.244086347457684,0.315882111145895,0.0381620022594263,0.00902110647929597,-0.0866664181247569,-0.00472396153188104,-0.0365094257276841,0.16084101964835,0.451496817631611,0.523787155740146,-0.0142321607433706,-0.0416944670983338,-0.184327919243893,0.0972682949047191,0.0389875873414065,0.252828061503059,0.43506720081,0.482559361924833,-0.0956580251437274,-0.0972264601016311,-0.207286289952985,0.0882320649543456,0.0298904669605957,0.237409368727556,0.422219033373816,0.475276666532213,-0.0887833067521061,-0.0909432372919507,-0.202997192210084,0.0536042882894621,0.298709707547977,0.109020780653041,0.128226892154166,0.0642714081313913,-0.11117157265836,-0.0947429095509433,-0.0118382506382998,0.0757165611596675,0.248239308912304,0.101456639005424,0.107855128747141,0.0556757863592864,-0.115343731366733,-0.107869131563445,-0.0323858411998728,0.0740747613645572,0.0129903857497495,0.17859202635761,0.279407881355065,0.284554528762094,-0.0724655252006023,-0.0621418491096123,-0.08471157394207,0.0498282396862944,0.0186810409275715,0.18155402059309,0.31846263578242,0.323970644186024,-0.0623189602820463,-0.051708773950705,-0.055671101277367,0.134327186427932,0.0105030505800329,0.447277273150498,0.704056784981377,0.737719386283405,-0.117321468324627,-0.107228154009855,-0.103440392367208,0.115404636655587,0.00630683489864745,0.426400453812297,0.705546750202963,0.734455056215709,-0.109106014092278,-0.0979436652183936,-0.0899545201683305,0.128418455168044,0.0366722142116342,0.266612639710879,0.414379598979442,0.442774540205896,-0.108272145256819,-0.093738860563396,-0.109496519286983,0.127220899010658,0.0433247975414413,0.280480579536551,0.436183063715622,0.481432137869535,-0.112900845567915,-0.102039295118805,-0.119203955652183
"78",76,0.468784271319027,0.0679012816151184,0.496101644421515,0.559803518659717,0.592005557121893,-0.495596277920321,-0.517508328665117,-0.400850177099979,0.344335575074321,0.00774282841818169,0.369246213145255,0.448885530066819,0.496045673934503,-0.363894173463776,-0.355817672785438,-0.36396836946452,0.0966017971563496,-0.0538845405266776,0.0353181219140199,0.0639203806561691,0.106846840248567,-0.0942889768815153,-0.11129029362092,-0.29472587176715,0.0892448883474556,-0.062116136498368,0.0222874882670146,0.0504212336597726,0.0954548989887342,-0.087195569060645,-0.0977424560240352,-0.285154291738786,-0.00105022900401743,-0.069429519597698,-0.0157156394062624,-0.0128265315851734,0.0511330329298521,0.00755718396674964,-0.0124914476936083,-0.166726085629167,-0.0127056142581532,-0.0846810314056884,-0.0212407644245406,-0.00776053402038716,0.0398027988709065,0.0238422286068723,0.000219544538046908,-0.205798789730612,0.148343540396504,-0.0738878309697776,0.0657067492994742,0.0816523246121234,0.124489288685263,-0.104829023446659,-0.102849856702417,-0.308745453961896,0.131396295838884,-0.0764516452767604,0.0536731094694972,0.0781565925803619,0.120167616902639,-0.0913637062857919,-0.0902335251126333,-0.296063870786649,0.275836547310396,0.0478573214064404,0.269213711436107,0.273486792112337,0.301891630294319,-0.293830188341894,-0.28875605067534,-0.291899463544807,0.223421305396778,0.0541666876771126,0.20074925843457,0.191858533417436,0.206050840770429,-0.245966018834859,-0.235103993515409,-0.197839275518946,0.166043293574574,-0.0499245807159839,0.0783576057505514,0.0527228561300214,0.0656876704857746,-0.141656044229584,-0.128100260466033,-0.22592485738817,0.114753291315736,-0.0672898049929628,0.0500240587850879,0.0382969890572828,0.0437167805855793,-0.100107310677628,-0.0893805743705755,-0.16118888680075,0.0719115158011062,-0.103476020353942,0.0748788788051961,0.106461903377253,0.0980188324611481,-0.0298587749806347,-0.00824788132278461,-0.0576461872984146,0.0602625420038954,-0.111963421314072,0.0691141610167664,0.107596838080106,0.0940496852671549,-0.0313554459959622,-0.00697873388373749,-0.0589632655622958,0.181358898187192,-0.0572298103564305,0.078109508231343,0.0645721336440802,0.0715953995329348,-0.136867990235471,-0.111974489777027,-0.186230992366512,0.16555671987076,-0.0676107349414903,0.0720792834740193,0.056884796580717,0.064082201369189,-0.123461293583449,-0.100665240025538,-0.186023430707454
"79",77,-0.0925783212818213,-0.142856518947832,-0.0933253023928722,-0.0919726228845825,-0.0874295493582715,0.0808904438802581,0.0685510986141951,0.0330529352677505,-0.129735762663986,-0.133746100423319,-0.131375031144114,-0.148114762903869,-0.153328366144293,0.124659791466619,0.115384373536378,0.0593689528847003,0.206456098872821,0.25607440152266,0.206697537043283,0.11151490998945,0.19884372127881,-0.0282564589032047,-0.0635520601639565,-0.250048057296547,0.262239762129419,0.278244020691011,0.249433867972281,0.135926239487675,0.218573185020259,-0.0436247876064724,-0.0744279824593083,-0.272433984760177,0.0704924460785382,0.121012571277797,0.0779611770691462,0.0176350841097289,0.0477829075152768,-0.0153777459374625,-0.0394361437460926,-0.13326187765314,0.0993952765114021,0.134598708164754,0.12450493927136,0.0518499916069925,0.0834092082198622,-0.0399311821733423,-0.0602169165421091,-0.19002538619772,0.0556923602833048,0.0923247645273556,0.0933860912285006,0.0376424935833293,0.0768467636574537,0.0736259163361674,0.0566285433996114,-0.0925725242105859,0.0765473518459315,0.113823567139154,0.0980001723469793,0.0397472971387775,0.0791911708446747,0.0675578609741975,0.0468930474692248,-0.107992893287865,-0.192812145503285,-0.169447175340753,-0.168305092635938,-0.156819208049712,-0.167626025010708,0.185034960649728,0.176726080351798,0.114903044437625,-0.13126110202798,-0.141101086331674,-0.115515712747326,-0.104497356811689,-0.113943935106661,0.122937812675756,0.114951266513769,0.0726889329321711,-0.0211423736511535,0.0206858369470061,0.0243866421444223,-0.0247058054696492,-0.0160144234751195,0.064401634842764,0.0591350172467753,0.0327133636994158,0.0850145566699452,0.0965328041777723,0.111599694653178,0.0315654400038039,0.0419215715135386,0.024252315523882,0.0121136330275297,-0.0517627931800683,0.176567988269973,0.169467617374002,0.196626477364552,0.0712003427089297,0.047006151718984,-0.0950341653700202,-0.0722608756416608,-0.0804818479465616,0.239107379111481,0.247629176961778,0.270225728382292,0.122590052031013,0.0938904337631619,-0.17070408612567,-0.149919770593908,-0.148600848179884,-0.0797064333097929,-0.0456588471085916,-0.0355023143041138,-0.0704831333622627,-0.0614451501663241,0.116663410454279,0.112635923258518,0.0951331617921772,-0.0838808230994002,-0.0555855194630796,-0.0466434042412289,-0.0798844864926331,-0.0762444520457398,0.11966082485169,0.116951582624522,0.105427768298359
"80",78,-0.00417161998599463,0.0274795697500423,-0.00249678782561716,-0.0139478024606371,-0.0283365020696374,0.0123055830691459,0.0194724794396499,0.014874183443268,-0.0430062402726787,0.147017191661281,-0.025117020206988,-0.0509215355678652,-0.0878784032315063,0.060360796172772,0.0708279226400774,0.0481205761118126,0.263613360675148,0.699783553204663,0.311957680123494,0.341915747521951,0.293755511262869,-0.288643933536484,-0.288669477931932,-0.151112596075038,0.271013467150055,0.681606553888138,0.323685748634155,0.347022020850453,0.315110249236394,-0.305339152506544,-0.304819302391721,-0.166293007946079,0.28493555490257,0.475474414015168,0.266880653961883,0.227260050599092,0.213701379813195,-0.305352615468068,-0.306559477336938,-0.0244175682417161,0.222839304671478,0.4799919017548,0.188594421224369,0.147539993467183,0.108275469391401,-0.235548020505629,-0.218412254480135,0.0541710525216879,0.152429761448003,0.5094796711131,0.209214029683032,0.24953073907141,0.23158520623338,-0.193676309857802,-0.200601603430018,-0.0896379788548917,0.149542308533002,0.519987974962249,0.202550284248626,0.237533176289439,0.219293756107338,-0.196554790680557,-0.205116890970914,-0.070524434873147,-0.0818159062442024,0.0147662303330388,-0.0519497233261189,-0.0583134280123066,-0.0842105011298305,0.0819836335347989,0.0870024341013523,0.0519328159791537,-0.0406129576509109,0.0387147922233307,-0.0205399238837926,-0.0286775694810445,-0.0522261641412735,0.038214980900154,0.0421811374176356,0.025046486662953,0.247350895162045,0.702899464025228,0.308376120512765,0.342665197183259,0.344148912618575,-0.251531853213266,-0.266946112276856,-0.368851479503427,0.196379467396942,0.602462823642217,0.254431796811087,0.284023634095076,0.28262152338283,-0.209223965385414,-0.226998879174713,-0.304534518505395,0.0745664505284465,0.435231258636276,0.0469521883414923,-0.00047346431294594,0.0623356152241983,-0.121992592595512,-0.144556752894669,-0.18849004739199,0.0847910733573825,0.503113474309809,0.0484059672461299,0.00851208772193893,0.0762833196995066,-0.146730208750089,-0.176452760205256,-0.217697665881491,0.137861615307101,0.451621758956045,0.206730034520137,0.245255737609437,0.250641224069932,-0.179790916224343,-0.20844135294873,-0.228145225546751,0.110422304657309,0.432218586379977,0.17028985719553,0.22172359127816,0.243871341272272,-0.151705641333526,-0.187559339199306,-0.187108835078414
"81",79,-0.0404675729412711,-0.00213103659165559,-0.0480677084383731,-0.0548370203436749,-0.0814341717285849,0.0459864734453847,0.0462686255115369,0.0339419707277667,-0.119027634812935,-0.0439902453486926,-0.126219523780501,-0.144941508733283,-0.188533155679543,0.136928373681183,0.130680483467455,0.0823374183395272,-0.0129585768497528,-0.156681130177504,-0.0413368907405031,-0.0996057349475145,-0.15218739233494,0.0849573661115955,0.110203109420687,0.211579315477896,0.0273657986079101,-0.146241970332461,-0.0147096734788473,-0.0817103609769957,-0.135231835288478,0.0726815023451732,0.0970238981464353,0.203661584180189,0.00782430317831855,-0.102518903706883,-0.0798259713247657,-0.228661989582678,-0.427072761699172,0.0455232889414317,0.113695545787319,0.47400983547467,0.0492938750709188,-0.0890973039066162,-0.037287302396624,-0.212629337196139,-0.42493187735414,0.0146398574344457,0.100150842080143,0.501785102961333,-0.0826923081109572,-0.195408405055803,-0.107974374424811,-0.142666714875498,-0.18177989812156,0.158157048358648,0.183671542402788,0.251524571488505,-0.0623829631380302,-0.184973025285906,-0.0925726594188295,-0.132519865862853,-0.173100828500852,0.150963063065197,0.166379167062715,0.238534747410608,-0.151501846025273,0.005990653572006,-0.134090101953997,-0.133798066675846,-0.186460329838976,0.153732711323279,0.156976411925919,0.121207200246829,-0.0875651373899392,0.0115210651678145,-0.0832501387778782,-0.0880327383064794,-0.133005716679737,0.0860449276497835,0.0900761437463762,0.0777922519464058,-0.144202444343241,-0.198766337347437,-0.127197210311991,-0.149131519935388,-0.185880365714577,0.140280268823418,0.14975468575203,0.213722930378935,-0.101093628124719,-0.197450339478332,-0.0998694689215239,-0.135854870997779,-0.172435723475527,0.133706299065575,0.145887302767061,0.203423308917478,0.00650837015709101,-0.10700454154893,-0.0896238221756483,-0.205991270140536,-0.28983295892106,0.0599914260960322,0.10383724889541,0.255193983531898,0.108384170949288,-0.0781556124656537,-0.0134336887229828,-0.164282251922744,-0.25604434397621,-0.0266669209321436,0.0345581184583504,0.193560976141427,-0.16168731647446,-0.208211741451716,-0.168565451607553,-0.172662802518036,-0.188800295919609,0.168089075622326,0.17583794995033,0.210523343901476,-0.153804416800005,-0.210101563211655,-0.178564496490052,-0.186956614096186,-0.212736304230268,0.169320629762414,0.182703446280844,0.224775211419609
"82",80,-0.0602560090677369,-0.0465528313327133,-0.0627046718301335,-0.0643000371758252,-0.0611998107431343,0.0614855240016453,0.0528139910323836,0.0236178623600845,-0.076144671501487,-0.054272308849547,-0.060458010052957,-0.0764938250963359,-0.0762138958087062,0.0794419011585038,0.0743657100721022,0.03386225764396,0.415758668742796,0.46606666498296,0.71850880923751,1.09701579073224,1.12524676230533,-0.440926811866103,-0.475424248303977,-0.519727749746312,0.445340958239396,0.46246381160343,0.75467391012343,1.09433394463106,1.161003137461,-0.470691684294186,-0.490928496316697,-0.565584181900491,-0.0225362111454007,0.0277929053445704,0.0318240963191656,0.207363444509104,0.281933059249385,0.0180080259540578,-0.00078520560383785,-0.0611324613854384,-0.00403572512345131,0.0402740992902772,0.0539375696648912,0.256388633845915,0.251612112958844,0.000663827754218925,-0.00919226003090845,-0.0722906540610605,0.314447929793818,0.330673142535736,0.577745641525102,0.965157497459116,1.06282409727969,-0.290511036477152,-0.30671792893182,-0.395281096766061,0.329339620855445,0.347663018769797,0.594105044458447,0.991932466977228,1.115715657574,-0.309855116797876,-0.328440552629919,-0.410182381967389,-0.136104497572785,-0.105256753227748,-0.108102103866756,-0.10557077736701,-0.126055756523551,0.125589820677417,0.125033485178829,0.0878115738755078,-0.103528102500351,-0.110194073141666,-0.0814937422761887,-0.0782404681487785,-0.0940907913683753,0.08807120871511,0.0846463709568099,0.0582500827225349,0.405188643484357,0.39523371800638,0.687723882967093,1.00042398845204,1.03632756911938,-0.385108797819143,-0.378289249026224,-0.448708053521676,0.425723189660878,0.41648007833109,0.733428424322123,1.09542878585634,1.14040840607218,-0.418045280440698,-0.425746361465438,-0.46135530502823,0.0994613153687726,0.125241746156025,0.249911063912685,0.39002304156888,0.420022706385483,-0.105937271746296,-0.111398843934428,-0.07931022138052,0.141522462037704,0.169892529798337,0.303717331816074,0.461498201791994,0.473493381550117,-0.158623269566786,-0.158517051582521,-0.117481215034306,0.284270486080429,0.262254372330274,0.576082449495963,0.964740427305383,1.04147319206787,-0.240130996604578,-0.241802039197046,-0.279429683682754,0.272597529578392,0.243514794342417,0.527610158515678,0.886809409167633,0.994522409226552,-0.231829508527475,-0.226829992296694,-0.259430969151052
"83",81,0.152905115438136,0.468970588221508,0.156899627370455,0.141719147043593,0.0945668904588531,-0.165839035664361,-0.120689083780342,-0.0416824114010831,0.0415667986112743,0.423360386999356,0.0759364873436803,0.0700731519467104,0.00720266745329574,-0.0401861392280809,-0.0136042267181914,0.014178995521491,-0.156572756875501,0.0362429389053875,-0.1090915225447,0.042528572470752,0.0469448867559352,0.101424677850179,0.112211850696575,0.19099292051897,-0.165322566535775,0.0284887851951749,-0.114997880754201,0.0435642962272353,0.0515314965153539,0.103924441436903,0.112918146790931,0.195275394562225,0.0843273651605231,0.218975546272463,0.160052016881545,0.386068579852365,0.429256396876703,-0.107718736575699,-0.0951288791627452,0.130802977576294,0.0377182552965782,0.217953414568465,0.112800514967433,0.31884317222955,0.336766952568383,-0.0578290914959151,-0.0332245865649272,0.194457036532947,-0.10995634382584,0.0817026385264363,-0.0628628254456047,0.0677826370883846,0.0787180423683164,0.0675981494141515,0.0774491267108635,0.146272099047106,-0.128715479416534,0.0725609941430409,-0.0704932346241682,0.0639454701820837,0.0762610056272029,0.0793472721696487,0.0813214149382551,0.159871548462932,0.128928693598013,0.434517313031909,0.174691979262998,0.170796683022387,0.13129805258581,-0.166390857126599,-0.146552645794735,-0.105662192809739,0.16095109752037,0.493530770208145,0.185517740788921,0.167522773505142,0.131872125190932,-0.19423496846506,-0.176972625006752,-0.115785521383997,-0.123143321166298,0.0488549001107853,-0.078995437945495,0.0377350115676045,0.0722252099178183,0.0939776093902693,0.0942540325099649,0.0989186562781398,-0.13773396851105,0.0539436644134441,-0.0706853176429185,0.0626183738518223,0.0953666676359412,0.0958080929761736,0.0959796798770177,0.091484686899938,-0.0246909486966959,0.276716411911576,0.0833977358787699,0.232451953960865,0.320667438873214,0.000635383135481782,-0.0201150089307764,-0.0944865708095357,-0.091843404709049,0.212987413042457,-0.012668488116913,0.154332611979036,0.247442100183995,0.0662883176706322,0.0522126815411937,-0.0170040796041784,-0.0825725097752532,0.101216969168925,-0.0284900795457302,0.104460740426238,0.142629448598569,0.0435907242619429,0.0377798338465684,0.0507283703313345,-0.0714388251587477,0.113868439980321,-0.0170270210697991,0.12663563080916,0.176136652098593,0.0318582906839062,0.0258282152863981,0.0399614529529866
"84",82,-0.0397236043729116,-0.042722726839446,-0.0209486823519591,-0.0166406204047248,-0.0141168958549112,0.0344836032069545,0.00857512484584826,-0.000845205594700485,-0.0780073801068898,0.00814036634291276,-0.0372630141479221,-0.0379622739991976,-0.0558832216370544,0.0875198682200493,0.0811959364743783,0.0346146925604137,0.619919695049567,0.572618916751269,1.07810972338358,1.36811249320324,1.38193168594335,-0.637365812963553,-0.676836675230093,-0.822213325181438,0.65948195751946,0.566473008606859,1.10514991949604,1.37756075130639,1.42213979755904,-0.673669631167831,-0.68895197173655,-0.840569846594523,-0.0294482046880927,0.0103349040065073,0.0766819634805482,0.197459997150819,0.237758024979871,0.0284407736337081,0.0182630000759699,-0.0764511630829652,0.0180932725032792,0.0406837797470479,0.129600384254061,0.273453679436698,0.308632033230847,-0.0152658501579376,-0.0250768237208209,-0.137717519069948,0.467921455311083,0.422149516882161,0.912394411386607,1.12331531029476,1.1822460126557,-0.432014706036345,-0.443689373850268,-0.580647966789909,0.49588337304335,0.44278581760793,0.933481045117764,1.16239031728867,1.22687250696901,-0.460651344551022,-0.465392812762148,-0.61226809979998,-0.120174050182077,-0.0687263374461146,-0.0756729323543406,-0.0679597133287204,-0.102007354944011,0.117418342095404,0.118818461945784,0.0835774316555139,-0.0902081160512478,-0.0847844090600933,-0.0569323490108459,-0.0506331901148302,-0.0763614373310151,0.0800254976312801,0.0786519697718627,0.0549567377392068,0.546234784957104,0.483872797464902,1.01613486269991,1.26606243342963,1.32659431629693,-0.524855291361183,-0.511348515339676,-0.617711521343633,0.575429484259759,0.524030888021975,1.07181566205879,1.28427436767827,1.32875173677744,-0.570078374771001,-0.578265371710225,-0.650504897130162,0.201373392624691,0.137379214607253,0.505244823627773,0.531872073078479,0.543750955647659,-0.210991287463652,-0.205303759820823,-0.178933105659329,0.250909570224372,0.189615695757187,0.593209925124644,0.631060665133689,0.643739701728394,-0.276562500376242,-0.275177671524271,-0.224258563625959,0.397059975795215,0.333722366477273,0.87585967074693,1.15454780630752,1.20393829753681,-0.342567706904013,-0.339142750658188,-0.389004987780515,0.379502289253201,0.32439404867445,0.825122000807192,1.08382993538647,1.14798514288832,-0.333612067887339,-0.329762299398304,-0.383582944204296
"85",83,-0.055663584371919,-0.0334311308089847,-0.0511355268872517,-0.0503903243513194,-0.0510479141559581,0.0576544617100806,0.048362351348231,0.021568626108938,-0.0580713730509472,-0.0294838638905392,-0.0128127475188496,-0.0160927808862805,-0.0263656091822542,0.0593900594127182,0.0588830417122226,0.0249919101768667,0.499753216779549,0.577065967409504,0.888954366682099,1.31077958772304,1.34515794325174,-0.540000707093965,-0.576178561248263,-0.65994363135561,0.532677948254138,0.569635805304652,0.929348791846185,1.29907058104555,1.36236096556408,-0.572754283987675,-0.591340450267153,-0.649307421179463,0.0249933995809874,0.0800755946025107,0.109423176818271,0.237230380960373,0.307524227104932,-0.0312537550530927,-0.043663202096258,-0.0733563323235207,0.0440748998996757,0.0922762746331139,0.129220555094675,0.277995914102339,0.354455535942227,-0.0498982941267052,-0.0598156602745303,-0.111881213870921,0.388652337915293,0.427167172819498,0.72161727595681,1.05748600405101,1.14583092803076,-0.375323355226784,-0.394208664829866,-0.479533316514254,0.409222354353495,0.444348343815381,0.736648664024251,1.06937831636597,1.16471686433588,-0.395624490642391,-0.413608355831676,-0.515954045128465,-0.121020547063723,-0.0897486113844401,-0.0811531283391231,-0.0764465788135123,-0.105289872845654,0.110341344075481,0.111263187470868,0.0799791497795764,-0.0921208121790203,-0.097063151249017,-0.0620253715144263,-0.0569682461484953,-0.0786833889282794,0.0781482921848096,0.0755902047092553,0.0539034979148866,0.484691938741986,0.494837165720103,0.835519488376835,1.21990958564279,1.27530045161846,-0.471712329933323,-0.459328946111429,-0.538687064705055,0.517577985447004,0.52256034555784,0.904675074622477,1.27931034159902,1.31441202105178,-0.521425983637235,-0.531824188858146,-0.592251163186958,0.171971241870109,0.208684735979154,0.371208974346181,0.406383684360448,0.402892648930635,-0.181630892040291,-0.182007269891285,-0.132086804324484,0.213772944088156,0.261248085669139,0.438709651871967,0.491504818392434,0.483300226980365,-0.24051230324929,-0.247748820525155,-0.171784435084418,0.355864872918973,0.345619791280525,0.717208206194175,1.04211492115363,1.11567172774916,-0.312734661998161,-0.309066193686975,-0.335006364990953,0.34045664145055,0.325923294492981,0.67055024280759,0.969891359451651,1.06292375506733,-0.304782953042458,-0.301143225354458,-0.340070919409004
"86",84,-0.0011028362291523,0.0333046570092511,0.0646106582706405,0.0859760366342361,0.0741087258105662,0.0162644908240864,0.0125077942613977,-0.00178589306047195,-0.0928968970807278,0.0541509552190343,-0.0269006931568678,-0.0115577955624779,-0.0395947100665364,0.115189972549345,0.101526956815764,0.045820466740228,-0.305906483184542,-0.164713248144064,-0.108861584314439,0.022133018249119,0.0372802417943433,0.249419459069074,0.240282259256517,0.179882013166102,-0.320032389699785,-0.168486089583859,-0.115116229119222,0.0177487245043737,0.0357451409567549,0.256124885954669,0.241175004160732,0.184793999743111,-0.172375821084067,-0.136043843895489,0.177901134886601,0.395153482355311,0.468470330664561,0.169564195539117,0.128674711128952,-0.113411280678769,-0.19646527069237,-0.107569475260356,0.111501629114668,0.289871938424744,0.32629640048683,0.190124399430025,0.141358085578738,-0.103979266321566,-0.295409426474707,-0.168120277778538,-0.0703684219439077,0.0587621517563194,0.0783942435557091,0.275966946546041,0.271351864028532,0.195561219847618,-0.309695507418679,-0.172540213592481,-0.0764318633237412,0.0511972543457438,0.0698692483216806,0.281256404018893,0.263920640455272,0.204594335442237,-0.1153067212786,-0.00526492554546715,-0.0449569487363377,-0.0279825974435236,-0.068474513317542,0.12850337297455,0.124300469302587,0.0807679926462654,-0.0808283153265733,-0.00865691939877719,-0.0351731172019172,-0.0258454309276316,-0.0568606766844062,0.0897377945843321,0.0845435635438349,0.0531541607478362,-0.263645714370976,-0.173284428614699,-0.077380363901767,0.0120331864962179,0.0174981973362712,0.237398952522649,0.234356153729656,0.230414819384954,-0.298489826790989,-0.176862365031672,-0.0855515988423433,0.0296476255401304,0.0328035936457203,0.263660126358587,0.264985916174611,0.256711165655789,-0.283707151781408,-0.151260224323778,0.0595540636739072,0.184039519635616,0.185745410670887,0.280362974617517,0.264184690785908,0.16981872153505,-0.291501150285289,-0.165263480596884,0.0189772332241105,0.160351670696527,0.157140388047248,0.280647311872989,0.272522571381524,0.173682047999265,-0.255660418094219,-0.157963175279615,-0.0290675517916267,0.0914621040110526,0.100020529330728,0.243248490808813,0.2425247941759,0.227328352823311,-0.246839420357855,-0.152175649881868,-0.0327981555497498,0.0946303451988748,0.105581475242256,0.242543431932485,0.246960894307209,0.23753269501085
"87",85,-0.0710932721280694,-0.041062005863944,-0.0733445575201583,-0.0703780032841603,-0.073478805447115,0.0793273611002932,0.0670818743198305,0.0300154525775946,-0.107401535108603,0.0209888812211923,-0.0739177972114893,-0.0611556284653827,-0.0872637730099895,0.123716264965302,0.0870248506064182,0.0443960716933645,-0.25218880029303,-0.155865081557532,-0.0397866582118287,0.111068390828056,0.139685776271747,0.208330451195469,0.200307017376375,0.13837684689433,-0.266807116797102,-0.15934916173596,-0.0418833035954961,0.12474835556055,0.159298239665898,0.215360542734529,0.202060877360251,0.133154922806581,-0.128666012959886,-0.134843464977042,0.194395710578022,0.496349706482036,0.619029787508432,0.140792626113288,0.10991927071635,-0.0823943193069865,-0.127603258768147,-0.135066240550632,0.199802668039359,0.508870332093351,0.601646926513006,0.142157370182433,0.11418719755209,-0.11357123516375,-0.226696131339929,-0.150188842478429,0.00680684950479671,0.181597472962623,0.213202193609491,0.225726860952375,0.225089102601094,0.141460734010147,-0.239873284919078,-0.154465231220671,0.0135773844634833,0.207754628147934,0.246637832308284,0.229095001288798,0.216041326989837,0.14585931632375,-0.12305572681647,-0.00618157267496803,-0.0784548613121832,-0.0606869447498192,-0.102044257147781,0.136881466911346,0.131629602549167,0.087756905671178,-0.089940181172812,-0.0134160687068889,-0.0629881217654305,-0.0511448532583326,-0.083328626398037,0.100067603247006,0.0935484738477215,0.0620302069121263,-0.211109324989315,-0.167663559675932,-0.0240989409782683,0.0721114520403062,0.0714413818438097,0.199228374002175,0.199608858735184,0.187661491691171,-0.243058951922044,-0.174539152887571,-0.0318070545755463,0.0913699323068741,0.0945432803089517,0.220904572164413,0.223826209836498,0.212123471227262,-0.151748898800465,-0.149759020385275,0.213815987200129,0.448889344769715,0.472933988034634,0.200683243575472,0.193604574813817,0.104470619007673,-0.168049416258838,-0.162806993025325,0.147539770572221,0.349525794710295,0.363716269044196,0.209488653217807,0.210370928804174,0.128153655604108,-0.190587489365792,-0.148384501349452,0.0190217705578412,0.170346016975327,0.189644599063633,0.198441130239699,0.202861636912801,0.176239769572252,-0.17899425992688,-0.147832399156611,0.0130319432253896,0.151973542172128,0.174295996003523,0.195636959414703,0.20539577990844,0.185512892039307
"88",86,-0.022238788837993,-0.0204339955381749,-0.0269873833614003,-0.0373021299844371,-0.0473060966175632,0.0278671271898471,0.0313508424300027,0.0205925381359072,-0.0634970249870452,0.0660093862146676,-0.0611041937526018,-0.0894027543660666,-0.120860020650529,0.0801559710135893,0.0863300668224425,0.0558088309026302,0.109122758982398,0.441730458192503,0.153513034433882,0.158974016884654,0.118187332210253,-0.129430712710108,-0.119777987431892,-0.00480940284841729,0.110461720540203,0.430987351539425,0.158354254251108,0.162863376987285,0.130960049867207,-0.139290198074097,-0.129822884604334,-0.00754593142117226,0.14253109387337,0.2993898030819,0.118983856024389,0.0549316779573175,0.0233169431424762,-0.152493695546201,-0.137156326396283,0.091825128704849,0.0929113997856496,0.303117245286685,0.0576130672078976,-0.00695480506927324,-0.0340384912473484,-0.0990340033931177,-0.0670963298937601,0.167370171689653,0.0237745589206811,0.299729652275548,0.0774813520229488,0.0998755411877989,0.0847640690678441,-0.052758699504023,-0.0491787176413346,0.0439969262081638,0.0166145404335717,0.306425569840105,0.0724661054109678,0.0907351064238506,0.0735877473434132,-0.0517498441636129,-0.0536002952143021,0.0444342880113697,-0.105187941141829,-0.035227961283752,-0.0832989672939826,-0.0881443721466254,-0.111249915478863,0.103493457825801,0.106584863059527,0.0683457819561272,-0.0614379383659553,-0.0128247653129079,-0.0473774958509293,-0.0532990230582404,-0.0727956766964765,0.0559769006558355,0.058503495592207,0.0382393403529132,0.11133782765163,0.440769821180314,0.164480424515098,0.167966105962043,0.168993410338342,-0.112272226147634,-0.117336753111418,-0.168712254595097,0.061087292952286,0.363302384662392,0.117148316360388,0.126992161603415,0.132417841554592,-0.0702328316901064,-0.0749712350772499,-0.105705323640791,-0.0496256997109804,0.242140222188191,-0.0700198443037503,-0.102202256973208,-0.0340918084227859,0.0123316938862731,-0.00562615630980262,-0.0742554605269353,-0.0414941545566527,0.290090368253471,-0.0735839886141494,-0.0931665618809179,-0.0312593847821772,-0.00545285701187597,-0.0257436134534775,-0.0910758771574722,0.0206688952512312,0.252670340322301,0.0786376882482613,0.0956195058996611,0.0972549893869468,-0.0515329525473339,-0.0683802943069014,-0.0616061922520469,0.00305220573178486,0.240549811756431,0.0488664899332542,0.0766037257334618,0.0875979080504886,-0.030504992825179,-0.0491019487783997,-0.0343685726424549
"89",87,0.180847811258911,0.322563786008408,0.196954809394557,0.194082219434568,0.201951969955118,-0.204759309313375,-0.195928253938976,-0.0974377434530181,0.0968011978193217,0.362565003926702,0.114376028349662,0.102488354728688,0.0902147130415747,-0.107556520399944,-0.0853880478786197,-0.0628276592525732,0.386711248100572,0.432518961444975,0.538761620598998,0.675098755236151,0.676730637730948,-0.361625352613225,-0.388637685403177,-0.526679773202503,0.411714880330071,0.422841083127885,0.55728871838012,0.660718951964538,0.686055112441251,-0.38134510484262,-0.392699348615502,-0.527630772773873,-0.0134851205536786,0.0381802850011149,-0.0374969372607162,0.0639929949698304,0.107571852181335,0.029772506702101,0.00997840628460154,-0.117296861434998,0.00802282619948409,0.0457439710259853,0.00766812116255604,0.134517383195804,0.170252520094086,0.0163115502306324,-0.0017887951847602,-0.151962058230625,0.313826507131023,0.346865250366422,0.434438665530325,0.625998552637591,0.659982293799927,-0.245840921019856,-0.250862576740986,-0.40485118931725,0.326161429727805,0.352259100528734,0.435538525578549,0.620660050221833,0.660570758641637,-0.255851446090193,-0.259254373569135,-0.415397270598303,0.023483209752057,0.132408807592643,0.0266670232305052,0.0126361066630259,-0.0170599585637115,-0.0322930077648981,-0.0170472304517583,0.00368569997029362,0.015146034359463,0.0786521852633701,0.0157046021012744,0.00389853504939006,-0.0227647060430473,-0.0179369735814979,-0.0144956420080504,0.000866905622291705,0.36734618160089,0.387363475881448,0.514087472847498,0.61087671976361,0.616854237357087,-0.316605442594645,-0.306374158235438,-0.370661124990119,0.342966406208765,0.38896037601225,0.506096183225049,0.622846705862362,0.615873045006625,-0.302778181949632,-0.301898932989436,-0.368064250765176,0.133580374241363,0.106778854212351,0.201473220537752,0.300774138537342,0.313557566746514,-0.08710737775936,-0.0721371598682859,-0.0588142364631281,0.16305693539995,0.147560991831008,0.251314118572959,0.357293753810217,0.353263432946166,-0.129114748456489,-0.116920857365989,-0.0918513531476827,0.267329202392369,0.275726641158412,0.401183926852696,0.568977000093914,0.577051455712163,-0.195431194163713,-0.185850788853107,-0.215146232137311,0.249457575708596,0.265469867458038,0.369878293769367,0.534872143250064,0.567277695261851,-0.18386191589922,-0.175999995230203,-0.209506285612876
"90",88,0.00863790189602908,0.331612854492377,-0.00548676423419902,-0.00964502381153824,-0.0176332657067695,-0.0101031534765528,-0.00402699600935468,-0.00238620942079463,0.0936465074250895,0.401138084585723,0.125363810042781,0.133781921077325,0.113585098944505,-0.15675953628356,-0.133544568084663,-0.060665877289302,0.0648624923348278,0.041572824103379,0.1356493440829,0.272444222595035,0.299360420793614,-0.153281566380134,-0.172350643204398,-0.228837319806294,0.0662771677389253,0.0305478291347765,0.131325996471946,0.252454411977046,0.281148058044399,-0.154293797282506,-0.166917732165182,-0.241817628240354,0.17069848269956,0.157286335498553,0.21353569294837,0.255290392984341,0.307635791386563,-0.213370726871806,-0.244502224032483,-0.324039877463546,0.14628739744401,0.12495015899932,0.203606913599129,0.326263673520711,0.381717613168529,-0.182912327471559,-0.220196540106252,-0.291480301960199,0.137448301048351,0.0628494282363588,0.193402973860646,0.282165083994712,0.315538909685343,-0.198350282296338,-0.215897655856395,-0.287169243803519,0.119493781827139,0.0531735937567475,0.167348325957418,0.25640512433633,0.289834997219833,-0.177880866013242,-0.192632310198464,-0.281340566571587,0.213220445265,0.345196280182113,0.260197279405429,0.263939621865565,0.232775532301807,-0.305832967788156,-0.272003096497233,-0.158229578314807,0.195704171756756,0.27244861642571,0.199316497525584,0.185628521936105,0.159601165403295,-0.260837025040064,-0.243012244827611,-0.126995338945886,0.103415381419535,0.0511413720038693,0.166788735285801,0.211339921929977,0.207307771832619,-0.15952405182346,-0.156349467167406,-0.157996595140335,0.0842477452272635,0.0252506014844533,0.178330853024982,0.268642622890572,0.280442688250448,-0.16686636166629,-0.173317859036321,-0.152756168812207,0.270970397219936,0.157043891747461,0.386542822551719,0.473401032050829,0.495857798832692,-0.277872345183378,-0.265984004771152,-0.246851838213479,0.233787538440043,0.147160327329575,0.362203750289544,0.498682685341151,0.514283562884514,-0.266440691220579,-0.270698486072907,-0.209428640072333,0.161735613550396,0.0776809683064811,0.231306490057017,0.247181171897353,0.25213570463489,-0.206042605992424,-0.212613009553346,-0.220667456933369,0.164433347359183,0.084536959774344,0.244454371887637,0.274759995765137,0.291130534410351,-0.212974195682719,-0.2225018465064,-0.21510480408635
"91",89,0.266991938322077,0.380039238726362,0.330066496861916,0.353059502094455,0.33840888318378,-0.354673867694938,-0.327368592368165,-0.159398451257064,0.0998542491086876,0.22139674744662,0.144662354821331,0.157416791830388,0.151522925734173,-0.169261127146906,-0.14621583788341,-0.0756764441337986,0.0781571284517702,0.0184686612896964,0.134314710513851,0.284435555618588,0.320333659797545,-0.158209851275754,-0.181788668051458,-0.275609480125719,0.079120618157602,0.00913352447343309,0.13177705407379,0.267919929196362,0.311515639715972,-0.161250856179852,-0.174175195601702,-0.271865907004323,0.0944230545460998,0.108571378258732,0.129688642363092,0.177346522764265,0.229568376525443,-0.134070069675258,-0.168655829957019,-0.261545775257364,0.0718770283105073,0.0722594018705761,0.112981752593421,0.236311557002736,0.303519596983376,-0.102577329152753,-0.136836678166822,-0.247783098069373,0.157156181173889,0.0530424901362824,0.207132198696338,0.315719604439347,0.35857345185811,-0.199982997428527,-0.211763280591678,-0.31319332041514,0.141307716268395,0.0412936449971924,0.183212266215034,0.294920329686082,0.345195998925889,-0.188456437539902,-0.202742344037712,-0.312274510705045,0.193524714758084,0.338804176173862,0.239296170436828,0.239888668168398,0.212135973703156,-0.266919166439245,-0.23269282380163,-0.130521834425494,0.187853924566218,0.340265224431911,0.189775454734448,0.173167535004634,0.145835252729621,-0.235611352191685,-0.21709470560177,-0.115746169040043,0.127759748410369,0.0225468717520176,0.178430128919504,0.248554311883938,0.255547505754999,-0.179673790339743,-0.174312904439008,-0.196598301310069,0.0998437188718861,0.0169610741051896,0.175041533916431,0.265795065798088,0.277353979955846,-0.169732261477233,-0.169464829263061,-0.179488016213376,0.222934911810539,0.143255066442025,0.362732385668442,0.478282698200759,0.506646818610829,-0.219727674877458,-0.207940074254105,-0.192244657373974,0.186382201688564,0.125163032732549,0.33423465779894,0.485250483042601,0.506630527515898,-0.202049652659464,-0.193309576705169,-0.171098834045522,0.186177260754089,0.0654173555354239,0.246500468677677,0.290043332067594,0.308356342899435,-0.209500023472863,-0.211624820377284,-0.224360778944554,0.187428793678956,0.0695196686232293,0.259890947650382,0.311609549504416,0.338306716620473,-0.21506502885479,-0.217276498906684,-0.245503948827121
"92",90,-0.0512328099795935,-0.0533647346559721,-0.0301750289385363,-0.0133705200257548,-0.0179550689922022,0.0462550652074636,0.0200306701031391,0.010936633375504,-0.114458833363861,-0.0948266593350242,-0.0839838451828612,-0.0748620517374761,-0.0921202279644598,0.130542481703704,0.11509306463296,0.0544786172291687,-0.278765335139414,-0.162661655237402,-0.0953087302148057,0.0449891928972571,0.0657987067409677,0.218354986524295,0.209283744717186,0.160506529148022,-0.292141842188831,-0.167740325510272,-0.105854975532678,0.0330660068725081,0.0577924160129662,0.224962232714456,0.212577047907485,0.166630840573979,-0.243268719093001,-0.181232364108758,-0.0905603438841457,0.0601116867221213,0.128290727248278,0.210502147560052,0.184778330516131,0.0494184277860882,-0.242613930939657,-0.174745077987213,-0.0701751323549764,0.118682942845115,0.165412136189358,0.208597425922249,0.189614096513244,0.0475378685517795,-0.265089032867745,-0.176907649547991,-0.0618643361090933,0.0935257811586349,0.125327391088654,0.238629435554763,0.235904383562,0.167715431354117,-0.277434066113763,-0.179866084192158,-0.0671724928606717,0.0874287727973932,0.11714317791091,0.243646233867115,0.230390730981227,0.173770629952756,-0.115698831303726,-0.0669021013310872,-0.0633182432714692,-0.0434744723963643,-0.076797967448143,0.116853768967231,0.111629854381551,0.0727093977423177,-0.0835080034382469,-0.0756000607799006,-0.048299554903246,-0.0332023534647005,-0.0563926321186446,0.0814625023759052,0.0748501998969345,0.0453737315956704,-0.236860446865601,-0.174644452875675,-0.0778401166864668,0.00459554179064945,0.00344943835391465,0.208314140154444,0.207578361603097,0.206970502194786,-0.272992033021742,-0.184744845616492,-0.086015039262053,0.0329263438700745,0.0363826763810747,0.23166168185455,0.23363134978278,0.23105711115689,-0.242816585118806,-0.188837168001999,0.0620069441692059,0.256506667013863,0.285846944033646,0.226018834219224,0.21694343070474,0.138606532824669,-0.250531586423259,-0.196258007124934,0.0482714168091888,0.260400600930294,0.28146496398626,0.224678249957727,0.219354499986834,0.154658138187757,-0.22834407311682,-0.166448611726309,-0.055423052412968,0.0748525108555775,0.093558605257914,0.212700817956588,0.215624380270082,0.201389458450927,-0.218040180796327,-0.167379098792931,-0.0520986199153688,0.0805150557596931,0.102980855682274,0.209196580755372,0.215770325969316,0.205447685873538
"93",91,-0.0326615505922371,0.128735047590447,-0.040833857010937,-0.038059646581121,-0.044763227201686,0.0312901042799326,0.0289993486140851,0.0150566167019709,-0.0307546420082734,0.118084669733289,-0.0191449906170642,-0.0196353966833847,-0.0388298764743091,0.016788586188919,0.0137631641543228,0.0133911516502887,-0.145879207856605,-0.09555912672082,-0.0178099558539329,0.130822910755658,0.16385138376101,0.0692928870847924,0.0600142794219971,0.0102801593607147,-0.152364690911154,-0.102312937628866,-0.0248850448044428,0.112857747314096,0.144111251121726,0.0707455657353144,0.0624573042835245,0.00875284118370402,-0.0616025356819923,-0.0350625863806663,0.0017742283463608,0.137071221095754,0.203628705637816,0.0222941282069557,-0.0014285624149886,-0.096279418516997,-0.0700669666392204,-0.0441384636809014,0.0177478078623033,0.204063912604726,0.281067180361852,0.0321423714708693,0.0134495860851823,-0.0678945188916168,-0.110273824779563,-0.0981060696469047,0.015659534286098,0.158919047781806,0.194619286783158,0.0641557822080167,0.0606237104404851,-0.00417292636915851,-0.124276512394968,-0.102398190836579,0.00271467834564113,0.143552853839178,0.179738226024636,0.0753127282004888,0.067670346318254,0.011041165593839,0.020631526208091,0.105785943107323,0.0465308974781968,0.049095220240747,0.0177671129482103,-0.0577686158254938,-0.0502958545347737,-0.0102831945493114,0.024186265739787,0.0560911459603785,0.0322583659433679,0.0314416052763985,0.00573717799843384,-0.0465677555168532,-0.0456964275597306,-0.0146379877023256,-0.105483886882892,-0.0994588676819653,9.53891810500833e-05,0.0711885193181073,0.0738604404411337,0.0625764498290334,0.0678435363410433,0.0772997919568528,-0.135011647206346,-0.118105748556364,0.00253923537485907,0.119521851065136,0.12680667953397,0.0717141895187348,0.0756143801926984,0.0914470541943565,-0.0183720082404215,-0.0411354318488781,0.165757489706223,0.333365966951511,0.349669254472471,0.00160531070189889,0.00958718396810428,-0.0137283438513417,-0.0401652881150958,-0.0505295658250585,0.154073750881871,0.352302764602324,0.368127940845979,0.00739673256682929,0.011055313214026,0.00864967423394882,-0.0820590162663611,-0.0865899169021004,0.0264036270698622,0.124825628502861,0.141266464948719,0.0518276198299248,0.0572280307747756,0.0530305070127626,-0.072519341637528,-0.0826548377266106,0.0348797859345374,0.140554362375914,0.164451648912623,0.0442083136654583,0.0502868779062845,0.0490556431299176
"94",92,0.145517308304582,0.285597162656247,0.187650722515857,0.211757056888994,0.188980744989347,-0.196888817931518,-0.176286360364444,-0.074286504600827,0.00957762716958292,0.241460307312435,0.0397985606657313,0.0524575870725854,0.0273119943493676,-0.0341771482578571,-0.0331297479320802,-0.00933726656819376,-0.01506317809405,0.0378461206206581,0.0792381128582826,0.246598162819274,0.271237975713792,-0.0249882161773279,-0.0361455802843419,-0.112305079493401,-0.0182003126227234,0.030369917561427,0.0733841090523282,0.231847616443411,0.264533461301942,-0.024411081175049,-0.0325327790144187,-0.104467924597773,-0.038099884222173,0.000482825871728526,0.0282926402954114,0.204247555703892,0.263724713917416,0.00535871694407565,-0.0276846336835734,-0.134240131682061,-0.0335288834720523,-0.00866469826296182,0.0556911081714259,0.265016792744273,0.329895525658461,0.00836335608931123,-0.0163079602174961,-0.149710502098682,0.0422269071074205,0.0633317997469589,0.145184016156326,0.286239660519878,0.324350144696951,-0.0485441007877802,-0.0477792399956099,-0.138108352936624,0.025914118904592,0.0541352597106332,0.131618804217868,0.284306027970901,0.327037823627994,-0.0394694420466102,-0.0475083743014334,-0.135846634121758,0.0730613988422503,0.246531331702591,0.115642540050158,0.124723498681513,0.0753619252979805,-0.115787363191838,-0.0963303330777273,-0.0323195376367662,0.0851577569688141,0.201808416851399,0.0999013534359944,0.0977776067883511,0.0603925052244514,-0.115268836601599,-0.105746791519249,-0.0445436045595117,0.033562729646227,0.0293464004419596,0.114231701800013,0.197389656854776,0.199642013105937,-0.0427754077943662,-0.0357824883032109,-0.0535420130769928,-0.000271089902268547,0.0328199265138376,0.103610480028119,0.217572139153214,0.220643097804198,-0.023857229453759,-0.0172570160915399,-0.0145722185517329,0.0621254298861492,0.0321935042572822,0.294542817615716,0.507959630247532,0.5450762177636,-0.0641174447330306,-0.0596712669897069,-0.0630355899377042,0.0488848186524225,0.0264962271100374,0.265738478373543,0.486108789079172,0.509385419013583,-0.056626326084333,-0.0420166293277774,-0.0503750978908369,0.0645522603557452,0.055846658817461,0.165210359600782,0.277040003588045,0.29975940596337,-0.0594474515255583,-0.0518963225466717,-0.0652643848750932,0.0707067203116557,0.0598005325504699,0.172155904669077,0.273085883953158,0.300922816670622,-0.063776230322783,-0.0509248100326337,-0.0686109139059486
"95",93,0.142940146763589,-0.0309749700488111,0.152244693431033,0.148653365988821,0.170123730774353,-0.19359842876754,-0.158123707827707,-0.114868149627492,-0.00619568988772239,-0.159155684168069,0.00630859814457439,0.00310906378767707,0.0388284502896619,-0.0458529214864678,-0.0385632315286797,-0.0470642226774585,-0.179220957261132,-0.0760091785159608,-0.166336427564973,-0.0849670092045375,-0.0935783114226478,0.114764990262841,0.120939611933054,0.174481223301004,-0.190202515840329,-0.0789573676982611,-0.172277499789775,-0.0796441561157456,-0.0864065145973331,0.113904757452788,0.117571892002953,0.1740520725233,-0.0160849153254831,-0.0323997926092947,0.0113123836762419,0.0911885452737752,0.0685394708772684,-0.079242546517768,-0.090668116480233,0.0554961638681351,-0.0617169724115143,-0.0314058340378396,-0.0292358749313758,0.048558150189681,0.0197778353820313,-0.0285462430043853,-0.0280303333024916,0.153027269430945,-0.145204183705442,-0.0852775909332431,-0.119314948328729,-0.0441829643913522,-0.0465642624134848,0.0740239921315105,0.0737677717050276,0.128387249806095,-0.160591553432339,-0.0883089702892198,-0.126614816365446,-0.0540868828308356,-0.059566588523183,0.0877074974522543,0.0847184808499361,0.144140550213118,0.103232526975548,-0.0530743962663249,0.149583329013638,0.170780741876798,0.260752668278158,-0.197787248845412,-0.204589784913174,-0.243259414201073,0.145341836512648,-0.0244579886770904,0.178818094019561,0.182879518095996,0.262992710544909,-0.231728708216518,-0.237573244492358,-0.266348819108761,-0.146530630000474,-0.0839835235627302,-0.137384599426592,-0.0848495589232475,-0.0657578362172017,0.106569155916086,0.101018208337797,0.0612481475041816,-0.159835570077775,-0.0837731743557983,-0.130780452597019,-0.0568651367434597,-0.0346523627453104,0.107671699784969,0.101949019414907,0.0504959014937894,-0.132758293274644,-0.0659240228266516,-0.0763526476725871,0.0107991091044671,0.0641544970906585,0.0332290408400646,-0.00525868317792156,-0.189060419506987,-0.188397594522104,-0.094436840179782,-0.156426049039742,-0.0399626612031505,0.00859410299868959,0.0913509464586304,0.047136908653173,-0.144379658697306,-0.111947265144328,-0.0752601960831898,-0.0934994888203798,-0.0149582194466578,0.00597395302608348,0.0525854899930824,0.0406097822336061,0.0171778929000302,-0.106002601357214,-0.0718309197682634,-0.0829951947520336,0.0106016863457288,0.0341217334708406,0.0392957984403657,0.0172896607814966,0.0119231515268191
"96",94,-0.0564060554279131,-0.0271245601995153,-0.0665322370644247,-0.0706582443485563,-0.0627736574946697,0.0636051198515061,0.0542983283336263,0.0221329873962379,0.362200440590639,0.301135459523798,0.32924233937829,0.285448179878789,0.387651199047942,-0.332735513838928,-0.308757091056516,-0.292597151950406,0.158523753777626,0.125596212180124,0.0387616266141311,-0.0422021090578944,0.0504643402877997,-0.107991676899986,-0.126322867422851,-0.269200439829072,0.150752082595246,0.108428809141596,0.0227857872579939,-0.0544406792679211,0.0297705640931683,-0.0966749947301773,-0.109196216102132,-0.263461585700294,0.168261471306295,0.140245816458741,0.0239802488733298,-0.169967449852887,-0.0243079786906368,-0.0709491274913452,-0.0888668754607207,-0.252023948696895,0.130174570368626,0.095044276594623,-0.00232439495587215,-0.188436330271957,-0.0657534675932986,-0.0292800927119483,-0.0466465739443075,-0.221362118527078,0.226716632371337,0.1010464921759,0.0619417638522363,-0.0478050206042976,0.0337058006408592,-0.13253707324726,-0.136523593568636,-0.307720092783539,0.206643993733814,0.0946328904513511,0.0457721409959428,-0.0544335511610759,0.0311924253598698,-0.113334851935076,-0.116893563688777,-0.296894401874655,0.286887815253117,0.233343176529866,0.258397669245516,0.219928423509574,0.296543197388108,-0.265073058121111,-0.26088779442584,-0.259443548713766,0.214092421169955,0.197760734891109,0.181575940776398,0.145246335684798,0.171661521394563,-0.207134580668756,-0.19662449861103,-0.15809917233346,0.259949914003103,0.136004841342899,0.119375376106263,0.0025462734833029,0.0496942915098988,-0.191596613632921,-0.183584051986046,-0.269893733252984,0.217336313299216,0.0595440511389688,0.0968614174761776,-0.0139995168118395,0.0284472892608423,-0.165822893461238,-0.159796214272684,-0.241930111567662,0.194610285190283,0.103134027835886,0.0167210174447476,-0.155082227064514,-0.134969283532985,-0.0436571644671024,-0.0221700498981058,-0.0681907017155515,0.179461260149659,0.104001654199542,0.0200028279894398,-0.140433848232309,-0.136003909612749,-0.0424382671910694,-0.0207501751146366,-0.0507633871300997,0.288029829596479,0.0879938525129252,0.117255714562731,-0.0267081472997308,0.0209415802664652,-0.206975131257218,-0.18543853237454,-0.263398445693029,0.266673350807617,0.060838386640516,0.106708446675978,-0.039550781828564,-0.00241587619738945,-0.191403239373387,-0.173696686382354,-0.263260933814024
"97",95,-0.0409619363783389,-0.0521181287152135,-0.0388535103319743,-0.0317793490802111,-0.0465379201937753,0.0520502797760317,0.0464181005377176,0.0244350880696678,-0.118751763633285,-0.0979489675366894,-0.113120491003492,-0.115105357825912,-0.144148633872291,0.139517222791532,0.12614842185517,0.0691958402000259,0.0939178832235691,-0.0798902962390616,0.0784061516931399,0.000431843831165874,0.0316046415208902,0.0239383418123696,0.0271075936642252,-0.00168547129828536,0.138979602431085,-0.0704992647759678,0.112098903103373,0.021664565914306,0.0516889521487966,0.0112095646314026,0.0164576489524504,-0.00700010800423132,0.0113515873295302,0.00969438884591326,0.0341739285658866,-0.0158490853314154,-0.0938316139542319,0.0424920904449662,0.0673802337192517,0.164803819781843,0.0613000073193568,0.0324256492515929,0.103714020682175,0.0437709418404754,-0.0594651381686784,0.00237339374403192,0.0332972582259888,0.160576619848689,-0.0261636810561138,-0.124726379883898,-0.00190500087112228,-0.0441422276516727,-0.0379350100537988,0.115992248096871,0.122865677014763,0.08834981797025,0.000326901865617802,-0.114994016867176,0.0111482227225524,-0.0388066079112588,-0.0336542136983355,0.108620396934468,0.111675144123845,0.0769864696432305,-0.154948751226004,-0.0797406636322308,-0.133921538572629,-0.126852771201413,-0.165490584333216,0.164096045624521,0.161670900227853,0.113381612635012,-0.0877645019815887,-0.0552262623226,-0.0795769389781178,-0.0770108190510308,-0.108180615600814,0.0958939668756054,0.0937235656954477,0.0667492575156721,-0.12591116001028,-0.145314129711722,-0.0895072525243957,-0.109176523592713,-0.122400038710293,0.118787215058908,0.126768012139614,0.161819579337671,-0.063989394700133,-0.158653651180339,-0.0417271444606859,-0.0857624263178553,-0.0846046100732565,0.0865202874730721,0.0940693526321866,0.101229808107487,0.177699545154726,0.0974977966206261,0.177248473617726,0.0432717167738421,-0.0285951999696401,-0.0627637290817222,-0.00208578390691197,0.0745188989450392,0.263944362274385,0.167301572775657,0.240580853971435,0.0743515936084062,-0.0020544091900917,-0.144236844443478,-0.0721957314934459,0.0269094948464235,-0.176999177700603,-0.169717695616845,-0.1454235437107,-0.134596235808682,-0.13657769385316,0.1646283009907,0.171347953236174,0.190886356256232,-0.169323583127765,-0.167874917050432,-0.152424661451974,-0.143482235717248,-0.152003831309652,0.162829013904741,0.17056790891682,0.194187696553184
"98",96,-0.00505463686549378,-0.0539382191911223,-0.0145518673163425,-0.00969069460510457,0.00346435966550108,0.0134881504910535,0.00472219528141459,-0.0103609062228801,0.28147734078181,-0.0040367647052619,0.274073679042328,0.328161602030854,0.367749408569942,-0.296573920621028,-0.283074902675459,-0.269412438455533,0.06726237628211,-0.0587184433610382,-0.00254337905059309,0.0262631553405972,0.072369970846553,-0.0672068419217416,-0.0797370515217782,-0.237209022995198,0.057212559186276,-0.0676173414835921,-0.0170593826158035,0.0123143992716537,0.0600017475252723,-0.0579492827741998,-0.0684301670832776,-0.219768630947404,0.04613907016759,-0.0544374968167924,0.00518365348167634,0.00909056994751136,0.0908012972054918,-0.0286180586157314,-0.0460723842414834,-0.236623190265205,0.0114729538050057,-0.0758331626590703,-0.0161761486129228,0.00178190781133929,0.0984123383219749,0.00758163973303739,-0.00623540635960873,-0.16672297522502,0.119784033780459,-0.0823765221883669,0.0284348830620494,0.0466913336115356,0.0908345572781902,-0.0788204746882523,-0.0786202190973656,-0.256573410709963,0.102642397083831,-0.0848795846854769,0.0179519070099898,0.0425152014142752,0.0767298287175557,-0.0645439265124281,-0.06272741496407,-0.255734995537568,0.214880689456582,0.0345448533162319,0.190739846638883,0.186005812576459,0.213630854740643,-0.230887121931337,-0.225550076697746,-0.228749539369434,0.162705714285241,0.0295690232809221,0.132440719661111,0.121145364421632,0.133799215517353,-0.186604723025883,-0.176027814527205,-0.143322966256612,0.159073396332221,-0.0507984482240938,0.0517509301263906,0.0214904477570937,0.0305253317595103,-0.134777708119779,-0.124398024283954,-0.213693032803787,0.113786514855222,-0.0720364949844758,0.0283987634253015,0.0157215379074969,0.0258439031489119,-0.0980562379290333,-0.088565793779947,-0.174546412187235,0.0515238768492039,-0.109441701146722,0.0185494382375559,0.0510943168397044,0.0278103411415871,-0.0049403922926984,0.0209203453306001,-0.0403006637094814,0.0372949623602638,-0.119285181486174,0.0129573692381013,0.0560531713303514,0.0435996525713412,-0.00324943275447355,0.0133728460017636,-0.0146338953559735,0.178466804789608,-0.0622895906219303,0.052347111166668,0.0376059436092558,0.0445970787878191,-0.133900079390877,-0.109047697389563,-0.195643886177279,0.161422516042045,-0.0746142438176784,0.044961764259486,0.0315402456313544,0.0463663085271373,-0.118798858402334,-0.10158801569757,-0.17680721048143
"99",97,-0.0427862712941464,-0.0555517179649325,-0.0537966144847682,-0.0607005113737734,-0.0650330805380387,0.0461724960774983,0.0445743849712217,0.0249815192136221,-0.0915806097530574,-0.00421592800065976,-0.107685827194659,-0.135690494594604,-0.156756246175095,0.107955216564995,0.107172728864826,0.0639636610018112,-0.0217658571573767,0.255784580033533,0.00801077982757562,0.00459915827225281,-0.0199677082140688,0.00151335637725319,0.0128268723522116,0.101823191055708,-0.0253618911701077,0.247260697434181,0.0069785897082001,0.00662897961213317,-0.0151382533050076,-0.00341102307141773,0.00710227867694104,0.105639448294021,0.0183888892422772,0.162070919347374,-0.0272204609240536,-0.110455348820644,-0.118927254102411,-0.0237008564067631,-0.00792706256497233,0.167996646604148,-0.022067677980697,0.169348411441592,-0.074401860398032,-0.154062174352296,-0.167958034197448,0.0179749348099318,0.0475220166964814,0.236247081381243,-0.0870949864026671,0.145147683119545,-0.0502485376718541,-0.0367340522737954,-0.0457030892349911,0.0648806895005675,0.0705027958212776,0.134722654956942,-0.095997402911321,0.148189108477832,-0.0526105407958949,-0.0413565868593401,-0.0495028477557692,0.0677156291683369,0.0668865970339742,0.146577391680511,-0.135522603909137,-0.0783852468841051,-0.122287558368893,-0.124158943809675,-0.142068553387177,0.132354619599727,0.131424337777188,0.0846943517159645,-0.0888564795714071,-0.057476451303116,-0.0810619082427158,-0.083436640148292,-0.0948284158140349,0.0799381686266829,0.0787606742690158,0.052389112269091,-0.00785654175472932,0.2527179208638,0.0291664348495202,0.0211940292269221,0.0306008040044179,0.00661196468886596,0.00590165099729595,-0.0210709638277192,-0.0564548651091202,0.187022431428244,-0.0127053810198749,-0.00932872893918238,0.014355945734572,0.0456321164543972,0.0444167431452174,0.0208285948796248,-0.156499367461948,0.104002548117601,-0.188173469106384,-0.19694589862022,-0.105020267409466,0.125748518645064,0.101064052450479,-0.000195425304334921,-0.15062844386297,0.137037912557615,-0.192241614959224,-0.187451403208408,-0.103836404719098,0.112276550451955,0.0923695691775014,0.000159034089053474,-0.0801891149787168,0.112487885055626,-0.0451837463161017,-0.0361368021125274,-0.0247474374053532,0.0564721628370039,0.0475539479476115,0.0529066222466178,-0.0899233219503733,0.102238608436991,-0.0701806432654059,-0.0533989158198676,-0.0379639239646624,0.0705666679952289,0.0615351436877362,0.0742674121426515
"100",98,-0.0539970368245788,-0.0561577637757308,-0.0567201390987718,-0.0587827483043371,-0.0527496582245112,0.0537439041272261,0.0469436961634192,0.0201372241186128,-0.0905299649534097,-0.0622294566121816,-0.0865730166607474,-0.104963859757864,-0.108646810973024,0.0976907782093604,0.0895989536240944,0.0427021003318697,0.367115179604409,0.29773698505917,0.595373177770742,0.846397772141263,0.867699430461556,-0.400409565879838,-0.430781427411112,-0.493859307559554,0.393527206396806,0.294023953902211,0.623106324111577,0.841028165089501,0.875623741083738,-0.42877563011356,-0.444993708125263,-0.518916227279158,-0.0647442651660584,-0.0298119300355023,-0.0382959193521145,0.0870403867662426,0.106943130107696,0.0502736829365172,0.0370727058421714,-0.0444025532259078,-0.0429981130559695,-0.0146132457775376,-0.0132524658669483,0.126254976198337,0.17093162512511,0.0306256709407128,0.0165070447156667,-0.0952256866005081,0.264605689148405,0.191044111487213,0.456071665456096,0.730307679090854,0.795743021659241,-0.252072865965228,-0.25923211652192,-0.346326095419749,0.279612136665004,0.202900525579653,0.470263469235486,0.75240346783614,0.817877251604184,-0.270819691334813,-0.279524442106902,-0.36794255102779,-0.143060976018182,-0.105454074797264,-0.119677937253871,-0.117143681178496,-0.141150598896932,0.135990009393453,0.134423658587632,0.0924261019834652,-0.107966163371398,-0.110095904228704,-0.0896653937241665,-0.0870300459505733,-0.102423350750937,0.0944996474396031,0.0907685940669158,0.0629261430573409,0.351272742587126,0.24047206767196,0.565588475318394,0.762270114075878,0.775628552309544,-0.345726855291679,-0.338725268383139,-0.404468157107493,0.362888910844255,0.251280955707418,0.597036487755393,0.832708512299996,0.852320600173212,-0.371301192523741,-0.376321962449429,-0.425166845609836,0.0534417371448717,0.0429155689390687,0.155707231480886,0.266334403936756,0.256001585079027,-0.0703502531341423,-0.0692306368543848,-0.0561466645351056,0.0919065350130745,0.0760242660754259,0.207223105709456,0.323200203478585,0.320306684864221,-0.122444466024115,-0.122290803467182,-0.0723741123092315,0.235074582707326,0.13956973477464,0.449844045425289,0.720790232661743,0.766178268797197,-0.20483891650505,-0.202094608319828,-0.222793525235623,0.224623359168995,0.129186902248203,0.407701905452641,0.657324317180179,0.719802127605756,-0.196893901375488,-0.190251463959535,-0.2250877979461
"101",99,-0.0587034955724529,-0.0753856617741832,-0.0713475965203994,-0.0764887038549062,-0.0771116942767895,0.0631340316502247,0.0573738558240374,0.0297911853305329,-0.119128140112027,-0.0618440315063845,-0.141002752654661,-0.164984778718065,-0.182208639335106,0.138159729047728,0.129794801431113,0.0722519376876787,-0.168647053485862,0.090160683042435,-0.152111472248081,-0.147846694441241,-0.152882889630468,0.149239869013508,0.161611551108733,0.219461908718799,-0.177310787309726,0.0832598423823009,-0.159886624513813,-0.147668220337485,-0.150013261366462,0.151330101736106,0.160033092779918,0.226341100437903,-0.126285352042025,0.0138925761485365,-0.190284874192235,-0.268901880350371,-0.22161281021841,0.132123158198356,0.146533529995236,0.265734667816114,-0.154004173586268,0.0248576574333226,-0.221870639341205,-0.29870294091731,-0.264310967549598,0.15742703705348,0.187505230262701,0.318229936476668,-0.210157251278417,0.00887170727391124,-0.191957039526732,-0.168897850384393,-0.166118899740807,0.200746957830412,0.20826963924332,0.239399650021657,-0.220636415926034,0.00928775835910947,-0.190382670327376,-0.167812164863246,-0.164693951601303,0.204027193507445,0.202617856787257,0.247338294481844,-0.160197078611616,-0.10714252089973,-0.148008601183879,-0.14585425116814,-0.156054582258609,0.159311928829207,0.154445374687286,0.0998303081849439,-0.111139948076191,-0.08611967925044,-0.103876285649563,-0.102388743143511,-0.103963403286365,0.102352584027064,0.0977047837935409,0.0628805934024695,-0.144761082886999,0.0881579396052981,-0.123121618706484,-0.124908973888381,-0.0993242791695767,0.145035281140647,0.144821875824861,0.139195075333167,-0.188874864090932,0.0386640138790278,-0.157759502718838,-0.147331121259345,-0.108458839524152,0.178713298045932,0.179544002479856,0.161508132336578,-0.27913080101731,-0.0424620088985239,-0.312873274674439,-0.28696936069122,-0.174894516028401,0.258222433700219,0.230062964981241,0.101663278661488,-0.275832723077324,-0.0248178897737155,-0.320059040379374,-0.280936666654978,-0.170129317297807,0.250748892286347,0.228067830210507,0.100843873104201,-0.194200591645146,-0.010331713106372,-0.181840400203061,-0.160068512338658,-0.135781465349192,0.182266465442337,0.179169045324258,0.176390788828935,-0.193810134354154,-0.0158535032113641,-0.199672925766935,-0.175994968372066,-0.155209926769558,0.188222924842149,0.18674372510516,0.186697425224108
"102",100,-0.0825376505450842,-0.120403570364589,-0.0873251694743881,-0.0883574725875561,-0.0805782782609377,0.0770618755794413,0.0669876112200203,0.0339344573743423,-0.147328194019369,-0.140178806584019,-0.157952353887979,-0.177535478684227,-0.187182191106511,0.150369691456554,0.140200018532769,0.0779423478718196,-0.137719828011022,0.144693644756262,-0.165878719125894,-0.177165656845519,-0.174298576311695,0.182716742175107,0.193516083851911,0.221318921209354,-0.119642057641584,0.1656071747782,-0.160244125266563,-0.17002565538419,-0.168000631992209,0.173298366125077,0.1826469943326,0.212271689434094,-0.00941649093024417,0.186876856340146,-0.0816784072388838,-0.199071228368477,-0.173155107385223,0.0453919332099442,0.0657310582249461,0.196060578746142,-0.0379306922659038,0.203807489127697,-0.111103949466522,-0.230816245487828,-0.191674430964509,0.0721734110715666,0.102135767779971,0.254171663378196,-0.189188516800601,0.0492998001810545,-0.197720515189567,-0.187518214047437,-0.177225830306346,0.224656996532531,0.233663765407965,0.247430551545089,-0.187658305078135,0.0727938972476089,-0.193706047795587,-0.185720092662373,-0.1772574160272,0.221196707646681,0.223621945294902,0.251752859184511,-0.199877975424032,-0.172642847380148,-0.175569136462153,-0.166881361034283,-0.163663282756467,0.187720354111597,0.179099699725018,0.11313607918689,-0.140725547667277,-0.1415732731608,-0.123489570818745,-0.115760897126191,-0.107336007984397,0.124581078251037,0.116432138366404,0.0705321649467386,-0.184649669036699,0.0219062642234332,-0.170489423174992,-0.174268384487411,-0.143555472692774,0.204741078400896,0.199331541732778,0.1819109231235,-0.169221707706733,0.0524165144302752,-0.178539678724813,-0.184778790904916,-0.143569938061891,0.213026885487217,0.208108484102727,0.173042508462291,-0.15292817971346,0.182298076951171,-0.201806797462673,-0.238786095160797,-0.136279014817182,0.160732826116151,0.141034959833724,0.00241057354999995,-0.143468831714853,0.225941801226747,-0.197168698371765,-0.226768112398577,-0.125351921349354,0.141885579002833,0.123226825428299,-0.0116915541068299,-0.227587671326645,-0.0618231776891962,-0.212218189982263,-0.190427647545377,-0.160626570023469,0.227189452718662,0.219509890002196,0.206636964383691,-0.215431794065447,-0.0563334413406973,-0.224300191082625,-0.206568172935689,-0.181587261919459,0.224877936309942,0.22016523057438,0.212226553793899
"103",101,-0.0598634543972108,-0.0584127307147577,-0.0648790949937252,-0.0665562984253599,-0.0580823256973586,0.0539662639840444,0.0373661279688679,0.0173884511407554,-0.0885431690858986,-0.0621272061287656,-0.0951542521629231,-0.118775775600347,-0.111312914227173,0.0947826948842161,0.0867863532230437,0.0407934025100672,0.277984433601802,0.326427531043595,0.430096290012402,0.564231036029515,0.578335275715013,-0.291556634114964,-0.316870224938771,-0.372495068945265,0.300591535392547,0.322958976826943,0.450253210252005,0.56070268949279,0.589798577011842,-0.314042098621046,-0.32696869666311,-0.398216584301194,-0.0850521367868921,-0.0316843002245422,-0.0924926194776861,-0.00378143973511674,0.0448614930398384,0.0778659100670236,0.0639548983605371,-0.0182157197352068,-0.0693777291924857,-0.0197520457531985,-0.0722830472540014,0.0275640320908097,0.0725633320664799,0.0642100465070537,0.0567052297999108,-0.0483472119466425,0.194764610503165,0.218137206280535,0.31200140195006,0.496643841472253,0.537094578742849,-0.166864465011397,-0.173187469363994,-0.257035636275269,0.207012337902539,0.23014723031016,0.321808210668949,0.507073087459329,0.551619657090648,-0.181227866165155,-0.189886769637661,-0.281826859690288,-0.145028028255785,-0.110815721777995,-0.126411629305589,-0.126086813893855,-0.14201853572743,0.136380773053593,0.133275196197924,0.0913115245230812,-0.109944789200018,-0.114671205725887,-0.0946453884046356,-0.0934101005972383,-0.105157879464724,0.0954012206165999,0.0910582318641471,0.0620176671051225,0.279638907144729,0.27183451711785,0.429119769848546,0.52841063929721,0.538035845190528,-0.255698468835198,-0.250239039311628,-0.306948021751408,0.281647243737325,0.283056162773294,0.44439832130385,0.572572115078637,0.57509740361132,-0.269239537034491,-0.271293720281544,-0.311697031685196,0.000404103250876147,0.0324601948206153,0.0409149499569399,0.119904314399282,0.118352198492396,-0.00142284763612655,0.000640126112225179,0.00580359579695354,0.0337535336899545,0.0668141068064043,0.0825461664060114,0.158781868895366,0.150858649720509,-0.0450407408608222,-0.0462192950688483,-0.0265903891754908,0.17702043478535,0.164796238340906,0.310577949223053,0.471849184821988,0.476907035348703,-0.134139371124397,-0.13032021097859,-0.155287386683655,0.167600004760577,0.150987678621236,0.275522672037664,0.430020746585002,0.456455891052822,-0.1267305029072,-0.120617712437387,-0.164209639899757
"104",102,0.010086718711322,0.139014972506186,-2.90833777677932e-05,-0.00679229944556655,-0.00864998219714326,0.0017418478520214,0.0054107245015647,-0.00212167419190087,0.0879489615959558,0.270904787375469,0.0956400929805645,0.0756713717215845,0.0722545030064929,-0.0967333954900944,-0.0755301947959125,-0.052018204695567,0.313225562463137,0.494918076213261,0.426233523181853,0.520669637124187,0.524532020947119,-0.300891216021589,-0.321651378790682,-0.402379106879391,0.33118313138425,0.487486656439638,0.442497086895959,0.521069700387733,0.542845881583113,-0.319166579309867,-0.333465786539501,-0.41788050401323,0.0426335923603759,0.129737649372024,-0.00191923101591993,0.0911191372725792,0.134306136679194,-0.0223299705923737,-0.0363720146394094,-0.0894970493292582,0.0378276105272307,0.112418455498703,0.0069212359711307,0.105790515586446,0.17844751936564,-0.00674305255230632,-0.015882361415528,-0.0913476219855733,0.271112622723411,0.40145888713819,0.344819209343442,0.494423723875116,0.513893924805906,-0.211138285249646,-0.210964094387685,-0.332046095704249,0.270335394836415,0.41040655240492,0.347186122588561,0.505442757247219,0.531266500241768,-0.21772527835322,-0.223458365999449,-0.332575459261695,-0.0065716040214716,0.0669824878587322,-0.00725581965013551,-0.0212977980900714,-0.0395782371302889,-0.00671326937705784,0.00351260059029532,0.0178365433898964,-0.0113536702621119,0.0322174190945483,-0.0134597703142867,-0.0242964646010534,-0.0469962743402816,0.00635903274582222,0.00817860331311658,0.0157394981314071,0.344643751222619,0.455007602708775,0.453634238070202,0.516914208604491,0.518497196045849,-0.294149536116822,-0.285044135522399,-0.347050895267796,0.336991132681005,0.43545179441691,0.458173811182933,0.550420135172773,0.534639123460643,-0.291124120767537,-0.287301162248621,-0.335985574027817,0.11635899408325,0.216441189227956,0.132019320570613,0.19395704956308,0.177061966592674,-0.0641371532385002,-0.055499004226248,-0.0202229507907366,0.146496442653984,0.254669619576725,0.1646821020758,0.213639249008811,0.192833327588235,-0.0984294096936323,-0.0780797540908389,-0.0467714780535921,0.258366540749167,0.336531078911332,0.346511251497633,0.464320778828086,0.457859333218338,-0.189169092655226,-0.18173536286859,-0.206753512544889,0.250828926910866,0.308610460533822,0.315125410739685,0.418517887528514,0.426017333773243,-0.179409313017089,-0.16273540147088,-0.200196958729953
"105",103,0.176301292513699,-0.0348232839820068,0.221642806260834,0.242344110981662,0.318533868625904,-0.253767500833382,-0.252461596804954,-0.1829812026077,0.0289187445114344,-0.117354610702534,0.0565398295794346,0.0564157015255691,0.129439774724511,-0.086379463316287,-0.0825734426964758,-0.065483225372896,0.149294821004766,-0.0318125694137452,0.125889607344088,0.077893392073346,0.145697406649228,-0.258271282203947,-0.307456918427738,-0.410232347816836,0.142653441960448,-0.038542539978089,0.112681947062504,0.0674879993910738,0.147824023890625,-0.250749896762132,-0.290038691092068,-0.417727360148286,0.0407299970543766,-0.0474576223715488,0.0484024458671366,0.0324626482184935,0.109980593328898,-0.133458920383383,-0.187287649154445,-0.283873302905691,0.00564196196055824,-0.0750939951799397,0.0176102596668796,0.0047813095217842,0.0476437172767226,-0.0910906600660944,-0.132696928811572,-0.302360959435621,0.179003959847913,-0.0617566488701635,0.140224657905608,0.0866827116349311,0.151411621834429,-0.254644763269367,-0.281399550366513,-0.406003705136509,0.164772784876676,-0.061871619200503,0.128444930522625,0.0865064839436581,0.134409234180853,-0.252356434559008,-0.281298335063721,-0.433344858289705,0.0838005007727416,-0.0354849265316365,0.113963776107913,0.11597299972399,0.163738387545147,-0.130951108332319,-0.115293388127354,-0.0914156227446679,0.0892504537960085,-0.0187319713525729,0.0917614465324381,0.0838884363998763,0.114257720323687,-0.117587310172057,-0.110378842531873,-0.0830002603007663,0.208425390591642,-0.0315279131388601,0.17667078893116,0.0918638060270284,0.126027969286171,-0.285743810021299,-0.298507666621062,-0.355028605468098,0.165681613150408,-0.0444893858456726,0.147786505199401,0.0734491116819159,0.0932181230285356,-0.255744435844541,-0.274050319670371,-0.34001872156307,0.0742058993546253,-0.102583972408344,0.0658304539374979,0.0358327921969143,0.0343482199698286,-0.179693347335988,-0.205553666530286,-0.200126346925077,0.0653592647162255,-0.111732848865681,0.0643797814595406,0.0307815775803516,0.0199045088009996,-0.176247477435709,-0.182995062358938,-0.153357715656427,0.206267412335062,-0.0486208468241382,0.163746463199454,0.0684439465163506,0.0847881398903757,-0.264653854247108,-0.268554989834207,-0.309507921009039,0.203803919786425,-0.054823108152722,0.165852951950227,0.0705374696031761,0.0856728608721731,-0.25821312600977,-0.262975579256826,-0.314447975293522
"106",104,-0.065708054287309,-0.0586564387206399,-0.0725877450581899,-0.0716772478239038,-0.0659852583556532,0.0644819840843008,0.0463246503017577,0.0217371570191663,-0.14557990864528,-0.112257536056093,-0.156667046703462,-0.174528949029836,-0.180987028782151,0.160915310205281,0.143249188979607,0.071090301220095,0.0571259113607077,0.145297947313772,0.217463298148353,0.337125742104691,0.350676285592038,-0.112934234231072,-0.132954991513635,-0.166667638932394,0.0681767454747672,0.139401448342617,0.2266574284641,0.333732428545167,0.35399725977608,-0.126740029307597,-0.141303876792431,-0.165351765294992,-0.20189432373205,-0.114408368552207,-0.178736785137237,-0.082105299399473,-0.0291136901013709,0.17110256280828,0.145892712949384,0.0336276962273186,-0.172846863707305,-0.0906213625600193,-0.143368344726098,-0.0300940458889363,0.0286261284092812,0.142369727239873,0.122315802672167,-0.0143962659908685,0.00226733959024747,0.10709040820074,0.156207678236212,0.343017652521759,0.372593379091698,-0.0231748298603461,-0.0335639573106713,-0.0842560765684623,0.00576123238657078,0.111065290715641,0.1633568408282,0.355196501309439,0.389291965713664,-0.0322561530226491,-0.0476753222450755,-0.0931211794401166,-0.179068177528585,-0.115907272863536,-0.161098980231331,-0.156413234494316,-0.17932281848511,0.178852707930831,0.172417878612002,0.11455073064208,-0.131356865048701,-0.109929748792877,-0.119062850345237,-0.115017752892987,-0.130461746009225,0.122278212786795,0.115736347379589,0.0764163260869348,0.0766622878672748,0.114847559249932,0.228446604569851,0.288963026729291,0.292390474931232,-0.0980804661798926,-0.100696484470593,-0.12669562835388,0.053218424785081,0.11394998002353,0.220113222667026,0.332957240205427,0.32954111679411,-0.0899299091105887,-0.0953314998443246,-0.104897347194648,-0.150450566367896,-0.0496745334821365,-0.0692292163169307,0.0628313326006223,0.0864275314420267,0.123849011578678,0.107565454341917,0.0853048393286326,-0.1220622219053,-0.0174514492473647,-0.0389946520054801,0.091350379893421,0.103110777499896,0.0864186061214254,0.0739499069348581,0.0622968729949651,0.00600657286212514,0.0695144574906999,0.161592232729496,0.328839732804924,0.340831045775416,-0.0131217798101444,-0.0209267491987442,-0.0262475517448612,0.00384431544600336,0.0600612090819104,0.127499678728521,0.285779122726834,0.309128305572257,-0.00425549296669812,-0.00519365688122386,-0.0165773740464784
"107",105,0.0619932238581729,0.255971869740234,0.058217703603224,0.0483312632556324,0.0171978713226771,-0.0575879269686613,-0.0388338915031176,-0.00443076194800709,-0.0327840125325441,0.237746868895798,-0.0161697970436403,-0.0294009018278401,-0.07461735320388,0.0481621950052415,0.0571634586492944,0.0465337602274697,-0.256037690767836,-0.084568618673462,-0.161064617514057,-0.0102782065689879,-0.00746521152125849,0.192559104335609,0.200457803942191,0.254238458302889,-0.26820975746848,-0.0893284502922922,-0.168891190805184,-0.00903680484697549,0.00553836713776009,0.197564403015648,0.201642022910854,0.264399592794765,-0.0745405467981089,0.045090928651968,0.0635489293417427,0.295854704353908,0.341306035947939,0.0463639916150731,0.058718926049696,0.215579472135763,-0.104824000302133,0.0531374850364299,0.0225731232557542,0.235212884509189,0.249618166345408,0.076643381107683,0.103412878240528,0.282904031084244,-0.230159348030575,-0.0670647003344689,-0.126258783873888,0.0158797515976693,0.0305458345155408,0.189363928689274,0.19812743022195,0.238846092103522,-0.246088596028596,-0.0723217406398087,-0.128502740380575,0.0150180772587195,0.0276926083523007,0.197288304319884,0.195443274294264,0.248597349338983,0.00532067210665641,0.222771264241481,0.0322926213832906,0.0266110906216913,-0.0124295752690899,-0.0169636532015407,-0.00598494822617198,0.00417323986213671,0.0406008691135432,0.2513576023389,0.0545940331652409,0.0452991916970481,0.00914260685023652,-0.0492763467752699,-0.0418981672665701,-0.0207572818986041,-0.219806350190765,-0.085136198065922,-0.13129002518947,-0.0149779778026444,0.0148636081657518,0.183139049727897,0.182063146975653,0.19141196032812,-0.241792902744101,-0.0853493826610904,-0.13092216618292,0.00267405710461266,0.0451794100659612,0.193979248008157,0.194501053466192,0.195830967448041,-0.174869734249518,0.0745480908036271,-0.00733981797854811,0.162034844544518,0.251240333759321,0.143639511577922,0.12178289064464,0.051632981774127,-0.218255634661829,0.0295129577602826,-0.0829871220962297,0.0975431157308339,0.19288789878598,0.18377682570299,0.173244599583619,0.0925982423479084,-0.198754192534979,-0.0523593016240445,-0.0940450105372323,0.0479388359010273,0.0843031006256016,0.162774687463993,0.160815610283726,0.168931075877527,-0.185235825248756,-0.0439115905077728,-0.0885493811643425,0.067709646048228,0.118441241653511,0.153528131764393,0.153814550692015,0.167540171217968
"108",106,0.0403231915493392,-0.0821358505078101,0.0493652265989154,0.0513426632304777,0.0613659026128031,-0.0779778772536613,-0.0599993112215098,-0.0313692614338823,-0.086190041508626,-0.194728270651226,-0.0728451115216409,-0.0770572409064582,-0.0502651128191067,0.0506899434055302,0.0482893960615067,0.0166663335642056,-0.284991053214833,-0.169842491661198,-0.222793727473105,-0.124404176888592,-0.128616958533054,0.210178070591497,0.215220824261974,0.257770518094676,-0.298865617592664,-0.171820017798176,-0.231133478886879,-0.121434122701145,-0.128408516213735,0.21411617360704,0.213257943153487,0.263265227627433,-0.172521995832798,-0.152625240806683,-0.0967092113260786,-0.00139477361174416,-0.0552018298182367,0.0854518157485021,0.0908471365827681,0.210051163850145,-0.202046124212318,-0.147145697951455,-0.131348877969245,-0.0449966233295849,-0.086217600343846,0.114920872599907,0.129620940393384,0.271260716177958,-0.268286788772615,-0.188806860597409,-0.192463362514762,-0.08974742980541,-0.0932111684415527,0.204815049734442,0.206535759539033,0.23163594871825,-0.281644821423848,-0.189781103030285,-0.194441551843842,-0.096070657868309,-0.100827975097829,0.213099638325468,0.208330421925333,0.255417452769871,-0.0340484315575039,-0.114895187924717,0.00877517181060623,0.0288743083822445,0.0998097396201056,-0.0358390892888319,-0.0408946816201533,-0.0701278757264346,0.00837889887712433,-0.0950535077404135,0.0387215331564986,0.0501795318731663,0.115122663417735,-0.0755016748371148,-0.0796541551461867,-0.0899939078426604,-0.250073208074712,-0.18488998293722,-0.192865624864041,-0.120927371650562,-0.100439500563969,0.200847896639727,0.194725430766576,0.178880112397486,-0.270218889498329,-0.184971336163747,-0.195821092037939,-0.106280711351874,-0.0878846669063078,0.210494699599334,0.205621395597249,0.187182970011324,-0.279164628917616,-0.19311256625944,-0.172268071069604,-0.053614754024299,-0.00621133377264597,0.184212953112788,0.141026273216881,-0.00772587397304445,-0.313095502431033,-0.215479330740376,-0.234008655809481,-0.0975444329653897,-0.045398493799141,0.218026533067788,0.184021165281252,0.022633557669869,-0.232481500001031,-0.178590421553623,-0.16304529891725,-0.0576332470465646,-0.0381008776087919,0.177321950932775,0.170158736241594,0.165603214904644,-0.221424164908419,-0.176379637741365,-0.159382721566651,-0.0401697582474736,-0.0163945401797951,0.167559845743699,0.159018881223286,0.159776432290463
"109",107,0.0550096289007136,-0.0844017239454862,0.0672352197321362,0.074247300387981,0.153736371442177,-0.0950399187177427,-0.087928570848481,-0.0875039317132874,-0.0848033658121093,-0.195576935198435,-0.0714864811310598,-0.0678365021875254,0.0382390734252621,0.046271993867189,0.0326722983139482,-0.0210403238640849,-0.304866900821875,-0.165667259258047,-0.243586292746906,-0.157212541270279,-0.140953238243176,0.226127461681903,0.218751878753105,0.222343443199058,-0.319041425263109,-0.167624169580441,-0.254148434722481,-0.15686017841648,-0.131890715930503,0.2306850064169,0.21980829083776,0.22835788260011,-0.190873833742647,-0.146558946116284,-0.137495633267051,-0.0538572730018205,0.0553842666183433,0.0960392379010424,0.0524203710156493,-0.0102863545573502,-0.21510119647683,-0.134870344980086,-0.167651265230253,-0.0836059662118576,-0.00872021120346724,0.120781580026766,0.0887640973964498,0.0712933322314342,-0.28954591805067,-0.183473128976528,-0.222880283200938,-0.128517175288709,-0.103235814425864,0.22412730688961,0.219847268672257,0.205559509449609,-0.301960513440537,-0.184125294193658,-0.224482738166477,-0.134118352501531,-0.120477428708493,0.231902463255795,0.220122657622806,0.22256932446124,-0.0129763573153982,-0.110378077648031,0.031927966887827,0.0607374234088498,0.214322949807089,-0.0613405207765311,-0.0936390951345346,-0.196690649253727,0.0401037551627179,-0.0846521588994188,0.0717876113542736,0.0930008495128696,0.245556070592494,-0.111096815343209,-0.131634588443111,-0.18302992258436,-0.2702596104423,-0.181287025405551,-0.214304809112614,-0.147783248991576,-0.0925179722445791,0.216890973461756,0.198466526060618,0.140375355450613,-0.289604343850512,-0.181116776370119,-0.218165403991105,-0.132307375773577,-0.0594185203923826,0.224974466899698,0.206222652953842,0.100903112266672,-0.299576095204402,-0.184367655345888,-0.216665415668011,-0.103204341281201,0.0600122562072627,0.196697881257988,0.132625901878126,-0.300032029582348,-0.329049791826676,-0.203828031668445,-0.267996478484125,-0.130274512702865,-0.0014239120919721,0.226613784681404,0.156235197452382,-0.282545151262121,-0.252728968937341,-0.173291229105563,-0.195842067910548,-0.0989141251629604,-0.0585659457849241,0.196396766500843,0.181766544781104,0.109211578531628,-0.237862574754285,-0.167742073539283,-0.193117823137571,-0.0837115337463328,-0.0298569383464674,0.183927760762445,0.169151854636839,0.124680784747156
"110",108,0.176614515516636,0.24769839598563,0.237248738096107,0.276268696056919,0.244383799040308,-0.19924998825692,-0.171964918165286,-0.083729420519765,0.097584995537802,0.230173442667936,0.160589859644929,0.203687672879466,0.170024349472888,-0.110472686170935,-0.0940367544727094,-0.0594369570603387,-0.175442525635936,-0.0685457477997231,-0.157466421381971,-0.139894902907472,-0.110232925202435,0.152968653286093,0.138243238789303,0.0617792482473368,-0.182072963679951,-0.0731319358882205,-0.167195535473105,-0.143217350492267,-0.11227740134083,0.158910491775887,0.144090655429211,0.0748790830825413,-0.124923734023831,-0.0565527220541301,-0.158051595419527,-0.161579598592316,-0.103501391462625,0.125117368939221,0.106827781607718,-0.0395044410613107,-0.100890637709693,-0.0465044122174998,-0.124692350625943,-0.122876572384477,-0.0677570857043039,0.108271249499768,0.0929103192671891,-0.0814962381506498,-0.0922871182752321,-0.0327723376810452,-0.119049687435502,-0.0994582154780529,-0.0785870920286957,0.127051262735194,0.120285476731297,0.00898974274470268,-0.100547367869248,-0.0311223909256087,-0.117817097420036,-0.0946824430473075,-0.0757496388857719,0.127844232385525,0.112086766322573,0.0102650927328134,0.0248545457196648,0.059064373471528,0.0669890145936295,0.0862481386751445,0.0489708383524319,-0.0183935025530454,-0.00798300031866105,-0.00540413887649301,0.000522057791775291,0.0238889781285343,0.0310890008177933,0.0435532516921078,0.010837997607091,0.00243433844920009,0.00404187446486508,0.0061371829110066,-0.116925084913704,-0.0907436135491797,-0.115989535819373,-0.124247984636104,-0.120622864901954,0.12438547407629,0.121146171802957,0.104804679031786,-0.0590393958103723,-0.0625934501861699,-0.0882934998325274,-0.100770502677332,-0.094842469285065,0.0813600138493949,0.0793223282853181,0.0433622191647052,-0.0780026768324591,-0.0331017943510989,-0.0852537710869455,-0.0770806083786967,-0.0745813729224034,0.121782932506447,0.129542092655895,0.0754718640510076,-0.0969684514567161,-0.0395226661905867,-0.0971329542748261,-0.0874589928713014,-0.0894949328288226,0.127920057878007,0.13614896725795,0.090949350944906,-0.054369260976575,-0.0673674580715099,-0.0933501453798205,-0.0982744279376473,-0.0918704788020613,0.0935678653973682,0.0929971596394642,0.0544586915090391,-0.0204320693740506,-0.0578840734497467,-0.0907024901509876,-0.105569964913086,-0.100305398710893,0.0752826119208151,0.0790109996586649,0.0319290655154068
"111",109,0.264850812949455,0.365521605871634,0.379422201075932,0.472171112105179,0.412735932587063,-0.252859815138247,-0.212456307011379,-0.140202607341959,0.178212204828271,0.369224375321215,0.288338821993912,0.381107749279672,0.331837305845046,-0.156658501064414,-0.133207412025773,-0.110322231980185,-0.0807215499981622,0.0593274815800469,-0.0743525148490937,-0.075965750717684,-0.0553593324509923,0.0626900585883393,0.0362184712042952,-0.052642316783203,-0.0782303220699093,0.0544350729299567,-0.0801151471594046,-0.0785255100537562,-0.0472136009310025,0.0639689245957853,0.0395073044887077,-0.0517321457023222,-0.0288669943695752,0.0517950114043478,-0.0741690753901413,-0.0902380404366416,-0.0464094042358397,0.0358295844779609,0.0201182419799894,-0.111811435720704,-0.0167042585307573,0.0484778233875449,-0.0463398174914412,-0.0600098171999795,-0.0309961711843079,0.0302541554353181,0.0137915460522538,-0.147818344485594,0.0372473362777794,0.12835032366265,-0.0106543146231617,-0.0297890310132466,-0.014328190382007,0.00137019155806231,-0.0208111934502463,-0.148289405105021,0.0326856852425963,0.130993361383199,-0.0139506560160308,-0.0284509840939649,-0.018634883324343,-0.00456804493282341,-0.0323711638498918,-0.163514739302669,0.0946445826363667,0.147817423165843,0.155829037220872,0.190803121249264,0.141619731226232,-0.0551444481256803,-0.0389984432892573,-0.0484226044184707,0.0489591505570437,0.0982532388914193,0.0896876835520431,0.108231324732486,0.0636243110900701,-0.0234734799215038,-0.0184539087991688,-0.0151911338666779,-0.0237629756019549,0.0433846620085753,-0.0216741487617579,-0.0461451545273916,-0.050443018823364,0.040991256191176,0.0343436156437991,0.006929040705033,0.0848885356529296,0.110718057231287,0.0322748740314447,-0.014127100531264,-0.0147925745067304,-0.0506765056783137,-0.0631625903740602,-0.123031801122854,0.0445261518322275,0.0962786442283668,0.0319072470811335,0.0109707555794216,-0.00117891312957193,0.00238648916261182,0.0152891321235648,-0.00190765555234887,0.0163299820710504,0.0911786357981376,0.020625861051317,0.00800636325717061,-0.00956555002994547,0.0151013819949315,0.0285002875293335,0.0193347620121752,0.0483408660483086,0.0697851876595289,0.011952735715831,-0.0258424190719791,-0.0284716715575718,0.00469629230169719,0.00180515849778956,-0.046256222112236,0.103629925402427,0.103524292795396,0.0261413746248244,-0.0316161735457649,-0.0333690180679767,-0.0363054694297232,-0.0398444395959066,-0.0998324957518067
"112",110,-0.0628011926112147,-0.0283073729846635,-0.0728390289709161,-0.0764480302763882,-0.0690212451724743,0.0716066406265008,0.0604832680577893,0.0256713881469059,0.264975936881746,0.247610154368436,0.204366677071048,0.157202275918875,0.289653939184397,-0.208173328202495,-0.197792264512602,-0.19700830676732,0.038602878811331,0.0747167810394539,-0.0721803633036421,-0.119855325614483,-0.042372557572182,0.0214266511019137,0.00806272150277957,-0.125932670349016,0.0292167419407211,0.0586510929206749,-0.0866103034622981,-0.128213636123193,-0.0488314261789139,0.0307824477422976,0.0191489329848769,-0.117760162513301,0.0736022540912185,0.0701552116516176,-0.106464273523656,-0.257969641539384,-0.103422021786716,0.0327408941479007,0.0131434074714338,-0.178076645370369,0.0432270173395714,0.036378774394921,-0.127600493676229,-0.268312857501757,-0.14307699370444,0.0629560067797173,0.042318601785855,-0.166227097340911,0.0971808718457739,0.0594330219078392,-0.0700267432977848,-0.129509648547753,-0.0481304068789882,0.0137934716259956,0.0180431963346419,-0.164915764014485,0.080791402256233,0.0528747641970733,-0.0788789594204446,-0.131970641019172,-0.0567940042631319,0.025471285477062,0.0225910001100543,-0.126509474133363,0.176906523413304,0.180411023279183,0.142029493165894,0.109613642530798,0.186653247974745,-0.143734319524634,-0.140492328631626,-0.145617091840769,0.122818128487144,0.137831749040377,0.0954008979732052,0.0665820314162502,0.0994386507937889,-0.107647606001432,-0.105129232559679,-0.0847272404258467,0.120097343741993,0.0931467293171011,-0.00843788801351132,-0.0855486143712711,-0.0491680673687205,-0.0324650225721018,-0.0250949536901585,-0.103739888002485,0.0772308592496641,0.0371003266212968,-0.0371228846158582,-0.105827651229721,-0.07273378823123,-0.00129742587511188,0.0044623059477785,-0.0736288759187312,0.0779954166494365,0.0363253619528641,-0.127376817385456,-0.229291699494323,-0.211971848721432,0.0798237296052791,0.0932251218927524,0.0264938718498083,0.0667801327521982,0.036277591280327,-0.124679362757087,-0.217863794904074,-0.210997322412341,0.0787555607056789,0.0975089178308104,0.053977069161049,0.14459569160758,0.0649942756197369,-0.0310004882670934,-0.113139265849922,-0.0693141378138284,-0.0343083870944031,-0.0149456444016607,-0.0836022065317007,0.133517314299474,0.0424292371173121,-0.0411277246052866,-0.127035290679832,-0.0899150838802707,-0.0255541936834003,-0.00530328675222376,-0.100832431391922
"113",111,0.264339515434764,0.0873384011767655,0.183853724796512,0.154664178584671,0.261173700965297,-0.211758956919548,-0.190872078466006,-0.164528423137935,0.162308080838193,0.0242255727650525,0.0890754638544217,0.0566038931032727,0.14704438378669,-0.103736357074961,-0.107360386455772,-0.128372468727658,-0.0690953170791171,-0.0213890764847759,-0.165936989947434,-0.176659724877215,-0.120632287400359,0.0854075901065842,0.0788673023189659,-0.0493600265186828,-0.0802387019800134,-0.0306178465802083,-0.178647068848865,-0.180238357403041,-0.124944686587721,0.0935128079283635,0.0816619092236621,-0.0370529228481599,0.104889148528607,-0.0101255531467948,-0.108276720255668,-0.211301314556001,-0.0730865409182486,-0.00649334695222085,-0.0329417609723814,-0.316704394670076,0.0514648031412974,0.0068589378201579,-0.13941509723527,-0.23755719424848,-0.114476555344329,0.0397038953460136,0.0113369571768508,-0.248731331683133,-0.0362914406060075,-0.0347048252532675,-0.177727275450925,-0.183899640885572,-0.142749765319137,0.0982944936476607,0.100598723581462,-0.0420870565991509,-0.05832939907583,-0.0398788276946114,-0.183032915262591,-0.18415474744786,-0.146419405606273,0.112427074452134,0.109290675606621,-0.0182962167718625,0.186527423797378,0.0836723432297759,0.126036618707023,0.09931753085472,0.184324395836558,-0.150910030398914,-0.148327861539013,-0.159253990346556,0.18183063050732,0.100678464521626,0.130053448940849,0.10015766670481,0.169560536917639,-0.168030606661988,-0.160102535657183,-0.134888738763026,-0.0107191729823737,-0.0132142710188173,-0.11904042485646,-0.153222096427272,-0.128268238520422,0.055715542291819,0.0654407611832509,0.0204492831269195,-0.0659674321735669,-0.0335970365674426,-0.154574145411594,-0.176438333670412,-0.160071016335542,0.100342420118923,0.112858247213735,0.0895009367194644,-0.0420586827564989,-0.0425466508678075,-0.220795151990632,-0.253236090102604,-0.228735922920141,0.127800005821911,0.138759016009156,0.0759503576356774,-0.0764602360650326,-0.065952759410096,-0.242138912282318,-0.253809086446942,-0.233102841339679,0.152311868867695,0.164978200962165,0.111724785565642,0.00155834011854916,-0.0275856081513577,-0.147725612892425,-0.17046909448206,-0.149944644681199,0.0657025646652615,0.0834069902308284,0.0350972412827553,-0.0158975234754129,-0.033359613335802,-0.167904149147236,-0.187813918139179,-0.175887749210011,0.0804571950765879,0.0977890152511748,0.0579114779394072
"114",112,-0.0159509855604909,0.330765191186966,-0.0188589922143618,-0.019354926504132,-0.0284609778766171,0.0273521822057783,0.0238688582588549,0.01006611107588,0.115057531518951,0.512603426213544,0.179526075354826,0.224031099030769,0.177543775407426,-0.0949597950684309,-0.0785610957152737,-0.0649965535245922,-0.13712954653228,-0.180067372457041,0.00631376266886757,0.0418636183268565,0.103839225475525,0.0106749256453328,-0.0124198017834848,-0.118340068725287,-0.147437821324766,-0.187320442797005,-0.000566223522729113,0.0340878427803056,0.11475570854341,0.0122778844818003,-0.00663346598907363,-0.118683241274973,-0.0154822922595854,-0.0283269574185708,-0.0390136522308917,-0.0681869859883161,-0.0052468396956984,-0.0160450981927649,-0.0294899557351586,-0.15650901117092,-0.010674824920915,-0.0295805715595715,-0.0140799170147119,-0.0287503565520768,0.0375892027120528,-0.0189652990497045,-0.0332027709734628,-0.180877956711038,-0.0235718896131228,-0.141630012368417,0.029879445655428,0.0433307479830961,0.0887940012919447,-0.0255226385441584,-0.0414860060813871,-0.169350948542715,-0.0380401546113176,-0.146063546814433,0.0173073780443917,0.0359486841955472,0.0789117806805836,-0.0224430052360296,-0.0392664917319644,-0.176437080330643,0.0686293944701727,0.231551562098111,0.0954075858910152,0.108225178101984,0.0519191778775397,-0.0400598648645835,-0.027600955914547,-0.0244456378638266,0.0250857596006945,0.0999785794164019,0.0460913047292819,0.0587904231866054,0.0148701928582243,-0.00274592054094367,-0.00137279546377228,-0.00194840274977978,-0.011189800202212,-0.110052892138266,0.0696494057363573,0.0418953103490457,0.054573699206466,-0.0157978936159091,-0.0174059587998662,-0.0651823895220487,0.0614788785499504,-0.122367238311455,0.0841907790026229,0.0549608225766417,0.0742251389949617,-0.0960354898439961,-0.102532248878891,-0.193558119388923,0.0575626234241642,-0.0189368729774674,0.0647256409566742,0.0531737630930667,0.0554658331897842,-0.0660525345679592,-0.0403310306177335,-0.0599234137047888,0.029407320501075,-0.0361964818172783,0.0778521767023089,0.100127466454682,0.0953903835434572,-0.0560508027624738,-0.0387174990351194,-0.0507291460316755,0.0370109535049799,-0.0815762851524465,0.0737955997648774,0.0316200379513841,0.035437434212842,-0.0325327614089374,-0.0314596950641721,-0.0783485864206631,0.0916093589922001,-0.0435985746298146,0.0720866612091955,0.0260870572204763,0.0318361134082512,-0.0754093628519341,-0.0780657491831277,-0.131049877350444
"115",113,-0.0253829723407404,-0.0571641500546079,-0.0131722574683006,-0.00236650130758403,0.00261632727002498,0.0282497607282122,0.0242660159164179,0.00599972273178421,-0.0869915749771331,-0.0618690737667822,-0.0613533124294767,-0.0528704167290246,-0.0686693326062172,0.0957351288170546,0.0850002806100476,0.0412153783180214,-0.27289208654416,-0.222793491990267,-0.149103332872695,-0.0837051234752924,-0.025793061667052,0.167005718562903,0.159314756742393,0.0689369476885645,-0.297968225498449,-0.230907673564543,-0.168731650713235,-0.100579573788853,-0.0305860242741628,0.178473536741169,0.167250002554758,0.0765485819358349,-0.0919218318482305,-0.132822841780881,0.0293873143712354,0.0969391495656626,0.179960522566477,0.0517376823648303,0.0344142150093006,-0.193071760384401,-0.111533245528177,-0.109989727518705,1.12458591945469e-05,0.0619429147474004,0.150900964134987,0.0787999627929564,0.0537607316298215,-0.149196357626925,-0.264565832811223,-0.236288606808834,-0.152540225348618,-0.0660858357524631,-0.0286927065110502,0.216470555434124,0.219117255675154,0.120641241862944,-0.275081825488399,-0.235969934864327,-0.1500988756811,-0.0650005856869904,-0.0268814707403009,0.219617252411695,0.213001099216364,0.122588448211046,-0.138710770483437,-0.0866040075601546,-0.109427085699949,-0.0964290080172574,-0.126047883462449,0.143087469247546,0.139012827671264,0.0914042169683739,-0.104890952774581,-0.0984354722711141,-0.0837586265129655,-0.0739897342668248,-0.0931855226533857,0.100152339040276,0.0951866610715881,0.0607403853170953,-0.186021193307595,-0.201146629184868,-0.116471472929992,-0.0932771315001935,-0.0747219487494826,0.163709853510137,0.166327975712304,0.134797886526395,-0.209994918288612,-0.220134792923078,-0.121780629228474,-0.0774287788445529,-0.0504316754159423,0.174543964085722,0.180657178792695,0.140632642754792,-0.208774644005716,-0.162225075362163,-0.0914618640848287,-0.0439487027957077,-0.0330978687099326,0.180285406949687,0.189161914776848,0.121642152428462,-0.212721750589809,-0.176841897781907,-0.0824270347216664,-0.0120899242632659,-0.00967786892578836,0.168793023210048,0.181869581361735,0.133939865021232,-0.190284704991704,-0.194683933316883,-0.117468480666702,-0.043372826999335,-0.0282956074868878,0.182765694409912,0.190122521925459,0.15985447854747,-0.196613656603688,-0.19913808830761,-0.137552152788018,-0.0565069550159411,-0.0426940191780861,0.191768525547797,0.200994824190001,0.180755232037613
"116",114,-0.0512779849356812,-0.0909499686147044,-0.0615247931280826,-0.0589688223371232,-0.0521180372289952,0.0556326485955476,0.0468058072006867,0.0145706235619699,0.171300134307268,-0.0588636279064587,0.135989077919517,0.168771739682714,0.225916437169741,-0.167100928217673,-0.162526839128758,-0.167612449085249,-0.0647346306393743,-0.12028474000831,-0.109940983594813,-0.0692544156550927,-0.0176532924648624,0.0616663871454343,0.047377831754102,-0.0895647269254337,-0.0773483513871235,-0.127588337614962,-0.124056654595336,-0.0797623639040442,-0.0263808241694795,0.0707567154453243,0.0579473518947996,-0.0877011690729018,-0.0482951832834403,-0.115217226656684,-0.112980289348199,-0.128891871021174,-0.0426002326136499,0.0690229912281236,0.0513534366692577,-0.121889045178138,-0.076652819420233,-0.129455180223318,-0.128426309131568,-0.136312759431783,-0.039434406743739,0.0951562657985102,0.0806616862213775,-0.126662864613215,-0.0248133647522179,-0.145247613036853,-0.0951370741643346,-0.0570745220014409,-0.0137611530343694,0.0666264649048239,0.0650047391925148,-0.106387293247253,-0.0397966259262873,-0.147138374587682,-0.0987614162006795,-0.0573262835479174,-0.0139019672924415,0.0770910505633068,0.0695275209940014,-0.101223781590324,0.097944147987558,-0.0239523642425121,0.0631900915970037,0.0657415891488361,0.0878930705952506,-0.107196096064411,-0.105332867255762,-0.121502678172403,0.065199422621786,-0.0298485992078072,0.0352737079166567,0.0307509117775668,0.0434103715656836,-0.0847682107612568,-0.0826114890424328,-0.0748327477597704,0.00703461623423591,-0.122271881451234,-0.0715123732873636,-0.0674212438050451,-0.0564038199508575,0.0193828278653649,0.0261250248662041,-0.052467828984046,-0.0358124004271625,-0.13970895930102,-0.0938901490041443,-0.0757056314170668,-0.0671161084598317,0.0527107134229341,0.0602897290045782,-0.0055451101707505,-0.0745629194902794,-0.174059614853545,-0.119775489748412,-0.0924482709603531,-0.0839318334359669,0.121980966241403,0.130071056933979,0.0604638332049382,-0.0856151478833498,-0.184531908790093,-0.125873924926647,-0.083845659100569,-0.0912233572491734,0.120265597037915,0.13111687969589,0.0643291277975999,0.023267059046814,-0.129219386635961,-0.0802064912696328,-0.0606391814255331,-0.043475850058513,0.026753849381166,0.042118724642018,-0.0377533941345834,0.0151526861863207,-0.138278295358981,-0.0885161234925111,-0.0711708662412913,-0.0584236575992262,0.0341561890117047,0.049382550495986,-0.0293073361133401
"117",115,-0.0387072676037165,0.155740980030317,-0.0451480109672936,-0.0463853423815666,-0.0514160817318978,0.0462806389209759,0.040153667341579,0.0193867032871437,0.0528233475608102,0.337766561179005,0.0855432085238322,0.106616035341606,0.0732278264809343,-0.0436423839477634,-0.0353519498332908,-0.0270941708033121,-0.233139138700732,-0.215001586044591,-0.104097380923625,-0.0607049520453385,0.00955616257817827,0.107087005010536,0.0911628478603324,-0.000406581399134063,-0.247398730692667,-0.22111551082118,-0.113192614095168,-0.0658383580165661,0.0166586323074323,0.108979514521954,0.0938050571592246,0.000817867006610371,-0.117323901496302,-0.108508722796436,-0.140232960622905,-0.142079143598761,-0.0633098035401791,0.0784579299333439,0.0581800537385861,-0.0624806678689626,-0.111399984717331,-0.103965178091559,-0.121303980503576,-0.113394295341343,-0.0266814833283438,0.0713504996219583,0.0556633499183482,-0.0880719768798094,-0.156912570462289,-0.201200268725247,-0.093300564699511,-0.0442140613333694,-0.00370840212866677,0.105055030508437,0.0935102225672143,-0.0124371997972373,-0.170033500319449,-0.203523916495682,-0.0975610434476863,-0.0460946157220566,-0.000610350244050254,0.107924777736585,0.0920271292352521,-0.0189197188452166,0.00355649416125884,0.12577522028136,0.0223562959142056,0.0318730036762647,-0.0138919840819475,0.0144427323039779,0.0197998251573298,0.0141930100233948,-0.0182288408280149,0.0304929786566345,0.00139440440062313,0.013005589918789,-0.0208255752239358,0.0333651274670694,0.03092688957087,0.0191490015725988,-0.114074101658507,-0.164549734331907,-0.0548486325898843,-0.0554188430888943,-0.040594617158026,0.0838557244860323,0.0821616329955711,0.0522957459783274,-0.0913579887125018,-0.183526925252129,-0.05498259087371,-0.0455444309809977,-0.0194679746264025,0.0496704628836029,0.0463485437855124,-0.0135693639196156,-0.0833053105783317,-0.113485738527877,-0.0722355393491141,-0.0346902007119716,-0.0300521058479485,0.0631448387005255,0.0721227075713044,0.032493913505173,-0.0991812828947733,-0.125842809819253,-0.0620266504713256,-0.000177599137905254,-0.00370693268495735,0.0627796871344479,0.0684662134877398,0.0360239550380909,-0.0884618493870666,-0.148219134047388,-0.0636272412825914,-0.057597287801082,-0.0472697629070658,0.0856915343099635,0.0822859166185886,0.0495859276541792,-0.0592336562075968,-0.130661658903726,-0.0721035698277872,-0.0662182883566917,-0.0561783543483925,0.0701168570564578,0.0695984014996617,0.0279805853835888
"118",116,0.0373295091671479,-0.0389481059635866,-0.0121198823996362,-0.0265125195375376,-0.00864118014383555,-0.00944106541926297,-0.00454464740576344,-0.012733961158763,0.0130288721129074,-0.0939536471843363,-0.0545695053853076,-0.0774415675327381,-0.0629398752177696,0.045538427779855,0.0420476739689705,-0.00418151923915124,-0.311594985486545,-0.15074046304383,-0.298031118012329,-0.254245631775978,-0.256267585643633,0.277004952500341,0.281616758745687,0.295692728273963,-0.327581252300275,-0.155654254906383,-0.313100379475825,-0.257314627204385,-0.259851445668191,0.286289322545174,0.284965739283534,0.308669625242492,-0.194644956309652,-0.124751295540284,-0.299811792809766,-0.340580717869723,-0.327678905767268,0.232598326846123,0.245401707145614,0.275363981299337,-0.21209377965798,-0.110457732989397,-0.319718763970117,-0.36036629059683,-0.348023201684206,0.243340539631432,0.265656508290865,0.351253370767728,-0.299434508371472,-0.168235742436142,-0.311435979160739,-0.250074604314137,-0.247063118134439,0.303665565211278,0.307886066584865,0.30184635804675,-0.312286467475713,-0.169082982939171,-0.305314828541572,-0.245452426794948,-0.246811331998881,0.307784335793095,0.300629991938646,0.306693438950182,0.00083768786440501,-0.0426672519995726,-0.0453639687270006,-0.0492416815418989,0.0287671253004297,0.0267803710770765,0.0115395395221959,-0.0479468205265586,0.0305671130564472,-0.0283968581448137,-0.0131488791991987,-0.0195728798886603,0.0507923498349627,-0.0111158360398578,-0.0239136640351577,-0.0629825631882593,-0.279834966871804,-0.167278110487298,-0.265734261409966,-0.232254179004846,-0.213727367104563,0.267279782653835,0.259949250582114,0.238622273897594,-0.309474452191506,-0.175175066547923,-0.291774426232047,-0.249021997990472,-0.215392007867433,0.292144438362907,0.28805200114487,0.250225177076531,-0.316185649843048,-0.176221892300427,-0.379621488353285,-0.316293129314608,-0.210257680680028,0.329850903910339,0.293072622463646,0.112220294286251,-0.338904128517609,-0.193846128405516,-0.402343443568558,-0.320825053509521,-0.218473835095141,0.33945314844901,0.309931143013916,0.125977581603082,-0.27264053584706,-0.167794096896509,-0.292199239769903,-0.231702894277774,-0.205558697295803,0.273312105245211,0.268940746747743,0.237094447100283,-0.259227795179925,-0.163870493694725,-0.30392740223432,-0.246462074087126,-0.229725636093122,0.270678627034104,0.270676211359544,0.241646729270758
"119",117,-0.0147388182656382,-0.10206980412941,-0.0149256373048964,-0.00867993929539881,0.0375533318583762,0.00238139069637426,-2.95265528384287e-05,-0.0162894516796403,0.0207306123019999,-0.132393799357104,0.0475054927409162,0.0491520037268512,0.144427881558609,-0.0774030181469359,-0.0755242020646371,-0.0683848801707438,0.0670906581927049,-0.0517738175252167,0.0523945060884181,0.0228574970100849,0.0831749672578362,-0.167008557004464,-0.208796271669968,-0.304167109678796,0.0588659983527224,-0.059324043825103,0.0371783095577858,0.00916034095424078,0.0707150021616665,-0.159796543358555,-0.188097426678507,-0.287508092957157,0.0109798265010927,-0.0564688970323182,0.0123833070680296,-0.0152079825308977,0.0249434823410041,-0.1047564554242,-0.161980128286837,-0.276328390149428,-0.0277398028384549,-0.0841536556374011,-0.0203401705547489,-0.0324593996730303,0.0345260546013596,-0.0615777748402433,-0.110506425646847,-0.21790543244709,0.101383687462928,-0.0814712243952276,0.0731082416865818,0.039225270117758,0.0874044562555617,-0.172199195139579,-0.198291905875275,-0.311107283194728,0.0905211356592965,-0.0828928108738417,0.0642545556335113,0.0355217061531944,0.0734234477250147,-0.168912710780965,-0.203563982157813,-0.314831480678762,0.0626651680246874,-0.0535487510944387,0.0952655645567886,0.0994929956671376,0.149475899376432,-0.116571671993652,-0.103894782656714,-0.0862111993309905,0.075312921994612,-0.0335723877676622,0.0801126690362081,0.0740401522785629,0.0989032645776142,-0.106397690800557,-0.0997574740152539,-0.0760292435541998,0.123966192073872,-0.0523490666923769,0.0983697371383893,0.0333041230564986,0.0507469518358665,-0.193677864886401,-0.204478168812979,-0.239142397296629,0.0825131687583594,-0.0662838945848847,0.0739138921009636,0.0199562836833564,0.0243457577166969,-0.16729663197699,-0.182813487051396,-0.218734743271721,0.00671337306780833,-0.122991961685305,-0.00388990926126153,-0.0198579589647634,-0.0069431157474289,-0.106782907560736,-0.124870108751943,-0.128941026342057,-0.00440157638779464,-0.131900082379006,-0.00627797414785411,-0.0175209274257413,-0.00951448968616739,-0.10447447418679,-0.121045815309552,-0.09383336919739,0.13339539737008,-0.0685639079444351,0.094764686556404,0.0197567466122682,0.0296364957368084,-0.184692469183092,-0.184460459852377,-0.214412178386736,0.130957472593952,-0.0736980927232721,0.0974107132402162,0.0237777630823445,0.0367630390949605,-0.181343849798175,-0.189676954102731,-0.228913141938834
"120",118,-0.0881340355374988,-0.0822937186405758,-0.0928213365460203,-0.0936449125988828,-0.0920599280490842,0.0892567355750076,0.0755427852912564,0.0349395747449351,0.195533003964744,0.0943091783758689,0.118996816461114,0.0725365363922787,0.219135449349189,-0.138698996613273,-0.142772410638312,-0.158618220423592,-0.077022780141953,-0.0533395750252331,-0.155475207066752,-0.156430313181255,-0.105729426121163,0.102953003479329,0.0891467875234347,-0.0339693498412707,-0.089938538192241,-0.0618012191518125,-0.170219053760058,-0.159490627449653,-0.110808426005832,0.112461745517387,0.0962352525400214,-0.0227914526182991,-0.0172277048294255,-0.0306647276491289,-0.192341370484158,-0.250975949814778,-0.15490165917828,0.0838906837092026,0.0627672186012401,-0.0810585938568545,-0.0372184165125057,-0.0480857412169013,-0.201617698109662,-0.253805936640205,-0.152623894107255,0.106958357778685,0.094784073144294,-0.0917344447077252,-0.0349984501278322,-0.0625059533291201,-0.166390044559425,-0.157016857859028,-0.122564931341876,0.110392532046177,0.10724134809854,-0.0278966860395343,-0.0488644837904942,-0.0655626452235195,-0.168373604510135,-0.152769996335316,-0.119259900874859,0.118975739502651,0.107626959908822,-0.0249678857169371,0.105040858169962,0.0540895684572137,0.0697063170834331,0.0451598238394906,0.132661952524819,-0.0841233699233448,-0.0867666756295158,-0.102401362132435,0.0677797221531949,0.0249043857286326,0.0439245236433397,0.0236128663450459,0.0739708242980334,-0.0655164711437704,-0.0675418328534405,-0.0568401015266637,-0.0283458805272674,-0.057571086864816,-0.112656948082275,-0.141971350472348,-0.128761732287489,0.0782229510541892,0.0808331310240913,0.032052118137185,-0.0670514569246175,-0.0779556888068689,-0.141744892090433,-0.161736963717205,-0.145200883767564,0.108677522395942,0.115142786369793,0.0724174558160947,-0.0450007967838165,-0.0820981362353179,-0.213761841074164,-0.2077902334752,-0.19268675849051,0.149545654619929,0.15278148181353,0.0802990797571855,-0.0575424510746473,-0.0905479240110109,-0.220460932047603,-0.204258610479427,-0.196765686923254,0.15206356286529,0.160229496291991,0.0944411145512245,-0.00603199924249385,-0.0605697794789539,-0.141554594771882,-0.151977623985556,-0.135320824841447,0.0805039413689328,0.0910510531721663,0.0345142933667368,-0.00893392136794827,-0.0694353075775131,-0.153289683018961,-0.166826701742119,-0.150648371888778,0.0858312138801427,0.0980759823604944,0.0399403147398058
"121",119,0.0737341895874818,-0.075589981198736,0.0860235881998539,0.0957348543786846,0.170893557051129,-0.114577547838375,-0.0999237760967992,-0.0685831098740364,-0.0752148848289372,-0.18463274636915,-0.0634340513834722,-0.0597613746654428,0.0240533011650904,0.0341939333336219,0.0246834163979774,-0.00456705862460916,-0.173144189133247,-0.139913971486158,-0.148674332144088,-0.129393073919006,-0.088640268092681,0.095761794848471,0.0851391789135511,0.0213353491326538,-0.18779088258479,-0.146208621692144,-0.162341984488388,-0.134465704252331,-0.0880893481109251,0.103410274443931,0.0916127841154423,0.0295310495275135,-0.0693012507494148,-0.155205084016046,-0.0636380538126617,-0.0537316992536461,0.0524525918969185,-0.0212205693168103,-0.0667369785341327,-0.260435801998722,-0.105596258180295,-0.141570556375966,-0.100401074378581,-0.106775433605547,-0.012649839061083,0.0217139595513751,-0.0139272065530789,-0.2175266698667,-0.161739085142322,-0.171285680374383,-0.144927862669179,-0.11174536488028,-0.0742010688906086,0.111150488494321,0.109163896884937,0.0283131045466018,-0.17781463427308,-0.171259256161596,-0.149071313780535,-0.112855557950164,-0.0818247857177979,0.121611934302967,0.112443463074409,0.0336401305509873,-0.00140782613863084,-0.0887955431540094,0.02464432126257,0.0332798666678987,0.0841705515480541,-0.0440761472723808,-0.0397661240215615,-0.0378270034202552,0.0319501066857291,-0.0616492810124026,0.0431364099681973,0.0420540947138276,0.0846983440747978,-0.0696915454346911,-0.065435270409993,-0.048959724541583,-0.129007715991196,-0.151459189612918,-0.114086469854038,-0.119813890752618,-0.109635862804119,0.0836789919775911,0.0895244751775262,0.0820867811520683,-0.177208226392348,-0.164361489732864,-0.145120789694237,-0.135591326546432,-0.125882984127199,0.122065805792369,0.128600247670188,0.128113518217126,-0.199121517694566,-0.200823850503663,-0.175813381385455,-0.138614300253981,-0.132408723949868,0.112533295931703,0.100091197912674,0.0790332246312274,-0.217603470960884,-0.216779560409509,-0.20563138100245,-0.157025773747667,-0.157474007529127,0.129180286727655,0.12225520760381,0.0972953509652568,-0.126102291282278,-0.162463336892304,-0.122593773942221,-0.110378721437437,-0.0964295924774595,0.0909894922801081,0.101475194655093,0.0886653337509141,-0.134655733184421,-0.168230267535092,-0.140369203055315,-0.124148681651284,-0.115723628964763,0.100644327038262,0.110376831753409,0.101401530027446
"122",120,-0.0100656882648424,0.0389090014744455,-0.00752935254494285,-0.00814938809971578,-0.00746652925456717,0.0174335888897554,0.0144948281253254,0.00330308617006973,0.120071834538608,0.187587897173515,0.204265230018478,0.260263135738211,0.234474355281033,-0.106154596801748,-0.0916212334791341,-0.0813586570577984,-0.0912578778312718,-0.0690058046936071,-0.0508439884247267,-0.0400686534155305,-0.00301833616966895,0.0393757447582662,0.0179719475778118,-0.0679657195366626,-0.0926689866584255,-0.0738535584257215,-0.0566888508401201,-0.0435695442027858,-0.0153916323435797,0.0414397811181023,0.0228599346581316,-0.0742697493623686,0.0136129927483197,0.0441241740063744,-0.0262773824969265,-0.0580635314001637,0.00450046313119115,-0.0205277141116334,-0.0305381821487715,-0.155062773300078,0.0160889754971645,0.0376235276485627,-0.00510464363138338,-0.0211042049757099,0.0389428556660108,-0.0215345665403637,-0.0367611552314464,-0.21627878509464,0.0185659563450073,-0.0315340188761816,-0.00057618291814846,-0.00834454331684906,0.018117938677637,-0.024927039077896,-0.0382154687771022,-0.164505257811548,0.0110107350402326,-0.0301814519373657,-0.00684185715874273,-0.0105145071370453,0.0177549263109854,-0.0241459562316677,-0.0447995035098143,-0.170301508303848,0.0682450242350258,0.0813016770331619,0.116699774993044,0.139091179247328,0.104174763853979,-0.0537465987606757,-0.0407267194506632,-0.0423650295618855,0.0234126594039993,0.0257791958964126,0.0564181077763571,0.0705851886757441,0.0387929345354127,-0.0142585303525918,-0.0110603978586001,-0.00746125252889098,-0.0429677452844021,-0.0804753614221608,-0.0159505120790817,-0.0379356794450166,-0.0360075138436765,0.0180765489724767,0.0173848165337116,-0.00321972992821202,0.036589316389812,-0.0603437329027885,0.021840703430843,-0.0129477393528022,-0.00389445522319918,-0.0586438921843326,-0.0625705111233151,-0.115992410343925,0.0886328632802052,0.0640547588957524,0.0878132442266928,0.0572336169596509,0.0490276917124517,-0.0665303565874775,-0.0408444535393131,-0.0849796881707978,0.0558572997336755,0.051860174040453,0.0874621289906477,0.0840133726863988,0.0719386746961048,-0.0498973836135363,-0.0286818226434541,-0.0740229878182903,0.0227547826784904,-0.0541160476161656,0.00587313635699595,-0.0316538878983964,-0.0293381306542144,-0.0225603887828512,-0.0201380774527343,-0.0605144567885223,0.0810781342891472,-0.0208104920864019,0.0231913034131728,-0.0311560684317657,-0.0278447623960274,-0.0690424967507205,-0.0685679358434547,-0.124816853535473
"123",121,-0.024961388048281,0.0535083007156995,-0.0277421451918364,-0.0284037184166594,-0.0296364387017506,0.0333087649057861,0.0283068745762341,0.0112866474124858,0.0773632754797444,0.194637181625564,0.13343673294946,0.170620565707743,0.140095788442607,-0.068712640123422,-0.0564351558346257,-0.048617493405616,-0.165669806856918,-0.108539355251661,-0.121217334928336,-0.092168319213841,-0.0564285183407739,0.115214676679576,0.100271093543331,0.014154635611101,-0.170667458603636,-0.113122745271705,-0.128274400518733,-0.0965473006170843,-0.066787006450346,0.118743374779467,0.10406176658063,0.0285329432519968,-0.0619339682029335,-0.0174325862422397,-0.101543251935764,-0.104314312909127,-0.0502078253401138,0.0516493058167221,0.0374355534773739,-0.0911836788720317,-0.057476306301544,-0.0175016547179526,-0.0807104648175816,-0.0713877317280183,-0.0135992648242908,0.047629822818232,0.0353906826845563,-0.104255056791355,-0.0877650773892279,-0.0862218107467156,-0.0910943544559579,-0.0595930478172206,-0.0367919887383229,0.0847046902492111,0.0789636731038658,-0.0245544297793707,-0.0963284094660745,-0.0854052121154733,-0.093446406639773,-0.0589368636250457,-0.0359054933237376,0.0861966616468522,0.0737416887484545,-0.0337474502880526,0.0260919984513519,0.0690381214557846,0.0603523219325624,0.0763957342191713,0.0381278874846119,-0.0161417116341796,-0.00836294073505352,-0.0103705711055073,-0.00462223108824286,0.015500453812119,0.0220971996932122,0.0364301702077655,0.00472070306177771,0.0139948950354484,0.0123223109017015,0.00689933305043901,-0.118347327609111,-0.119725217174849,-0.0916469052424663,-0.094252563194987,-0.0878610173571754,0.094013866915595,0.0926669470411789,0.0838572183985185,-0.0787218274823695,-0.108461571559831,-0.0762631018038505,-0.0742634448825397,-0.0634908607008435,0.0580597791598196,0.0601814936074099,0.0320994047673829,-0.014729126243891,-0.0030916713335722,-0.0145055332338818,0.00557499734717866,0.0049786154760341,0.0312724677383878,0.051598285391673,0.0176470089755355,-0.0356693365838705,-0.00868416962653395,-0.0125778758858082,0.028868111052065,0.0204010982454512,0.0387732847029802,0.0535212577796544,0.030659295028617,-0.0747950326719503,-0.0983579591743338,-0.0896216900389008,-0.0845027944667316,-0.077126030061744,0.0740037572787004,0.0769921575118918,0.053390826500384,-0.0372691175232549,-0.0765647654044721,-0.0847819853903147,-0.0875671007006005,-0.076255391183277,0.0510507728812184,0.0568359055145923,0.0281222466875194
"124",122,-0.0757626175567487,-0.102730441020851,-0.0346660378394882,-0.0274695908031153,-0.0428833306473581,0.0829752937888515,0.0703733762786617,0.0330020023448744,-0.161341294836521,-0.181310929052222,-0.112929194281442,-0.118169078965255,-0.147291129258756,0.180206555487167,0.161235061924001,0.0830118546085107,-0.40151582863419,-0.264730051466296,-0.208664446218508,-0.0698724569460332,-0.0659970487791542,0.317178415834237,0.312986626740099,0.311540891693968,-0.421208768331704,-0.268530381961899,-0.219020634993102,-0.0712453370504969,-0.0639719502535855,0.328137030914365,0.317168416108145,0.323969765384125,-0.373393955985373,-0.291159130410532,-0.037899254536164,0.175110356645015,0.200627343118232,0.324590084151844,0.316420525439827,0.317516592378369,-0.380074681167208,-0.278449164137459,-0.0729900365163156,0.123160424087913,0.134884586605019,0.328913802590695,0.333558567917957,0.367762620961492,-0.41176266439149,-0.296668124141419,-0.1854067148655,-0.0443190053678408,-0.0321308951717728,0.358889971901384,0.352588763810571,0.325861294181707,-0.422904478013702,-0.295679253940723,-0.182948143281375,-0.041707105391354,-0.0276147523104555,0.360964226943086,0.341431491547613,0.333883396129294,-0.183420086902184,-0.141833599535373,-0.10071834033997,-0.0843234297579908,-0.11579464463449,0.188787289663538,0.177329636002576,0.109419594747576,-0.130396888552406,-0.122380385586015,-0.0615804020772739,-0.0491650608146429,-0.0698513209730294,0.126649832009836,0.115571229841025,0.0692343925246186,-0.360502939774108,-0.280464911466426,-0.180807860251411,-0.0741412341042682,-0.0366784898076946,0.304990146687557,0.289790199889591,0.256434462419514,-0.398159809625971,-0.290237529388217,-0.190376628498468,-0.0646358388300221,-0.0243301968751104,0.333991883637974,0.321976394602004,0.273814497668333,-0.463454975530114,-0.324037840536203,-0.107382203579223,0.0699111218634389,0.156515895611493,0.408513662378995,0.353959785400348,0.13052150426423,-0.464935278264736,-0.337215088299979,-0.165404826112924,0.0189606650469266,0.105197660047407,0.403944441218296,0.358524424014127,0.134446009385548,-0.367228137916714,-0.276456079396024,-0.155745922867746,-0.0156539022074443,0.0199605178938668,0.320514876488291,0.306886418623917,0.266482679533616,-0.355935213764674,-0.281047444289783,-0.154937014620096,-0.00101087206790082,0.048242672832174,0.320931166054473,0.312328802813696,0.275331509581376
"125",123,-0.0778346545617498,-0.121252141273035,-0.0839827745377065,-0.0842357930745838,-0.0711861323191691,0.0771182514809352,0.0638823937348143,0.0260312976440308,-0.148003697913678,-0.148941574146102,-0.160180332084968,-0.178436436776806,-0.181504017331538,0.162099106255149,0.140358475708681,0.0661186811831678,-0.231132970875084,-0.0983891643323543,-0.188290820587265,-0.168731970872516,-0.136311755165305,0.194980420248328,0.184072514466079,0.115066512931437,-0.241864839397506,-0.101618448466704,-0.198750769099314,-0.171270698437266,-0.139825883583903,0.199977465005624,0.185241442757672,0.122108781199507,-0.22513974543236,-0.191734283508919,-0.242210479938098,-0.287512791487006,-0.145970429676828,0.195984579809966,0.157464029068963,-0.0597063404727563,-0.236141531803855,-0.171750947196615,-0.260068850851273,-0.304633514569154,-0.164835901049729,0.207785824227585,0.172447214581611,-0.04462410652109,-0.25530983782657,-0.142197603755572,-0.21938857368151,-0.182464204524332,-0.155573480818485,0.244477428277748,0.239580686965453,0.164875209820138,-0.263247948343104,-0.140180210958547,-0.214769094237104,-0.178007920115875,-0.156198299712148,0.245686092748609,0.230036847969628,0.166586344550957,-0.187804866847398,-0.153908102154867,-0.166404152986957,-0.160067624199021,-0.172281208131574,0.183665105402072,0.175108497313399,0.111323191835357,-0.139173569563467,-0.143828846895622,-0.12319446936428,-0.117496022740374,-0.124755402981769,0.125546560877217,0.117106116274749,0.0735129704986892,-0.201091448295851,-0.117672788584232,-0.159852939668239,-0.155629244904904,-0.144457610945519,0.190862309870992,0.188645590145561,0.17697026749076,-0.243227401015591,-0.131969994584759,-0.191530366087131,-0.174183304832504,-0.166190302711249,0.221982562806403,0.222914083159784,0.210726733616834,-0.327937462808673,-0.2318507606526,-0.323808166556411,-0.293839326581463,-0.252106832039214,0.298533380460604,0.275596414151066,0.173499893383063,-0.314103915390788,-0.224918166912691,-0.321998136765101,-0.284731002073452,-0.252587569081412,0.283966138786426,0.273472385082505,0.174298162129799,-0.229642171744834,-0.148642231558413,-0.203002159774484,-0.17317999874434,-0.159405071189041,0.223375564190382,0.222076235197189,0.203409661908747,-0.228696710728571,-0.154724362057557,-0.223981309538729,-0.194337460342659,-0.186210387734062,0.229238552208011,0.232299336418687,0.215870032127195
"126",124,0.00325078344705682,-0.087784485373005,-0.00884931133909968,-0.016910040135697,-0.0144196221438904,-0.00935135650923177,-0.000734686119105689,0.00330186885941027,-0.0723145590068034,-0.180585598352812,-0.0769772000048162,-0.0913849227452286,-0.0775982061935633,0.0514245399124181,0.0553189881341033,0.0318381987236846,-0.236386376315409,-0.108819520415032,-0.219535613480966,-0.188739082262752,-0.203358192335822,0.193620052632111,0.200353750378868,0.25041443112089,-0.252420170972967,-0.115668868153337,-0.232161883477987,-0.190908232297806,-0.203549829644998,0.201627473294765,0.206080843766252,0.260795941377327,-0.118349279274159,-0.097712615423174,-0.140408458615246,-0.155674037693508,-0.197248403877334,0.0559395170904847,0.0691709652684459,0.205006964415863,-0.151877580627782,-0.0969203102804797,-0.174061145697938,-0.193166419401504,-0.22629503563247,0.0895007620446487,0.117048552505534,0.270051314890206,-0.221359517817076,-0.136520474698921,-0.210575420508238,-0.16912967444246,-0.175696390556717,0.198516448502963,0.207064601765525,0.234990286828232,-0.235230139897567,-0.135893731335831,-0.209050533600077,-0.164908225484957,-0.171175306386891,0.204484232067617,0.203414811960277,0.253184354406944,-0.046362827894374,-0.107258541391186,-0.027930719289119,-0.0230356252755145,0.0254522896256994,0.0199572368448747,0.0203677347606221,-0.00346802199406235,-0.0162586300581068,-0.0948704315679803,-0.00599296241467696,-0.00501493514943768,0.03971399260245,-0.00473197350995006,-0.0064833228628038,-0.0160218571912344,-0.203916082406365,-0.1182614060078,-0.191186923351012,-0.175335544851527,-0.161306759592758,0.186896508020923,0.184816193558424,0.179753878180279,-0.236649913946956,-0.134653023298402,-0.208473288030738,-0.18257422779115,-0.16708466684272,0.205862531851464,0.204633055262639,0.188491960807447,-0.252755476793119,-0.159989681728835,-0.246736680650373,-0.19948967365592,-0.132381280851791,0.178660301087687,0.154013172514781,0.0596957158089258,-0.282712062908247,-0.179704072600986,-0.288178869130982,-0.223714404098185,-0.15943689589042,0.207025769380912,0.186370612733709,0.0550368803880208,-0.19872404043133,-0.132825993537028,-0.200559573220279,-0.164487014772856,-0.148065690160473,0.180254319570986,0.178633801251781,0.172154686393011,-0.190294178745751,-0.135054700013125,-0.203048288727212,-0.170588433271653,-0.162098116011525,0.174417730577965,0.175282832551447,0.170854683063372
"127",125,-0.0836299827866658,-0.124347103438281,-0.08712424337342,-0.0829784080532726,-0.0744578795330401,0.0763797997725819,0.052326791826974,0.0222240261723646,-0.150714060118342,-0.183354108840954,-0.164035321118165,-0.18051621748756,-0.176781947521329,0.160324557342859,0.140970524841642,0.0672056585706962,-0.063699237167728,0.0183142598550786,-0.0158694177192706,-0.00839180683554789,0.0192342302173675,0.0796983651496545,0.065607548518221,-0.0133208790235669,-0.0601547592735623,0.0168966530417555,-0.0165375187290181,-0.00907252275816393,0.0202425818686374,0.07605083646749,0.0630730834753035,-0.023223581497552,-0.242803423618029,-0.180111564454162,-0.264091145328049,-0.277393987843435,-0.188237457527743,0.233761888659825,0.206836986622193,0.0790947046133781,-0.241094754494075,-0.172278678970642,-0.261501625429639,-0.278957223935937,-0.191688855443003,0.23291070376389,0.210805166057448,0.0675017885648247,-0.102854462588189,-0.0441948035155553,-0.0617097035254207,-0.0263157015047314,-0.0100887455615347,0.148159200698139,0.143489466632598,0.0526532344897812,-0.102508438707057,-0.0377081625150284,-0.0560997829456485,-0.0214749308396151,-0.00381964549572374,0.14464024764778,0.132350854281896,0.0407468118669916,-0.195554927655724,-0.175212114658595,-0.170840351825672,-0.162993450691714,-0.169866939397919,0.181814794128099,0.173027985494893,0.110299719287243,-0.148278735372045,-0.16764392227136,-0.128174920130283,-0.120708350396753,-0.119141273770951,0.124433500262162,0.115972442480636,0.0725107836123808,-0.0408771775385118,-0.0146254854907954,0.0112339854506035,-0.00327159466460061,0.00417081608048333,0.0823067116297821,0.0823544990732255,0.0413653921632619,-0.0598383938984233,-0.0134246078913935,0.00182454661119202,0.00738999513425186,0.00774886971478692,0.0964164139161238,0.0969633549321533,0.0584372196853047,-0.251684872434878,-0.183324430529432,-0.247192695063395,-0.218594767542664,-0.198767117842911,0.25864414558958,0.240833948748188,0.174173207698866,-0.232350032632912,-0.171609912808013,-0.23567676202344,-0.205444003161837,-0.190990022598078,0.237320561983486,0.229294708792371,0.158043036377398,-0.0943769781056008,-0.064963569997883,-0.0551308092177266,-0.0351146765888945,-0.0325238926314542,0.140992285668243,0.143252930546415,0.110674782086523,-0.0930059575093595,-0.0734586016356154,-0.0746694967492311,-0.053480286857827,-0.0496398328492556,0.144470649511498,0.150946629235709,0.113327103995138
"128",126,-0.0687545354813413,-0.0769160429077266,-0.0749785370292596,-0.0730288077368657,-0.0673357485231715,0.0683347908749478,0.0562034800711099,0.0255961009603102,-0.11743518410718,-0.106687027610312,-0.131504205763508,-0.149395249575246,-0.151324334629992,0.129069287702558,0.115040647411394,0.05518565635547,0.0542785871685488,0.00647994938192486,0.14813347114317,0.190565595849031,0.219099923120645,-0.0933166079781409,-0.108152676298901,-0.177774647343816,0.0640894576725638,0.00433342694909886,0.154885969804612,0.19016858346518,0.223752217285706,-0.106371470633677,-0.119779828410795,-0.193969335906184,-0.180461166030721,-0.133664952092732,-0.198636002274123,-0.192014063304249,-0.128942439285767,0.154615494179988,0.133949942312108,0.0198398685052921,-0.170868290951431,-0.121795734417844,-0.19002822994174,-0.181812413067917,-0.116773670762607,0.14666261944902,0.134971828348695,0.0262299342150978,-0.0024872436782224,-0.0532727697499058,0.0697846112746305,0.14184354155292,0.165356583423588,-0.000644997226396134,-0.00385650688425922,-0.0882033486392062,0.00176581145165981,-0.0478597962427887,0.0794900347011018,0.151768673562568,0.185176134776642,-0.00931350371433069,-0.0175078907406255,-0.0946531218378259,-0.165874593406176,-0.126101246137319,-0.148840553684843,-0.144128125753997,-0.164533269105476,0.163057138244209,0.157285963841935,0.10433835896125,-0.123618410756459,-0.122752839090556,-0.110869841747659,-0.106610340929222,-0.120073044731633,0.113352868017306,0.106823030711423,0.0701423196639723,0.0709952759497594,-0.0240116394677885,0.160943156914507,0.179556026926833,0.189738524262219,-0.0780536682078343,-0.0749849965350836,-0.12542150699247,0.0575454081683486,-0.0295578627661654,0.160753181654431,0.200269024925088,0.204052928949813,-0.075718274707992,-0.0748490435560572,-0.112028160661128,-0.156666956218947,-0.119171754979953,-0.135384370938064,-0.105251829684958,-0.107546931857812,0.134825650306229,0.129926806279157,0.107901481362152,-0.131638772015993,-0.104645608809764,-0.11148625403795,-0.0817695045011227,-0.0861223173530326,0.102261792200502,0.102629337828724,0.0905502231559166,-0.00174648373596858,-0.0683421538855515,0.0730954279844027,0.130962498049972,0.134454612750548,0.0105388816646868,0.0151578691784604,-0.00913803872812107,-0.00369757861988072,-0.0747804214849113,0.0452203273793784,0.0992570053738839,0.109624569046408,0.0162570111753013,0.0242579462892812,-0.00184183019434552
"129",127,-0.0669789513401507,-0.075977019761076,-0.0744007808205517,-0.0738425245974343,-0.0556681380366511,0.0659691027868192,0.0542818789803816,0.0244409938520293,-0.12045219889933,-0.0756605962847991,-0.134471193017774,-0.153226409309052,-0.158243565205926,0.134781157754281,0.119799858309459,0.0588707894150902,0.196833736446353,0.0620905994323514,0.321274390982844,0.395248211595182,0.41712798725689,-0.233448211822137,-0.24925954014595,-0.371717549747483,0.214274118127533,0.0590901198963461,0.337550828638315,0.392660213834293,0.437492656897585,-0.254886149730653,-0.266136602228669,-0.351981934332229,-0.1673803931219,-0.123997717035161,-0.175986179972047,-0.151066740818303,-0.102286061625205,0.142854261169968,0.12168709381391,-0.0338590910517819,-0.135898327845471,-0.0988827100689799,-0.148902627166406,-0.133050373133064,-0.0759054639736948,0.113806467601373,0.102398097255306,-0.037450529021218,0.109689923361339,-0.00086376211688555,0.200763634965289,0.303958025845221,0.337519087691269,-0.108152493202569,-0.110367111638001,-0.21404080332451,0.120268298628679,0.00528661738441025,0.213831363335288,0.321683172754096,0.341229701199234,-0.121415930751461,-0.118479066729113,-0.207767612873496,-0.158241779041075,-0.1031350181817,-0.142973452080557,-0.140051708034057,-0.161789503196072,0.158328381203299,0.153519476152091,0.104488889504591,-0.116809304895238,-0.103083473505217,-0.105625630637525,-0.102885450928342,-0.117601604624917,0.108787822787312,0.103610855276291,0.0692981790533493,0.180093810465233,0.0254567809846907,0.301309739650795,0.352567298123011,0.362174442312542,-0.189227289531636,-0.17657048954415,-0.251678413365728,0.169310306071637,0.0239350934202895,0.303251559016269,0.368615644292654,0.367466590553427,-0.190171950085725,-0.191278242896313,-0.24081235131493,-0.0751262246058651,-0.0814256256046163,-0.0375588844860485,-0.00368003768729613,0.0018853984108399,0.0543088556751661,0.0502886669290788,0.0561897514248233,-0.0415948716578762,-0.0598395153288858,-8.95223065769999e-05,0.0332707879815963,0.0302840546105958,0.0108594445238175,0.0189131416523715,0.00392575865647612,0.0852580123544342,-0.024984768951977,0.189049129269244,0.283235008247205,0.295676948667015,-0.0732293412946918,-0.0655709244432252,-0.0784493187595386,0.079609462152678,-0.0290258718955951,0.15525223836058,0.242698920059085,0.263473013481702,-0.0661909178883271,-0.0577655938801175,-0.0953397597513925
"130",128,-0.0110798315386387,0.0913015845429625,-0.0219836127605947,-0.0251299257305049,-0.0256546495554343,0.0282671373228187,0.0256474247353701,0.00649938590167936,0.131434144397244,0.347940351606414,0.17459366256361,0.17542831251778,0.152652229717407,-0.168137105294362,-0.143203444159285,-0.0792079269067898,0.127584189493021,0.0668761508639359,0.122261892487599,0.118650954409498,0.141796211793535,-0.205653158684677,-0.245915147380222,-0.326435872573194,0.122718626037685,0.0526071272691399,0.111944852056451,0.107695353322685,0.13769920345172,-0.200348262637178,-0.226991492782818,-0.289887041657853,0.157632840334284,0.169346789457574,0.167534275400841,0.175249255294975,0.205561965007735,-0.185617763679964,-0.232435773583905,-0.277968387415616,0.103027455001211,0.111519846788693,0.131867320929958,0.140049050515359,0.178983122332644,-0.124075582472927,-0.16313771644201,-0.226389230334649,0.177037874465736,0.0710803100764687,0.13997169599038,0.115454891677429,0.134999139229708,-0.215431934216081,-0.237239662506322,-0.316454517684427,0.162953946212169,0.0630705023787251,0.126013019936478,0.111543426175801,0.129003243152745,-0.209261918649154,-0.228652037618343,-0.335418364822266,0.133231194819116,0.285195155158314,0.152084441909476,0.138603368287914,0.113736242634327,-0.138271737950332,-0.114338290037514,-0.0764714186549929,0.121840636512535,0.261099610360066,0.112049263175152,0.092244273875884,0.061515336494188,-0.108681246500312,-0.0962875634858188,-0.0580358362667947,0.232383306998284,0.0859787096460471,0.189566618199287,0.116702435547356,0.116099314376423,-0.276737952488497,-0.280764481573853,-0.314900582869217,0.192535514752427,0.0560023425824776,0.167280950313001,0.10470640370946,0.100236901070424,-0.257263135113844,-0.269017541531908,-0.295666907806076,0.137126844764615,0.130818484665841,0.124916719748885,0.11816305391566,0.103085544943031,-0.144637684003433,-0.15544692773511,-0.106589320759854,0.119091355240269,0.117139094147037,0.128498068561558,0.127813526080032,0.101867994970597,-0.136541760119542,-0.145157397730176,-0.100165159258696,0.249006016104288,0.0915119488376604,0.178317454778402,0.0814422629820179,0.0752909617468258,-0.269180011934085,-0.263894399594209,-0.287494820832035,0.244289357223909,0.0869676421975332,0.188833630374221,0.092151715283157,0.0939407027490355,-0.264106520248355,-0.265427671161912,-0.299642183531304
"131",129,-0.0144315202208944,0.0676137590277992,-0.0249035762219723,-0.0282595689189837,-0.0295301247080442,0.0264807071684728,0.0223675437392661,0.0061226455779976,0.0909440180812032,0.248073643030034,0.119222018620035,0.119218601710572,0.103554049320815,-0.124273081321947,-0.107087843026037,-0.0549331346737661,0.0395284960260845,0.051547428504287,0.0449012870750006,0.0515883689446404,0.0651861255965942,-0.0970470890901936,-0.125399000498436,-0.183739406570429,0.03275094720557,0.0386809967440184,0.0346207113957877,0.0460444342135892,0.0700737897734694,-0.0918453753481108,-0.111646570622074,-0.179943216823973,0.085151750743092,0.116307254866996,0.0961182429094376,0.111322237836024,0.147019688812633,-0.109148124409938,-0.149491299372706,-0.219892118107725,0.0405754260397631,0.0692145838052043,0.0650886583717817,0.0824581304788053,0.13791806723872,-0.0601020266128211,-0.0875880771540687,-0.170212378361156,0.0822927884003414,0.0514544972869037,0.0626423411224009,0.0607469991888632,0.0763630625566999,-0.10265397881004,-0.116308109240993,-0.193611965836872,0.0685480535357626,0.04494548401621,0.0530134443188302,0.0592470257473608,0.081242696709612,-0.0962245665263197,-0.111898875493764,-0.198474429602684,0.0886702731777858,0.195031675303325,0.0979877456587892,0.0850876108562557,0.0648307200782861,-0.0961284051990642,-0.0795970193228706,-0.0468183283745048,0.0811219747913202,0.169225800918963,0.0694690145429187,0.0545306914686718,0.0295094465151121,-0.0732350624298709,-0.0651811475967557,-0.0388553092057145,0.129699935882779,0.0652611338238741,0.101906880180942,0.0511166419428782,0.0481629354977369,-0.15102112051199,-0.153876144467424,-0.178043011164856,0.0903900843007571,0.038309721295791,0.0800980694463571,0.0412000890304374,0.0379362237709539,-0.127748508801386,-0.13234739169834,-0.139927428037091,0.0542947262346706,0.080322149248357,0.0542250112376311,0.0631117371706794,0.0517571627067747,-0.0580115846615674,-0.0666910071867426,-0.0498093271476315,0.0414497977340451,0.0700754488559977,0.0550150164389842,0.0673187916356722,0.0475733895782647,-0.0534356339555558,-0.0582673593163355,-0.02886287248093,0.14219162449489,0.0661159896101384,0.0902427813381866,0.0294357835182401,0.0245203493329224,-0.144141381263017,-0.135621722121599,-0.159630294229428,0.142736954017088,0.0601992697926139,0.0998593444104818,0.0359994631906315,0.0351766992613189,-0.142408495950832,-0.136847435521988,-0.163317123424667
"132",130,-0.0541741048331899,-0.123873313664768,-0.0589522887834953,-0.0561599351729701,-0.0422721709672833,0.045184763842861,0.0419740510987075,0.0217829650143591,-0.133356918937286,-0.212543718334821,-0.132658760447625,-0.140955868124604,-0.111242875761733,0.115413820006007,0.107035762943093,0.0556000412650495,-0.334920093735496,-0.203674322106107,-0.280511496480963,-0.22880611509451,-0.237741913889254,0.266746243992662,0.269540833550332,0.295584449431997,-0.35179177298858,-0.207068057714924,-0.294869520587245,-0.230486000657159,-0.238922243935579,0.275939522263171,0.274102183239552,0.305621981931711,-0.265252385898433,-0.215651144707657,-0.256781956798519,-0.247122835175229,-0.267916206379149,0.191295632111378,0.199940121848113,0.297770055539357,-0.283064597341337,-0.207973529113413,-0.284858410455054,-0.281460380215327,-0.291275891031223,0.207300976900517,0.234737697320637,0.341939845935361,-0.334300301458914,-0.235354678976898,-0.284901270218341,-0.215719493822796,-0.213288939850154,0.29181525379148,0.294635252780382,0.299533995932425,-0.34641639837146,-0.234140540120991,-0.278298334247325,-0.208839281027543,-0.212827311740374,0.295563881585604,0.286683885154532,0.308197097013808,-0.137358995722947,-0.155397201133104,-0.113216016683215,-0.098227614457321,-0.0487065573921816,0.112372327439828,0.105267447198389,0.0558478125222364,-0.0965455227502825,-0.142914139056818,-0.0797157096788776,-0.0682317302113525,-0.0209465971746345,0.0700100758600093,0.0618068502653972,0.0299671361884832,-0.299766107941159,-0.220202789498857,-0.249575952227728,-0.212036281326949,-0.193725517210562,0.258229617780675,0.251493768204962,0.237533386709906,-0.333541673676947,-0.230777594225861,-0.273040731603222,-0.225553890320912,-0.199750391714429,0.280784633686565,0.276559147398365,0.250197692746936,-0.381359124555994,-0.274175198176479,-0.344109070058425,-0.255322542210848,-0.176643888660455,0.292433251134428,0.252876737820011,0.100033465715995,-0.393521306925497,-0.288286227559084,-0.375323654141096,-0.27415169952334,-0.186047456171602,0.301365502265793,0.277458207408766,0.143107129137542,-0.303168831115617,-0.226999480166708,-0.269212970885945,-0.202778167635613,-0.182780874415659,0.264973055529223,0.25875962821117,0.242775275003395,-0.291243590376524,-0.229289824297551,-0.278374611429944,-0.214003227211783,-0.19728462492987,0.261766964398376,0.260548649144843,0.242343554472427
"133",131,0.0111623055452777,0.1462815368556,-0.000207439054103907,-0.00725438282988485,-0.0250644886631267,0.00142448213535307,0.00945864074993293,0.00930340290422871,-0.0437777920666586,0.223316264210415,-0.0474152052665633,-0.0619700894585878,-0.0968517774661615,0.0675662084596735,0.0742461181414352,0.0469052986128941,-0.31250419752133,-0.168597098861567,-0.247856832070166,-0.194709385789203,-0.194902217903808,0.251887229474817,0.257401692705892,0.284451511941237,-0.328548835351153,-0.173411256869735,-0.261643063241383,-0.197164733207741,-0.194072450766588,0.260139173916164,0.26079954545311,0.297311861328724,-0.119428017261336,-0.0195915101821175,-0.111757579667074,-0.109995821138392,-0.0952993152877967,0.0961508570267896,0.123279156012411,0.235464770519217,-0.146676428016639,-0.00880764364258708,-0.14427132807166,-0.153655297528482,-0.150222570984679,0.127340036952201,0.163038274559989,0.298023459789709,-0.287333676498758,-0.148632243679182,-0.243422145283393,-0.17624330343314,-0.169707441780144,0.266098731344079,0.273036907936305,0.281183400414149,-0.299325743735138,-0.147898308972584,-0.239922146553699,-0.172126152261878,-0.17020723258786,0.270014878368049,0.265884826342731,0.291191296535491,-0.0589557093568604,0.122814783790304,-0.0506616472226326,-0.052665659434255,-0.0800044115057167,0.0667001155612947,0.0708705402416345,0.0413317896224668,-0.046397571451419,0.0805233140250057,-0.0421703352484631,-0.0443314033490185,-0.0622874593222458,0.0481878496034871,0.0487634128114854,0.0296502196619924,-0.283828293204197,-0.194872475520964,-0.222207975146179,-0.186327680767872,-0.155615638503883,0.243570419472133,0.23780198163432,0.224313615724593,-0.295235795376241,-0.183765872732079,-0.234209931810815,-0.185489216314089,-0.1441299120449,0.255976767814244,0.253872206822483,0.223482826252324,-0.248951771875674,-0.0362765674572538,-0.220657429974087,-0.17515120495208,-0.0953852433286538,0.221299935164706,0.201709816560593,0.0578866551156237,-0.273976078113834,-0.0637333721499343,-0.247551298961439,-0.180241926262122,-0.098660500391486,0.2424496844086,0.22738483592982,0.0762460431529667,-0.267156151079772,-0.163786217277286,-0.232010531846527,-0.17281686505625,-0.149440952315304,0.241057208481485,0.237021469487543,0.220485053392124,-0.246265621198218,-0.147898865450938,-0.237427285849131,-0.17803340356776,-0.155789741175492,0.232211089530744,0.232433728304539,0.21762397676108
"134",132,-0.0519410390900423,-0.0847607474590783,-0.0613340822897269,-0.0630927325075764,-0.0478097500806982,0.0659020525705801,0.054067784123084,0.0175327307291536,-0.12644506836078,-0.128078608904086,-0.136985895961738,-0.15491489472131,-0.154741225789168,0.147681095089343,0.129533590934624,0.0599327679210358,-0.0617482787529831,-0.0162539530454941,-0.147327399451878,-0.166282648007805,-0.0700779423356772,0.184402014264286,0.157759221924312,-0.0249419403838299,-0.0470016068772579,-0.00725078836395227,-0.146684265134205,-0.162960434030055,-0.0612870043829008,0.18746085087313,0.154433765023008,-0.0340819567023931,0.0358745134985535,0.00978881637791858,-0.0735910566921078,-0.202298525637499,-0.0493073466213074,0.068698104453623,0.0363065281124731,-0.232021941567224,0.0199847411535277,0.0565134665825932,-0.101701306832701,-0.236907322041533,-0.0797038934456549,0.0853143107276138,0.0622029569752481,-0.200924048364351,-0.114107420605099,-0.0699949667709004,-0.193371095871395,-0.194870969377554,-0.134410917949076,0.228947270333164,0.217366320419814,0.0656590626916406,-0.106624605980086,-0.0544268000859885,-0.186852883566803,-0.189788102564432,-0.131877200326081,0.228687297847412,0.20809488221952,0.0611135951951132,-0.186545885051871,-0.158266229349814,-0.165308105104725,-0.158395609034014,-0.168656549233056,0.185303407115826,0.177454832444237,0.113490858486168,-0.125578664470212,-0.126663116720635,-0.112976376111498,-0.108991731283935,-0.114855857508131,0.121863887086482,0.114358954172872,0.0717848996940957,-0.164955512342881,-0.156646477161383,-0.192144440129752,-0.196018314044417,-0.157735530672221,0.20184649563279,0.196224059937134,0.153931084614764,-0.162262752562924,-0.150161087731177,-0.205789079850382,-0.208987653844327,-0.159422633595564,0.224294231312721,0.218854231726714,0.155109083747164,-0.0912048037987163,0.00626282583370445,-0.197072801614936,-0.258515163499308,-0.212343592366804,0.186794179945904,0.193998515429746,0.10840621698448,-0.0454407773284509,0.0505451403822559,-0.171450611920502,-0.238368639568945,-0.203775716291008,0.146883488121861,0.163167136609522,0.0918556860444608,-0.193373331952357,-0.169271986461582,-0.229431123787979,-0.211770985796362,-0.177477217732537,0.226349644495104,0.225731418397163,0.188853966389034,-0.18939438229821,-0.163571521319021,-0.246170082824207,-0.231283925450646,-0.206427173200594,0.229472894700307,0.232339175389419,0.20324730720297
"135",133,-0.0688304522925387,-0.0720605077000971,-0.0705913375419535,-0.0672970134985584,-0.066120050344571,0.0710966668046664,0.0586383071549405,0.0263852714074027,-0.0551238827596305,0.0137260702000287,-0.0248798115468688,-0.00128936136774344,-0.0247589107916783,0.0657041035268611,0.0577585875461833,0.0239669375256368,-0.313946571164866,-0.167936204022467,-0.243814181680036,-0.192302400401413,-0.172954849025081,0.261901132274185,0.252752110230397,0.200817265428896,-0.327291048001923,-0.172058296720995,-0.255975900730223,-0.196509948422746,-0.177259517100731,0.269607616277292,0.255662700011443,0.205062329455134,-0.248386280125745,-0.166564210146446,-0.223615094859975,-0.186112730463406,-0.128684457763982,0.224115471780253,0.200017748297676,0.0549844370974351,-0.243717878479424,-0.155269892333318,-0.215025903465851,-0.166461314994673,-0.105258724405786,0.219559097233158,0.203792743450439,0.0516345174720975,-0.292821878532065,-0.168966177079444,-0.234205183558131,-0.155391100160493,-0.138478783216596,0.281503075118987,0.276482309738034,0.204658645727936,-0.302473417641457,-0.169017030747893,-0.228450311668743,-0.150444779319124,-0.13430556604479,0.283497372559841,0.26754468969156,0.205432866993368,-0.0945557625812476,-0.0449668587348345,-0.0583461721519014,-0.0328629229416287,-0.0649998705392383,0.10108395740546,0.0971247630341499,0.0583383690930609,-0.0762378885738343,-0.0572554351875632,-0.0464844923903292,-0.0247109931854964,-0.0492296625747037,0.079710573031564,0.0738768399373591,0.0429981852061635,-0.276884536304581,-0.188136482156071,-0.218013937222922,-0.188730968167987,-0.19016281786904,0.253296756002637,0.249264101430131,0.242928405684036,-0.293856796366481,-0.185260350749527,-0.228499127302984,-0.181765929394823,-0.180831070674307,0.268744546768215,0.269183111198104,0.255806250717139,-0.274537118579015,-0.17677799033785,-0.198138570752837,-0.104773538653904,-0.0847339911852371,0.265296035855669,0.253237042102871,0.158348875137952,-0.275734138920039,-0.176795303470974,-0.197516728789133,-0.0909367433172906,-0.0819400254198617,0.259325635283708,0.252439336625448,0.175888852658636,-0.269710927319144,-0.178194472780684,-0.231024232892765,-0.166732634910417,-0.156878459835606,0.260379171908802,0.258588694352449,0.239198045820559,-0.251046311926738,-0.172790535554048,-0.238075042283088,-0.175930660886514,-0.170077853858251,0.254941365638378,0.258494565367145,0.241128420313374
"136",134,0.0216956882168642,-0.0174412599296968,0.0559070311929411,0.0963356741821589,0.0876301517435533,-0.0350526465714597,-0.0364309788186888,-0.0258310173614058,-0.0643182022511074,-0.0879145652666166,-0.0291703794560184,-0.000276627853827604,-0.0106549223541507,0.0600944890443338,0.0526533998068887,0.0206222470396544,-0.349416574282597,-0.223572667688607,-0.286384121325302,-0.23846103651002,-0.211478333106026,0.279922690866495,0.268426565276436,0.207639979037542,-0.36400034102638,-0.225964410789924,-0.299372994108674,-0.241096484275476,-0.210828840499606,0.287935296409924,0.270455992546394,0.216574958737109,-0.286502596196734,-0.210893559995946,-0.274779480457456,-0.255174070137745,-0.199277257146584,0.251904559824509,0.21987766283207,0.0358080040182954,-0.28114751271274,-0.198965271408811,-0.270200512333901,-0.242481149785115,-0.172262835830052,0.246738664905208,0.223130855768752,0.035841954353041,-0.326018306629639,-0.233792405689269,-0.274508532943471,-0.202505484398741,-0.18071288959735,0.298880539857931,0.290348945917377,0.207818649307473,-0.334951239265008,-0.231034268146128,-0.266211201488174,-0.1939101860036,-0.175005115786471,0.300282788880869,0.279798907168475,0.210031540944251,-0.113313870457966,-0.105840258450962,-0.0732400863991917,-0.047992731833985,-0.0618354074684321,0.102497425187437,0.0987304349368236,0.0589910974856449,-0.0913060612250262,-0.107296473697172,-0.0599330212130414,-0.0386576646429972,-0.0500450461967795,0.0788472319852,0.0738177480812697,0.0424076044948401,-0.317048042639733,-0.252851057814346,-0.259283157477083,-0.227197078191786,-0.216985031865239,0.271199033353641,0.26461724040783,0.256087607131396,-0.3293269620188,-0.251889025358755,-0.263798761439168,-0.219010329696175,-0.207098307716369,0.279354209448024,0.278314101637146,0.261721259259778,-0.319764986519933,-0.228660684054763,-0.269913001367838,-0.189251476167327,-0.17330957202483,0.298737400204603,0.283727978354772,0.179943105452442,-0.327288328407449,-0.238359328372004,-0.289272207920806,-0.205800821830876,-0.201643886928708,0.299150262106657,0.289915847723152,0.198312672984423,-0.306000584814304,-0.245221163827991,-0.267783724516516,-0.203543871886789,-0.187273606831718,0.27388133262308,0.269505421607574,0.247177186468988,-0.286157178145795,-0.244251310351643,-0.274337069007376,-0.212575933639763,-0.20015310633747,0.268227252088604,0.269444972063003,0.248416495073693
"137",135,-0.0435935167539031,-0.0187046724739681,-0.0489779477381936,-0.0496010168382156,-0.0472126193950667,0.0472794165808952,0.0406310819179865,0.0181218348817523,0.0256638345083632,0.08151429953121,0.0614717474334026,0.0841051386105401,0.0638537113615098,-0.0266285519443369,-0.0209697730313693,-0.0219089634583151,-0.235704244984283,-0.161563677585701,-0.177752237056635,-0.139933221368771,-0.104470372212691,0.174862368956656,0.164436007789296,0.10097741899354,-0.24482247731769,-0.165454354380625,-0.186219869485309,-0.142396336283581,-0.102407409442723,0.179287358816767,0.165374862083751,0.0829896981369357,-0.137352784730895,-0.0877864485375871,-0.162434226590968,-0.146803190101876,-0.0866397219953267,0.116002723031412,0.100630578906108,-0.0351032915843362,-0.132257707846857,-0.0836006119618645,-0.147264410486573,-0.125631452978477,-0.0350521785078545,0.112501747755557,0.0992631856675886,-0.0363714671108813,-0.184346062142692,-0.1582485191673,-0.159537825901974,-0.104470667820723,-0.0732535167692274,0.167638493802805,0.16480663795018,0.0661337668657486,-0.193547212136126,-0.157082158900164,-0.157186784850944,-0.103086571766032,-0.0830322903433133,0.169380329891943,0.156972194747048,0.0649554301440036,-0.0247680256012027,0.00110008370038135,0.0026371557222606,0.0174360654923418,-0.00985376379320311,0.0249269177357437,0.0299590851067347,0.0174985823916751,-0.0376361967666755,-0.0354401740581951,-0.0134473891723441,0.00180822387843841,-0.0238208717125591,0.0396619651566561,0.0360557177705598,0.0203967312861961,-0.195933317461424,-0.178886997889927,-0.152976831064192,-0.140592196627154,-0.131728254658447,0.160855340388497,0.160788368187465,0.160633757089363,-0.181627801795265,-0.177152872580573,-0.148067299916582,-0.125951015594932,-0.107026190533559,0.146347942336726,0.149102638098162,0.121222370759862,-0.117076978824132,-0.0873697523770926,-0.102795287799007,-0.0518022053496335,-0.0478904932577835,0.117735328499365,0.124961196186572,0.0822129049811552,-0.129498873598785,-0.092853690161013,-0.102034233149074,-0.0351326076355966,-0.0394901958412166,0.119874542091534,0.128823847133482,0.0813531833149806,-0.169860141624277,-0.166158323731718,-0.160442692242149,-0.127069469641207,-0.113532297205901,0.155469379497742,0.157630847027057,0.138338285667574,-0.141312967407969,-0.154591844149416,-0.161163279815021,-0.133109881263054,-0.126538229134035,0.141580310383836,0.149411175130345,0.115640083770771
"138",136,-0.0909358282096292,-0.0920852273122837,-0.0952913012537668,-0.095631360257261,-0.0947885462764702,0.0910044996722967,0.0771357990458391,0.0362593277090104,0.0242326290824284,8.65646023014344e-05,-0.0166303816798848,-0.0449474578964773,-0.017273371124563,0.000134443968345456,-0.00366939352205447,-0.0279446871048243,-0.243408170311151,-0.141363637116857,-0.236133494343551,-0.197427573275484,-0.167338029215136,0.215301328057488,0.206124910533154,0.138500841578777,-0.256775836602205,-0.146936696509199,-0.24931088512313,-0.201228358590937,-0.168689100602042,0.223610697415017,0.210148961293942,0.146739592697577,-0.193855225527086,-0.149562398298897,-0.273701496149039,-0.304008879349041,-0.192948461322363,0.198614348740975,0.177812534569886,0.0387334594875872,-0.197466856526639,-0.146649944569831,-0.277414074262196,-0.301221421582543,-0.185271329215101,0.203713521844738,0.189937889410465,0.0615332442452867,-0.227245092640375,-0.158061902479274,-0.25064756341366,-0.196169291858918,-0.17026984193156,0.239204839071646,0.235702714665432,0.149010499600665,-0.23864629647746,-0.160022476818658,-0.245885159113066,-0.191884531740848,-0.167618334527187,0.243667041728032,0.230127706501548,0.152623423317535,-0.0573721053186223,-0.0555098671905809,-0.06512757325214,-0.0743864956163137,-0.0490682159579649,0.0528312144204076,0.0475246617891042,0.0205039929892563,-0.0545736539733923,-0.0747483997852386,-0.057416430443328,-0.0631299291764813,-0.0512962049592229,0.0486080964534928,0.0402351880441568,0.0188880331617646,-0.202927473610136,-0.155359070306704,-0.204108346642399,-0.185310454189236,-0.183984632079541,0.203160022702632,0.202677054290574,0.192065961248258,-0.240844929620942,-0.167351139879164,-0.233080798815165,-0.202420538077165,-0.201979955526461,0.232008199024147,0.235200041564871,0.221928259550158,-0.235199348200873,-0.186199364427168,-0.293498674654216,-0.258730619878165,-0.240202993546241,0.260121038591956,0.248217565599067,0.173036723288209,-0.237261075967357,-0.1904643775956,-0.298003806379899,-0.248816102043028,-0.234413758325897,0.254807640786922,0.250534092795973,0.185649747884923,-0.199710652777388,-0.15646088124161,-0.238389173890231,-0.190422443993504,-0.179655687240799,0.215471617929492,0.218544913426491,0.193686147953288,-0.191362734475007,-0.160537278880703,-0.248604599660073,-0.204912417058736,-0.197217042703839,0.214350536032964,0.221739713591624,0.198020093418088
"139",137,-0.0249744849654553,0.0639024436149577,-0.0376964715636648,-0.0410858779011852,-0.042987805407954,0.0383081461310657,0.0331837864301468,0.0143087765134275,0.0628910809412666,0.251551792573024,0.075829172351976,0.0694721089707032,0.047012867321073,-0.0848889403163738,-0.0733205501668708,-0.034857605952686,-0.036623121010005,-0.033188812111664,-0.0180466836725761,0.00444817663601513,0.0268344516577282,-0.0262139673443398,-0.0457086776944652,-0.105130089547242,-0.0442549014796765,-0.0431635699653462,-0.0286865509010346,-0.00162163270126001,0.0321425688712385,-0.0222405779170344,-0.0349739324852316,-0.0899415720615777,0.027733570604523,0.0609886707702945,0.0301030920450727,0.045639542055085,0.108366524276253,-0.0534974333634932,-0.0905768902894461,-0.132316755958902,-0.0114041980391489,0.0216661648661156,0.00287361889878085,0.0293818962010411,0.0837600880812995,-0.012581749669378,-0.0350712287695267,-0.112904358858264,0.00040588303414174,-0.0366605315333513,-0.00763838054601719,0.0136650071656442,0.0309693139410859,-0.0254661662582354,-0.0328917255240902,-0.100068353764393,-0.0130264839360934,-0.0418693330376025,-0.014093798420708,0.0144408976374368,0.030015148688892,-0.0196926717544062,-0.0347906205721304,-0.109921218463037,0.060081953712681,0.202673918688786,0.0606156173255525,0.0479630060236342,0.019794782139592,-0.0596019783868439,-0.0473942577194652,-0.0226976819893253,0.0577548961098835,0.176081119016136,0.0426632230061493,0.0289861500081098,-0.00170075877400871,-0.0431911798091736,-0.0386650726668266,-0.020170219480079,0.0399793319757726,-0.0305381835853755,0.0262309629937723,0.00132173820152496,0.00761241888193103,-0.0658586807567491,-0.0628635339926014,-0.0830401869575879,-0.0004503103461728,-0.0557467387188757,0.00512411881513127,-0.00871406501203492,0.00036526339669553,-0.0420167095876999,-0.0436379617716753,-0.0667959250330028,-0.0129334688838776,0.0179965609142545,-0.0169680974269075,0.0132426727279813,0.0085612035140204,0.00537479072821896,-0.00016424344930604,-0.00907785089529927,-0.0232402772351528,0.00837118538568672,-0.014689205402934,0.0187708623090281,0.0166048888048896,0.00646756043718635,0.00276549519362061,0.0309093203871757,0.0518823136222124,-0.0242562296749445,0.00826686293715952,-0.0182328944224747,-0.015289331138703,-0.0576141109942242,-0.048284840037838,-0.0696671659884549,0.0562470672177425,-0.026331337243894,0.01663689667447,-0.0145985595441411,-0.00998709239237877,-0.0583050209349283,-0.0511719896380352,-0.0734353254589184
"140",138,-0.0842821347689855,-0.125126335264046,-0.0702524299198346,-0.0662075916727687,-0.0656357850267412,0.0826285859260825,0.0693695960108861,0.0311753373449962,-0.165715505943948,-0.197420370954116,-0.14481394343345,-0.151872267073008,-0.158431321459277,0.176764207735188,0.156658936702579,0.0773422966814682,-0.403412164280595,-0.270998383302639,-0.302730667111816,-0.240730033132018,-0.23768836086238,0.314679317627083,0.311730786833607,0.316564727846134,-0.422927999458468,-0.274200737809791,-0.31776531473558,-0.242376561061806,-0.238237641392328,0.32556228114353,0.315266753719832,0.324950034637472,-0.383240494392611,-0.309075992182739,-0.275041882345841,-0.243618129916176,-0.23617292661578,0.317679062026759,0.311280269864565,0.320865221643052,-0.389300109507047,-0.295477512496872,-0.301507180157539,-0.278378904462719,-0.276120295800901,0.322936382433226,0.32919056959254,0.360433225800783,-0.413264784215809,-0.303535090940871,-0.308920695228374,-0.225735990559667,-0.220392180582373,0.355906545548447,0.350344459394708,0.328744501332479,-0.42406093091225,-0.301973674082256,-0.300709612736044,-0.218811117635311,-0.217107209505385,0.358001266612207,0.339445658329864,0.335229526754911,-0.193423710055,-0.161546771499482,-0.142046852255046,-0.125141603649277,-0.125105699150539,0.186295510095988,0.173137357719214,0.101791318260953,-0.143106747551599,-0.151653251136315,-0.105277804784492,-0.0916533354032564,-0.0836667535978789,0.125934728026351,0.113573642174718,0.0624728514728153,-0.363604189703374,-0.28958491529089,-0.272822503527035,-0.225949236466775,-0.193666769057729,0.302925164320122,0.288004901727878,0.258003926481473,-0.402278796228358,-0.299724011472919,-0.297707107188181,-0.235959205025849,-0.198014804940887,0.331125363573348,0.319801188375964,0.271059298931556,-0.482778439076661,-0.358066784540468,-0.357476119819928,-0.255391831798189,-0.168643407583736,0.403484989439338,0.349891527015881,0.133632490686669,-0.481633498873389,-0.368819436447703,-0.377830821607255,-0.262592058019739,-0.171655902454393,0.399183962393358,0.356137020623425,0.14455192751252,-0.371457147350277,-0.288982668339798,-0.292136334227467,-0.213456542801655,-0.187808758489884,0.31815172744165,0.304645898347145,0.27012959648725,-0.359319086328602,-0.292638542499607,-0.302856219815918,-0.223707912675081,-0.202512956175761,0.318428907378125,0.310226883453446,0.276331626473733
"141",139,-0.0889147589352319,-0.136447537132916,-0.0933414501859761,-0.0928773600566223,-0.0824379744079763,0.0878253489995489,0.0739538037241673,0.0342506659672984,-0.168418482573115,-0.205596219996238,-0.177475781193985,-0.194657424024221,-0.198930665855556,0.181405610438595,0.162155904694614,0.0828160976968137,-0.349412513904746,-0.179247513649595,-0.307536856661541,-0.266044227816416,-0.247076897488622,0.304919241821017,0.301914411826472,0.29609732807461,-0.363278373716309,-0.179903834460986,-0.321112035268413,-0.267519468553327,-0.248300706098867,0.31400629683609,0.304698209119275,0.305824188473518,-0.306736711644428,-0.199482018674794,-0.355221376805234,-0.39008335139542,-0.306268811774811,0.30467608547552,0.300909317989904,0.288033409369193,-0.318182941450474,-0.18611210016591,-0.374627931966186,-0.407146007342199,-0.315417067261736,0.311041425878795,0.318735135040019,0.323854656661596,-0.363797864042336,-0.214607231750945,-0.331756393809146,-0.269750682452028,-0.252128760041988,0.34643225740039,0.34221699413227,0.316180166335263,-0.374506849439908,-0.212990443869916,-0.323603356930827,-0.263615403893764,-0.250117464297537,0.348374777894638,0.331213139915137,0.319555198970487,-0.20308689880831,-0.178927502003816,-0.178284045113012,-0.168628708157286,-0.163029423315844,0.196350506226486,0.184968928713038,0.112735575565002,-0.148828232051111,-0.160648120035119,-0.130722336714683,-0.121606056188621,-0.107732101210635,0.13374238825469,0.122556089621841,0.0715875745668688,-0.319298656042829,-0.203878750520603,-0.275869888746164,-0.242282765152525,-0.198615239881617,0.295607967330762,0.280719115758884,0.23541546122788,-0.354005395468542,-0.216450191082899,-0.304995559540352,-0.26127188691471,-0.20547096121272,0.324289038197535,0.312252745218398,0.246307353495418,-0.424019688132817,-0.250504950870181,-0.425736277285634,-0.354285553325557,-0.210931606760079,0.395513448767172,0.341979685422962,0.0978053295071354,-0.421020579111036,-0.25057431037282,-0.435067571173352,-0.350421687644519,-0.209114939138528,0.389579157521771,0.345081859015922,0.100833204265869,-0.332655649017413,-0.215846855072146,-0.313400021261085,-0.250588226124774,-0.214378064813772,0.31273760789255,0.299412492230399,0.257543111572182,-0.32217751673211,-0.2181701142934,-0.328365389975942,-0.268588627807545,-0.239022877393521,0.313294688049861,0.305091844737215,0.262001847623137
"142",140,-0.0698886406643376,-0.0833911465590607,-0.075503760931835,-0.0764053510930615,-0.0686626382055302,0.0680665803207843,0.0585954232026853,0.0260387290093706,0.0565399623951196,-0.0966965987854848,0.130255974693416,0.179984905153494,0.230432012714942,-0.0690009006098386,-0.0614449693860408,-0.0745498616128004,-0.185815586780019,-0.163616273506294,-0.158501563091432,-0.151058496933204,-0.0837319095507433,0.118271160231046,0.0944366490168337,0.0185323888347645,-0.190607225687987,-0.164542249488836,-0.166290971146505,-0.151450328802996,-0.103928195498255,0.121616298100629,0.101876849440532,0.00779118617620596,-0.0621910321717639,-0.106553049935831,-0.091183213274609,-0.15810547630103,-0.0763359877351977,0.00921915103695416,0.0113904465390783,-0.0882918161669697,-0.0754020818912902,-0.113167987319081,-0.0988909250291878,-0.157417998542258,-0.0714870673567931,0.0251558928278615,0.01869445286374,-0.0997679439219752,-0.0829790257996852,-0.156891312132272,-0.0986254829731733,-0.101182061537648,-0.0610535727734726,0.0709833597593201,0.0538831852268802,-0.0869055861623975,-0.0922032133481861,-0.155211352317688,-0.0985037851489625,-0.0975393713190642,-0.0545451509402262,0.0688432914989714,0.0381680048141607,-0.0668024166119481,0.00840005075651908,-0.0610052765883077,0.0617211417217212,0.0944111728659429,0.102191216925873,-0.0143840455867252,-0.00499569897239184,-0.0274991462364405,-0.0196682177427455,-0.0785972280253551,0.0206741498004201,0.041739288040843,0.0421673573061678,0.00351655047606342,0.00327969671293204,-0.00543542128875742,-0.123622419996128,-0.173145970937587,-0.101065199298147,-0.114334142488623,-0.0977193874761398,0.0929072243965869,0.0867709583357469,0.06215568284435,-0.0264645833757763,-0.130822130306596,-0.0423757832163948,-0.0700533120186472,-0.0615283724702772,0.0161182044719429,0.00360067687426872,-0.0707295483814463,-0.083295572534334,-0.157971357296829,-0.0967479902567142,-0.12921970623022,-0.121526011798612,0.044203767793378,0.0536157267258003,0.0317152920176002,-0.121867671514782,-0.183432027107971,-0.126736410078758,-0.145721787996481,-0.13074780310047,0.0646157357194598,0.067360278090122,0.0380224872228311,-0.0628332852648603,-0.158855554842167,-0.0749045688224053,-0.0905024263035731,-0.0731495105746592,0.0686617024750982,0.0632839576989718,0.010358101794043,-0.00038851816060004,-0.140433020363497,-0.055123192183896,-0.0874401222179681,-0.064084347163069,0.0251421301061246,0.0188284607037682,-0.0631067048295932
"143",141,-0.0572430380501129,-0.0654644755215705,-0.0658567702184815,-0.0655591794261414,-0.0626012587948383,0.0593161036408573,0.0468657847636953,0.0212720047935938,-0.0551121078891795,-0.0429153720664553,-0.0542365284130691,-0.0535156341843613,-0.0670131206161271,0.0553999887957491,0.0457404528643028,0.0247689802621459,-0.211577282461807,-0.115155302431734,-0.165239125121112,-0.127156901652343,-0.097219722378904,0.158798693546186,0.1499885230478,0.101396334331538,-0.224280120857233,-0.121775812890693,-0.176432717801147,-0.129011003934244,-0.111755300050652,0.165743710623686,0.155000241480801,0.0978228611308044,-0.154274696886369,-0.100260672752042,-0.135173863884576,-0.101039231121409,-0.0737429929856827,0.118437124630497,0.0937560360575946,-0.000115563903759337,-0.172257027006627,-0.112238704923018,-0.152455233404459,-0.114628709010145,-0.0469088312448753,0.136683448313584,0.117910392211499,0.0284511526890104,-0.19305430409898,-0.132216458040098,-0.161401971147393,-0.108198470174594,-0.0887371198471503,0.174138882347798,0.1752263927861,0.110318299081748,-0.20565191402244,-0.134139306632626,-0.158939014492623,-0.101182617212088,-0.0833482309092128,0.178303419499267,0.168130458950607,0.106919069945426,-0.0717992647035875,-0.0462456581055597,-0.065064553376178,-0.0616808256429842,-0.0779860020901973,0.0683875283966544,0.0660621050303338,0.0436203703796613,-0.0526588107405256,-0.0580551270966143,-0.0498502258766682,-0.0461126255972031,-0.0570848854695789,0.0498244010544701,0.0446681935150139,0.0279681742884745,-0.160233951015959,-0.128080550036053,-0.137099044186272,-0.128375254980659,-0.126494089774827,0.145140803325561,0.147376878513745,0.134296241832654,-0.197042515762374,-0.143557964234373,-0.157142328866188,-0.137956209505422,-0.135968912734758,0.16973506305623,0.174795088643802,0.168929659537383,-0.217365589060249,-0.145855500924589,-0.181393087619842,-0.110683704910214,-0.104538672903444,0.191550964880675,0.179422333809474,0.150166534472379,-0.219011428873472,-0.152683389805631,-0.189586809474651,-0.118250192692856,-0.118108587336217,0.187492693026379,0.181927894706409,0.139034960619295,-0.15914458839441,-0.130052815479541,-0.157950228766886,-0.128237378069194,-0.12270753022711,0.155829719829436,0.163703138776814,0.14486330139819,-0.145745495488429,-0.132240365092751,-0.156818968407748,-0.134282488167427,-0.12983482701105,0.149507685037735,0.160735816881233,0.142846490984647
"144",142,-0.0333282081043712,-0.0029030715549145,-0.0436560650460924,-0.0445887858942515,-0.0433217032305591,0.0405354243831991,0.0330154017367671,0.0129949215418151,0.0100904606250173,0.0697834218437385,0.013241023295682,0.00825384190601884,-0.00261298889312895,-0.0260362850718126,-0.0244600131357145,-0.0113662951632735,-0.119694100889736,-0.0781358824778391,-0.0887259046068658,-0.061443125935144,-0.033682073785702,0.0608231439790178,0.0466211106225094,-0.00484361228594004,-0.130902148114956,-0.086566528354964,-0.0995784152560695,-0.0646769608714321,-0.0318116314706084,0.0660511847996117,0.05383768271834,0.00198876088176022,-0.0585145298618633,-0.0176080217623861,-0.0603555766172196,-0.0438885976212939,0.00505747648780403,0.0272247261341772,-0.00384669746996099,-0.0690167475899915,-0.0871527208213916,-0.0451719088259504,-0.0851038754498748,-0.0624788974336913,0.00237442056263388,0.0591644288427745,0.0372572514585076,-0.0389175295319487,-0.089039785289359,-0.0879350727305398,-0.0820331072735392,-0.048698752273707,-0.0236948141485468,0.0677684500274151,0.0644184242600412,-0.0151039686801002,-0.104188211202002,-0.0913803149427507,-0.0844068213074421,-0.0428162627392052,-0.0207275302231828,0.0724127464181175,0.0596717162451458,-0.0209667573641672,0.00747480460833552,0.0845869951526538,0.00103944526393269,-0.00718426694201813,-0.031423552509874,-0.00503726096682154,0.00119656616718576,0.00668190669603028,0.0106089577901489,0.0665201034257619,-0.00304328278245087,-0.0100576992617824,-0.0333058612993105,-0.000678268439874053,-0.00108600530248269,0.00156542135673433,-0.0525752014753014,-0.0797484867033752,-0.0499247695831584,-0.059663982314697,-0.0585727898573611,0.0330030831286343,0.0353528421450244,0.0225198618553922,-0.0904296856552764,-0.10061930275599,-0.0715146158372209,-0.0710078179701615,-0.0691190247854333,0.0578406508827609,0.0622750534750527,0.0578342932318104,-0.10414974918098,-0.0573070500252556,-0.100481358663463,-0.0528743487728016,-0.0528980081579058,0.0883189521377533,0.0765495068406817,0.0782361230281256,-0.10924991759758,-0.0674368833504808,-0.103078617302747,-0.057974927608258,-0.0705943568490328,0.0882700072241354,0.0850779609262007,0.0876730514664364,-0.0453604239657509,-0.0762034010723273,-0.0700352591408123,-0.0711236487393186,-0.0670535976776946,0.0429650682850208,0.0512263766391996,0.0326260177249591,-0.0346400532977802,-0.0788624125938219,-0.0657270957929738,-0.0750414876652704,-0.0696855885993758,0.0393163874543735,0.0516214027202838,0.0246547288820249
"145",143,0.0402007261687931,-0.0532210274417561,-0.00895405796313592,-0.00643780161784418,0.0311417329224393,-0.023731712911547,-0.0243689696510452,-0.0301436752501449,-0.0471481256429129,-0.127845044391898,-0.0944347593487596,-0.104041060720718,-0.0686950324329331,0.0698351767021499,0.0570433891168677,0.00348869419521509,-0.312246881089337,-0.214125824163373,-0.286906812106474,-0.238966979987787,-0.192373383954014,0.268973297857825,0.254412314101072,0.172634825609205,-0.327798504375931,-0.218109820312943,-0.301987745378424,-0.241744530873691,-0.199464066024959,0.278927199626011,0.25960713480957,0.181382654819339,-0.29710103722291,-0.236784631126792,-0.360183853697025,-0.379732255013297,-0.234575169628736,0.280668188135412,0.246441720732702,0.0376526594247057,-0.290252511811341,-0.225380492949915,-0.363441578892026,-0.381135483186987,-0.215984907071353,0.275515872407573,0.247201883266769,0.0287149487048264,-0.311276427674859,-0.242365578210387,-0.307089222969248,-0.240991707399794,-0.203197713496041,0.306593349892872,0.294916665293507,0.194750702706612,-0.322007078680911,-0.241715816886326,-0.299217177957766,-0.234500740657066,-0.201352035272866,0.309625745728595,0.285248087400454,0.193650331975347,-0.104699761901189,-0.103118378408172,-0.123484794228008,-0.117343682141641,-0.116373803465766,0.112954130056788,0.106578073631405,0.055418265677612,-0.0775467263375441,-0.100740773518405,-0.0922769735254925,-0.0871050915679942,-0.0860908606669068,0.0773663265129723,0.0693415680978843,0.0338070208771974,-0.275168671142932,-0.229759896518853,-0.257118705837365,-0.226048833017073,-0.215451676447079,0.259103504575043,0.254731719460465,0.234193455670233,-0.313582072987403,-0.244912823141872,-0.285932744047801,-0.244411469806048,-0.223662852575839,0.288137917109518,0.286424212964646,0.260985665098449,-0.3334809716129,-0.267381673210718,-0.386827653561841,-0.327048517245918,-0.282190534251473,0.33943809171974,0.318374526759551,0.199900084155531,-0.327968037705422,-0.272348332768795,-0.395033996468489,-0.320755757742102,-0.284337757645409,0.330313862673763,0.316135203092244,0.218783651186346,-0.284787731792294,-0.232840530881207,-0.292591040575601,-0.230992760534396,-0.210992942231926,0.27845487903266,0.27403062328806,0.248097334421504,-0.271529168755165,-0.235979246620647,-0.305004722889358,-0.247633953654174,-0.236169946945591,0.27671613605659,0.278052963502427,0.249273248184802
"146",144,0.179907150060138,-0.0466890859442924,0.0866508955461197,0.0929813397967622,0.187668562062445,-0.14493097696892,-0.140832025699384,-0.133977798041909,0.0791711411507333,-0.121011481018584,-0.00599491152278911,-0.00637897093966269,0.0974019458911484,-0.0436910911804694,-0.0585801117524189,-0.111388959836953,-0.205675871955164,-0.186245650304815,-0.239346765736262,-0.200979298518666,-0.13718828189835,0.193674646580483,0.177290860861208,0.0402512406766985,-0.21953248099634,-0.19099542242795,-0.254340125408476,-0.206187802652813,-0.142044504709606,0.202694750260783,0.183009099705232,0.0479424322706652,-0.220624247359011,-0.21018527989986,-0.316226758321336,-0.347084187350161,-0.197798545591554,0.222333045168065,0.187724416281801,-0.0339353829518717,-0.215984079206984,-0.20487480749219,-0.317223121120075,-0.34648405386338,-0.177622383871171,0.220443031397487,0.187176799811262,-0.0692986559514243,-0.190774886484395,-0.215655782386612,-0.254053396279462,-0.203762326461515,-0.148558969391906,0.221385141508546,0.212908115787318,0.0485589672748678,-0.2040480260344,-0.216108526356644,-0.249629871918897,-0.199528147484347,-0.149091269314199,0.226932710496135,0.20817052241877,0.0570502263035828,0.0217712103672527,-0.0802336422981834,-0.0468507501038128,-0.0423463955744071,0.0119625635771324,0.00304923815427703,-0.00600371987551543,-0.0550037510260509,0.0252683502713882,-0.0689777131061558,-0.0340708135745979,-0.0332393962822225,-0.00153966811727239,-0.0145033003790544,-0.0208494545749848,-0.0431646889464537,-0.156953047344663,-0.196893094857092,-0.207692801659841,-0.190131253142612,-0.171234377829217,0.1764965507095,0.176263020056605,0.117701672664842,-0.201900337215925,-0.209882208798904,-0.238288557231227,-0.210195385717971,-0.190227903407769,0.210949616776803,0.214607951638687,0.168719364424891,-0.232271174304757,-0.251579467214982,-0.32933602024685,-0.291953419357929,-0.255433773913871,0.265775792967605,0.256107757003503,0.148039708989156,-0.233380015488469,-0.259880658916012,-0.336221927869168,-0.286181467632117,-0.253830983450193,0.25906078230373,0.256753873178617,0.153050397765092,-0.158217639859278,-0.201421046158567,-0.23970112185498,-0.197749503762382,-0.174803712280294,0.193984451699767,0.199331602959315,0.13653432685186,-0.153337030761966,-0.207076836586906,-0.251495343211406,-0.213635815485965,-0.194874104372058,0.195066161003302,0.203862199084273,0.141178528782533
"147",145,-0.0858804630755675,-0.13775924375198,-0.0831940732327367,-0.0780255972955924,-0.0642306615269976,0.0781572730035833,0.0506935545695623,0.0187470836074249,-0.16200445944617,-0.212525003718552,-0.16234597889369,-0.176408202616265,-0.167757739455294,0.173217442944175,0.150082110406798,0.0675455234919261,-0.34258318473133,-0.239008065060381,-0.275565198043049,-0.233858989217602,-0.179916520535685,0.278065315110444,0.261256727233585,0.181157491997871,-0.358660794355926,-0.242498209239486,-0.288988783389956,-0.236203617725473,-0.185378237539614,0.287014190197515,0.26336453488775,0.183070220496303,-0.366447014932143,-0.296998731554185,-0.376827778789706,-0.393921777407566,-0.214447253087463,0.318384921656856,0.276670086398322,0.098424609754941,-0.365857220472244,-0.283337075692457,-0.386881491313795,-0.402043398660446,-0.20205061546818,0.31701569838117,0.285955588147003,0.107661744295025,-0.350309591638288,-0.273207097795619,-0.296186651339634,-0.235215368978448,-0.196353359272046,0.320496202126241,0.305406429943473,0.209693519280883,-0.358823863624333,-0.271065477451551,-0.287714851436537,-0.228890068200288,-0.192317315607032,0.321491835844922,0.293601376064273,0.209894826666462,-0.203989220959159,-0.186027620858792,-0.170934027777582,-0.161630137862898,-0.166254710167368,0.192457192470711,0.18092987031208,0.110718007819081,-0.152983545260598,-0.173768056072875,-0.126961384289439,-0.118591816250599,-0.117801717066294,0.131974474986911,0.121423634972142,0.0727640415032825,-0.307901879712437,-0.259830808377375,-0.245153700060449,-0.219982781232276,-0.199243019616628,0.269822004749643,0.25861971912724,0.22269537473637,-0.340463222518487,-0.267649495850215,-0.269134692049446,-0.232678743796133,-0.208979730891622,0.2965253744985,0.289478115016643,0.251997624702095,-0.437292739843203,-0.338608420680846,-0.418694030274887,-0.349961082375581,-0.29619357761313,0.389751896340012,0.351850870189931,0.225673316333962,-0.431066757663521,-0.345641556317106,-0.426356426897198,-0.345225627236524,-0.298865431790288,0.381056368808355,0.354824908214603,0.239423308027743,-0.316978529739461,-0.26127229992896,-0.280527457387008,-0.224877091773222,-0.202279743775431,0.290820627651594,0.280972130556192,0.242861973879631,-0.307717957096655,-0.266742586684625,-0.295348797295605,-0.242266593329426,-0.224487979336087,0.292297785791821,0.287420637142724,0.248578661458636
"148",146,-0.0928199586295993,-0.128016415099621,-0.0962602942202985,-0.0960214073762852,-0.0950196821637667,0.0905291333289572,0.0766643015410054,0.0360091862975078,-0.159973485780312,-0.180249582761975,-0.164759936147698,-0.176798154062734,-0.184636508308721,0.170020433263984,0.150479324388969,0.0753978378080406,-0.221894677618705,-0.205082206356563,-0.212860171388118,-0.199836725406032,-0.0873027989544798,0.226161319188611,0.198503648727289,0.0362294556903836,-0.21601305689455,-0.204562395160095,-0.211606792941926,-0.194305943271472,-0.0791058859446833,0.22833100250722,0.194254999900494,0.0221975228486444,-0.204116967275089,-0.171873932789841,-0.245621419864769,-0.292539375612943,-0.168412143525267,0.209610127436588,0.184436152430713,0.0231418697636848,-0.192998972840966,-0.157933685326482,-0.240050938529203,-0.289115908103286,-0.157758800015022,0.201120456474267,0.180851852579105,0.00874898963293142,-0.254723981098412,-0.237708024771485,-0.253607768187006,-0.220599881074697,-0.156271969929175,0.277783359308785,0.260754451700034,0.12227065279861,-0.252501163928385,-0.23204977267775,-0.243317570668589,-0.213755875727841,-0.150707655738059,0.277129947689702,0.24976431687215,0.11549402013977,-0.200706300934281,-0.176068359912188,-0.172964348954375,-0.162890922161899,-0.178404863446592,0.196488589251572,0.186846791662034,0.118203477205458,-0.145589790293193,-0.159481551433175,-0.125707198675826,-0.11688093880029,-0.12309692672763,0.133627667217398,0.124118883857068,0.0762829136258039,-0.269818576083391,-0.24070591891896,-0.23551980460214,-0.218267201196319,-0.187988259539623,0.246841247817176,0.237622138341916,0.206769115334269,-0.273328659414798,-0.249367958586577,-0.246672729657821,-0.227179779740891,-0.17799393062267,0.261203837783432,0.251396976550976,0.182538733532558,-0.219703894841936,-0.195931199799383,-0.253112085905241,-0.255260284817651,-0.224123706194464,0.243817893105218,0.232768183780328,0.120387568402022,-0.196280156878793,-0.184080119838459,-0.240157090252105,-0.240440640906395,-0.215810314025362,0.216914755148584,0.215495627623948,0.112163690862472,-0.288600824448857,-0.246617554961011,-0.275837907751661,-0.229570916505097,-0.201990829043135,0.271334311965693,0.263843623338515,0.23004500717178,-0.279201174925368,-0.248926827637326,-0.288932959146137,-0.246469354581507,-0.225719214598441,0.272169699866823,0.269280721427429,0.238925240927755
"149",147,-0.0893016116949794,-0.0902591151731782,-0.0929970312656554,-0.0929441681253347,-0.0935640315446642,0.0865247167760761,0.0734520256048111,0.0350962786753952,-0.143590921285218,-0.127956232345066,-0.148475753344382,-0.159286631961615,-0.171504698583435,0.146335421242769,0.131219409494867,0.0689675695898721,-0.0111234751626995,-0.123648527460832,-0.0167528658612885,-0.0582567595817432,0.0532800884043409,0.0645838582647321,0.0380046523103825,-0.134509815212749,0.0245554354595978,-0.118503150475509,0.00681878617285851,-0.0426964930219634,0.0792298513154143,0.0536503664852122,0.0239807080758973,-0.169499454538026,-0.0422335044834578,-0.0461578654995282,-0.0490888156937642,-0.114585692948886,-0.0497507329646075,0.0553302885850877,0.0384596577428117,-0.0702995764491136,-0.0193810937807721,-0.0311855885148845,-0.0202413889823997,-0.091366922263743,-0.0186790175199948,0.0350988896739272,0.0180132921556554,-0.0954084173133421,-0.116431667110194,-0.173075516841778,-0.0899065063578627,-0.104138783102871,-0.0451796542738861,0.156573079362988,0.143035159572431,0.00811884839045957,-0.103161883374451,-0.163918723437684,-0.0816008822935829,-0.100111364029957,-0.0429935348529361,0.15265720670773,0.132524642881297,-0.00487972090057256,-0.1919880089873,-0.160799005771947,-0.166908165374434,-0.15709613616355,-0.176115264784831,0.190855426411704,0.182608764684091,0.118019974671169,-0.134936171551635,-0.141174516939406,-0.11809941648222,-0.109850934751597,-0.121449611382062,0.127688737570388,0.119408854610869,0.0752425449122717,-0.15445000380991,-0.176960787856114,-0.109460030987982,-0.121809068022145,-0.101238742462679,0.137134627480877,0.133515429766526,0.110013328195605,-0.106731514092657,-0.179046487217544,-0.080754033821275,-0.109041823595635,-0.0709500712308719,0.113460317806931,0.106476099906805,0.0433041862196327,0.0137909692811378,-0.0419223440096584,0.0134933479411961,-0.0740267347294761,-0.0751532616199732,0.0181429801549008,0.0339546130669141,-0.00614518879689137,0.0620144016122371,-0.00649892410193935,0.062782573741086,-0.0376714269519741,-0.049352168475772,-0.041857982351827,-0.0211073179077366,-0.0557484575881706,-0.195538202657046,-0.194938864550896,-0.159512556900548,-0.149091861784758,-0.130299603928845,0.182408253693189,0.180026336536737,0.160736312475266,-0.190682640305014,-0.195964427269545,-0.171241522568913,-0.162481933274672,-0.14731202647119,0.183806660350213,0.183347305345293,0.174474573377584
"150",148,-0.0882572674088607,-0.0643613426984873,-0.0919939051358649,-0.0915995582842022,-0.0933494119138079,0.0852803865655213,0.0728009892254266,0.035429466644739,-0.138486447539748,-0.10390079898582,-0.141473419585847,-0.154999157927903,-0.167812193369272,0.139556417668291,0.126329276557559,0.0675319993814353,0.0410542948759651,-0.095819475283276,0.0634115311996914,0.0094917391014264,0.115221677518253,0.013115189278513,-0.0185481503950377,-0.173185821464749,0.0814785303501677,-0.0902404006273822,0.0948562215441717,0.0294963809139218,0.141809819762249,-0.000514727540479294,-0.031582142940488,-0.233887764751249,0.0123716542045997,0.00054864309468546,0.0190638793896135,-0.0498396683063002,0.0225868643516341,-0.00289947137544073,-0.0263311311768816,-0.147984668325237,0.0377155185369419,0.0145384918672887,0.0564894587325918,-0.0190693000812327,0.0158056579664781,-0.0261119131818782,-0.0447015065314082,-0.126588190486348,-0.0804792176417405,-0.151027765519122,-0.0301909110023967,-0.0498746735667108,0.00203765693296957,0.116529980800516,0.100614693072131,-0.0286005679008318,-0.0656751204124541,-0.1412904082668,-0.0225228429576574,-0.0473687174925432,0.00704617042355913,0.112028460099062,0.0904911470818947,-0.0418228180043444,-0.187379972230285,-0.151218959508985,-0.16238376164442,-0.154521536409355,-0.175272686708555,0.187787552217105,0.179592018906483,0.117792516815209,-0.130152397270895,-0.131475233033127,-0.11361189603263,-0.107718162233139,-0.1216606042283,0.12541956128729,0.117657445735822,0.0752151663850091,-0.121809136696295,-0.154508263873484,-0.0598253203577157,-0.077115136640633,-0.0604267634230889,0.099636078424371,0.0936481317985629,0.0757966043971669,-0.0611198416398727,-0.154173633860533,-0.00986324997310191,-0.0494727224945911,-0.0212638206847038,0.0633529812640734,0.054040370265828,-0.00448866146745837,0.0890312047446933,0.0131670523045068,0.105954596579173,-0.00722436520420551,-0.0192362602557697,-0.0673336133891954,-0.0513340695584221,-0.0783475365827611,0.14732627408944,0.0586964710533044,0.168759628471357,0.0361117658127868,0.0136453630338404,-0.14184262157799,-0.120910750519555,-0.132974214279459,-0.168031411366199,-0.174936715800326,-0.116840280133226,-0.110389540644755,-0.0979226247307105,0.150938272209627,0.147496207938251,0.136681923088475,-0.16418574874472,-0.175430524079797,-0.128130863908891,-0.1212486501396,-0.11259182023417,0.152038975585772,0.151903901779945,0.149260488574852
"151",149,-0.076753593901726,-0.101652318601422,-0.0823993688481858,-0.0803662518437835,-0.0688723904939201,0.074350088672976,0.0633321328488635,0.0289866323718046,0.0224395264279272,-0.115936771194084,0.0748450401644017,0.104409620884046,0.15495943379685,-0.0447506830962618,-0.0395226914163186,-0.0465027212342588,-0.239974229912663,-0.190409674669029,-0.205130131361382,-0.185104944764626,-0.127094469868542,0.168230067767317,0.149973536987169,0.0655973818389797,-0.248446155022177,-0.192057896063253,-0.214834816588999,-0.185721314370014,-0.12689044426581,0.172814173303476,0.152956098513252,0.0800253373022822,-0.12407302702122,-0.146979426338232,-0.155898567056273,-0.205582785651716,-0.131004032775202,0.065410879131672,0.0589607977834007,-0.056691418606517,-0.133909793750682,-0.149334912861393,-0.1611265020123,-0.206281821214766,-0.103466166637587,0.0747692730405279,0.0747078253963972,-0.0518428963890046,-0.16098531621392,-0.192212569999368,-0.16286170792311,-0.14421312363594,-0.0932699016629513,0.140544079161398,0.128507502392863,0.0203218632288125,-0.170555008051074,-0.190154351977305,-0.161398321063885,-0.141391363626867,-0.099740844150332,0.140484111337404,0.120585999103976,0.0118470655434346,-0.0296233585381647,-0.0817589785500519,0.0147332396494358,0.0376256719501172,0.0465477154454515,0.0138363972629679,0.0179383422353297,-0.00763812520416556,-0.0456331033025472,-0.0956008795479861,-0.0109141064337406,0.00561179772110709,0.0075545342229144,0.0254650494932741,0.0217765182502479,0.00701558665715587,-0.177272777844952,-0.20065864969497,-0.149028858329915,-0.154199228879473,-0.136167338418815,0.140033899718926,0.133197704968235,0.0984439519206609,-0.110901718416012,-0.170049146071877,-0.109343315514999,-0.122361980312394,-0.0988796390810261,0.0916257761584494,0.0825891971031956,0.0286248368568061,-0.162592023328071,-0.200136903897369,-0.17582141491109,-0.179225333430483,-0.167490531951671,0.116532750220823,0.122965609573173,0.074330302667931,-0.192871972099435,-0.222576090986311,-0.20404810822308,-0.192621621525329,-0.181022852457014,0.132409334428061,0.135827533573499,0.0925261158473403,-0.130572706378791,-0.188607883743764,-0.137951003273615,-0.136259007199252,-0.11356991493047,0.122265704107879,0.121615247126082,0.0624654988020303,-0.0816863308922171,-0.176423412435653,-0.12737207864093,-0.137338783991618,-0.123524772410725,0.0940471889725225,0.0943877163772416,0.0296994111039545
"152",150,-0.0875181852010086,-0.129882596143172,-0.0876410615141019,-0.084424752513646,-0.0814235552588242,0.0851963040880743,0.0710420195249361,0.0321514392859925,-0.137909578528025,-0.16127992380252,-0.115214406655997,-0.106920748442745,-0.11524748156428,0.154960542710786,0.135419670482113,0.0617808573341834,-0.347621793992042,-0.217455794209349,-0.246008941588805,-0.189228998131452,-0.169644245993603,0.280913103372272,0.271260597912847,0.222858030287688,-0.364875390964026,-0.221914931753198,-0.259551546390128,-0.19232036823364,-0.168606734330332,0.2903794186442,0.273986684591394,0.227586666624419,-0.315633062293219,-0.24341568105792,-0.232058111764196,-0.191503843647292,-0.129649895267053,0.273888021230829,0.244441568794365,0.101018138778226,-0.319068077411831,-0.235415897332321,-0.236351298943193,-0.187247776223724,-0.134518093152788,0.275921604502669,0.256047706724421,0.108963216107453,-0.349793268813155,-0.245387899652765,-0.243723685857073,-0.164845265840029,-0.142196978670927,0.315446364742602,0.307334328927282,0.238901102077074,-0.36061362027198,-0.245353581011836,-0.23684704632434,-0.158638260365098,-0.142489901325945,0.317676341952025,0.297091154313333,0.241662099416479,-0.163439307426534,-0.135975436113187,-0.122912381235718,-0.103425324632551,-0.121891694131049,0.166310963355438,0.156289448484011,0.0927353714178451,-0.11968908931385,-0.128035880195939,-0.0903259141893738,-0.0746398691614771,-0.0864445926327864,0.112943185587895,0.10346512685295,0.0589707880952597,-0.307658028071467,-0.23588846751009,-0.22469733084585,-0.190878106239367,-0.188305328048907,0.272430423605802,0.265727944540982,0.249166577471668,-0.344568590905638,-0.246421694398844,-0.244924488362889,-0.197181794476381,-0.193494156906388,0.299150692915003,0.296211562463909,0.274282453153268,-0.389398445281397,-0.287006772244711,-0.259207466518129,-0.163913396443658,-0.148832398144296,0.34985179641068,0.319188228307937,0.207720476211468,-0.386684674169896,-0.292848328995183,-0.267720446322749,-0.164455571919067,-0.153016297523868,0.342762699102435,0.323467739888322,0.21762767700645,-0.313362817359949,-0.236021800959497,-0.241476321450734,-0.178074261939607,-0.167184885771406,0.286517400368788,0.280927485895715,0.254568531389055,-0.299638195426359,-0.237876324086435,-0.248917876386373,-0.188308180556535,-0.181108107570749,0.284357442723897,0.283907663932087,0.257998146300886
"153",151,-0.0928968116728452,-0.146200009159926,-0.0939772365629036,-0.0913617737091101,-0.0820847493301275,0.088322824007123,0.0740443816225128,0.0327978624039946,-0.151636632551031,-0.219167106874927,-0.12055996281884,-0.104985861807284,-0.0478199466896266,0.13806708636791,0.115134888513154,0.042578113357223,-0.39947576965144,-0.271858338851219,-0.313153001230318,-0.25782532579421,-0.200474159868174,0.304613395954068,0.290089187757135,0.227447496868065,-0.417740847703424,-0.274761661338246,-0.327620694028555,-0.259406169889486,-0.205502075862973,0.31475965661379,0.293987306262221,0.231499051775053,-0.36899138629861,-0.307358672269706,-0.333708263118345,-0.318298882845039,-0.188683224027375,0.294327415732763,0.262494478332134,0.103838086923829,-0.37008440229377,-0.294170289563091,-0.341815672145608,-0.326004165829398,-0.210173708536179,0.293495847645737,0.266163567544402,0.120302047959949,-0.398652012979146,-0.303888838502036,-0.318130439800939,-0.237964752971286,-0.194402310380838,0.338020026741634,0.322820763274516,0.235250505120566,-0.409695270155951,-0.302506201448757,-0.309465319969777,-0.230413734431111,-0.189172250210951,0.340110330475443,0.312420788505245,0.237110283294779,-0.18233693070901,-0.17561127153461,-0.133340216040091,-0.110872763105151,-0.0962425655540229,0.157472781673281,0.144887298653421,0.0795825918013792,-0.139177227973167,-0.164972827530645,-0.103414330091173,-0.085457484948292,-0.07609454238947,0.110456004044759,0.0993325898702777,0.0518821797605291,-0.360798046051305,-0.291038443930694,-0.282140444062466,-0.24384878281899,-0.226041486402766,0.294956950701306,0.283460051368721,0.265388403817935,-0.385454849923853,-0.294676231148702,-0.299728470740626,-0.248259185060981,-0.230467487779231,0.315801390216914,0.310014106848389,0.274239442843136,-0.453418993162369,-0.35961580383752,-0.378037208913684,-0.283016607459235,-0.255171124003532,0.370935610638493,0.335796582444919,0.223399925487958,-0.457833782575528,-0.37324590855341,-0.401568766288776,-0.2942308613012,-0.268028162525416,0.36935462950557,0.345131574246909,0.229536629053487,-0.363125068881942,-0.289678040149703,-0.306176650052963,-0.232831943339206,-0.209908680835737,0.307179422670166,0.295355483356773,0.260045411169239,-0.345944822651516,-0.292294485379669,-0.314133288759946,-0.244175398237076,-0.225410500244468,0.304186229525161,0.298595498339324,0.259499671884746
"154",152,-0.0869943030492861,-0.127714812241346,-0.0913322654113711,-0.0911620485036307,-0.0852482644082038,0.0840936464997716,0.0711851824181374,0.0326643143158096,-0.0551387995957913,-0.148939220396026,-0.0335834447384311,-0.0241771397303579,0.0203489334459525,0.0333007183955572,0.0268398892443492,-0.00243319511370851,-0.328008074959927,-0.230609102871564,-0.27448962588687,-0.231960701451401,-0.180758401865343,0.2511165282732,0.237971925317177,0.178655967603594,-0.341102728263582,-0.232665646574446,-0.286901744295613,-0.233190444649971,-0.174606540826781,0.258210064350185,0.240924924947518,0.177142126814149,-0.23929592836234,-0.21398004008195,-0.253743903194984,-0.263385952816012,-0.178264154513367,0.183719663594426,0.163210210949814,0.0420017823458005,-0.244056238728966,-0.209282089309533,-0.257872805504796,-0.25969814763851,-0.153523191241002,0.186494974194933,0.171721496701416,0.0416305941129003,-0.2920074948622,-0.247206084508248,-0.260101463828251,-0.204362694582119,-0.162276275461431,0.257825670577732,0.247278971250205,0.158900065436874,-0.302532743330592,-0.24595309093143,-0.254181256028351,-0.19936142628315,-0.165726679011409,0.259861574131131,0.239140098289014,0.157446234084012,-0.0961918875012224,-0.114217541154951,-0.0636485405928468,-0.047731446475388,-0.0444617123907916,0.0753787868653337,0.0719236805324508,0.0382006822110863,-0.08611463532474,-0.120168873256013,-0.0593281131204319,-0.0458564885964687,-0.0437393676113988,0.064775984354828,0.0588323863254586,0.0308390015153545,-0.284672416203206,-0.248025295230226,-0.239800713488322,-0.216292634636198,-0.200852794394921,0.236770763540635,0.230901383238799,0.208984586812765,-0.276875926433338,-0.239056245549907,-0.234845229437468,-0.208216867141522,-0.185856914783746,0.232326708774245,0.228600162955725,0.206894994131081,-0.294423769589277,-0.263717711965221,-0.282138433636995,-0.227342658404572,-0.215177701219736,0.243020544271737,0.229256806768869,0.135709370900545,-0.311827541778167,-0.281670672890496,-0.305267659109254,-0.240844220110331,-0.224984141122922,0.249039875604217,0.245692414440487,0.182967388758052,-0.267165585442023,-0.242322796212008,-0.25080428178577,-0.204855966017602,-0.185869105931309,0.236183446024991,0.230344730503977,0.203371483756853,-0.239477513427819,-0.239431797687167,-0.251421025931997,-0.210978400717853,-0.196879530252966,0.224908953035183,0.224830712511253,0.186102765128373
