PC1,PC2
-0.8644810755068384,-1.5522383576459384
-0.9723417616937122,-1.666247570639529
-0.08607827592314349,-0.2742193757427944
-0.7020149061305732,-1.1799622430032983
-0.34028956303988817,-0.8733988849015843
-0.5426452643152664,-0.7885017095309452
-0.6864339955717708,-1.3244871173850274
-0.8236540072471801,-1.5262080314121191
-0.6040859593851247,-1.0213808622213492
-0.02060863594859763,-0.3354559526631525
-0.5541189751623895,-0.534853938312741
-0.45209758305964054,-0.5948335060100692
-0.6194613986411772,-0.570771803652914
0.4105960798076679,1.071333054231311
-0.8184835426751446,-1.27104755263923
-0.6324025508753098,-1.0761624058611163
-0.7076604609203507,-0.9095369750872935
0.1894538700872943,0.6199561126699926
-0.5468968152800305,-0.4015520212531057
-0.3754686388614866,-0.46784166533486327
-0.948973911982124,-1.404466604226193
-0.8922202421786267,-1.4757990291433047
-0.4273884298172353,-0.1724089299838315
-0.14718071618332212,-0.04739705292877899
-0.7986298719001578,-1.2682238435201596
-0.6380077257589745,-1.1838019222321448
-0.6766841179262355,-0.9757005389115163
0.13646095112503787,0.3996885352579774
-0.5144748361934134,-0.4678713281432855
-0.3765992902915985,-0.5336326532110571
-0.948923164594982,-1.428370674134058
-0.8889131842805098,-1.4641484439151922
-0.3946668196754529,-0.23788974271690067
-0.11870175452663201,0.0546285367053892
-0.5945334565777504,-0.7435470750530024
0.47890823717307496,0.7855669322505803
-0.9537460877838461,-1.5701415510041479
-0.8950986313050637,-1.6052785186130745
-0.7778342431066874,-1.2618588703328921
-0.6089628826071218,-1.1725024046783747
-0.6694822837007763,-0.9580698104473293
0.24349529152569638,0.381815848519058
-0.5083060041310115,-0.5062299396934218
-0.3388882170493251,-0.5933336784401321
-0.41938429286813916,-0.0856102776672551
-0.057246475254410734,0.06473334515498458
-0.5801833177772489,-0.5662349143932568
0.5567917867578481,1.0707774660718066
-0.5116404725784094,-0.3002719474401878
-0.32519663522804004,-0.33288128719609916
-0.9437965727143314,-1.3689299185329529
-0.8759313187888551,-1.3903723087832687
-0.378005686380943,-0.06004801507328744
-0.03341785736912939,0.10217797938174816
-0.5842582459136492,-0.49930457306674986
0.6479185109581268,1.2518654603614805
-0.8112510143701042,-1.1561161798608237
-0.616647674847605,-0.9344225543426874
-0.6621419802562859,-0.8683921475252445
0.3229081730081541,0.7410424685755845
-0.7855059996350806,-1.0927098210122146
-0.5753328471479071,-0.939598783565216
-0.6630966572417271,-0.7610682656061387
0.3949498884288668,0.8267203179799127
-0.4872608442944928,-0.27150299758461804
-0.26262916303710815,-0.2612247718089468
-0.9441501106296714,-1.3940507786137253
-0.8589959148372328,-1.4106771304962342
-0.3617571004534919,-0.07618806763120001
0.055460022256238584,0.038693741152689476
-0.5863651028303946,-0.6206870853715645
0.782890914483161,1.3883483806308334
-0.5714650490616022,-0.5672928237974983
0.5503014524452615,1.366342999451436
-0.8015488354313214,-1.1155160650899703
-0.571016129670149,-1.109948602468959
-0.6564279868864608,-0.9882323267072681
0.4377704056022417,0.47871045862172096
-0.5001720483790331,-0.5530360070586662
-0.2582166133198626,-0.6145731378198698
-0.9509373485632434,-1.5470255449088137
-0.86690208701691,-1.601938223700894
-0.37284517565841124,-0.3714932297376963
0.060022086748851455,-0.05856965316957041
-0.4079352247670086,-0.37796708705946547
0.06641352607675599,-0.06021578926731708
-0.5946650024331872,-0.8239916248782682
0.44231592186073165,0.9981074285417553
-0.955267282005777,-1.5614399269390586
-0.8800603284468778,-1.6304414075099756
-0.7746185065238969,-1.2991551155803616
-0.5811879723892627,-1.1688898404935242
-0.6701171814846122,-1.0370272837024603
0.15926295737894713,0.460782957460463
-0.5192190785306238,-0.5748841108396443
-0.34101395356825803,-0.5581809633994477
-0.9539370871321687,-1.5233829071206015
-0.8733616761115308,-1.6428697294351569
-0.38696942808663326,-0.2932872734951809
-0.09316559486215631,-0.01829107513175743
-0.5905671052336623,-0.7749616629343703
0.38279190758522275,0.9688310962631528
-0.8008688150548211,-1.3179975018967638
-0.5839798647224198,-1.149305144473344
-0.6703917898553193,-1.0678200524002956
0.19491355391739407,0.5109932859419322
-0.49603561328927376,-0.5709530197975077
-0.3274097442246614,-0.5968240114121781
-0.7888724165847496,-1.303800837347722
-0.5820179150195819,-1.1446807450799243
-0.6683710990075592,-1.0130768906115706
0.2044332363885314,0.5359705361174691
-0.5009697495776313,-0.5899885124205064
-0.3051297058395299,-0.5563859140511513
-0.9525999724119522,-1.5693116532683469
-0.8641744060403787,-1.6225895516167093
-0.3712887197582769,-0.36570763184880095
-0.06469999047648367,-0.032012676296132136
-0.5776642837372713,-0.7843940473047133
0.4253317810125353,1.0050906263094843
-1.031022229010158,-1.8063568652606619
-0.8028005452954672,-1.263842146380124
-0.6113877288096478,-0.9221788596913549
0.5292840153831636,3.4334782986847054
-0.7769533722035248,-1.3408824030741646
0.7568793962543993,5.250602512920053
-0.8827731502857685,-1.6531694557205192
-0.4011427216743405,-0.4897837185778866
-0.7734867160434248,-1.5438749935102691
0.1224197452734519,1.5106050949876237
-0.5695558514784097,-1.2297700159626057
-0.24736412602091384,-0.053106892952989454
-0.633685030809422,-1.4016338465447256
0.35557944956934673,1.732594019530459
-0.8259429313914738,-1.6592913612808373
-0.45700648991320886,-0.7854730571225872
-0.7199188078225426,-1.5270584086778318
0.4251341602949489,1.622676702489886
-0.6309905622294446,-1.340764762350773
-0.08604869846434249,0.46674336435823854
-1.024528924474177,-1.798851690517933
-0.8256562065618359,-1.3786561223996912
-0.5690015336721629,-1.1359871039494127
0.14346707534735015,1.472868701164752
-0.8634253421262024,-1.6865004629919322
-0.42058722480898036,-0.6092476881430109
-0.7650219898412502,-1.5224079991201527
0.2590262349353222,1.7638751907777677
-0.5895317872819624,-1.2330312330355435
-0.18915220363301727,0.05116900526591456
-1.0219191628333926,-1.8519188626710568
-0.8396980455260386,-1.5159214347389258
-0.5010458243735091,-1.1951743757576132
0.02492689411664084,0.5681849454087318
-0.6681234789071305,-1.4905876077763711
0.38685389407537263,1.6056535139999744
-1.021403628472366,-1.907342819673348
-0.85946807956283,-1.5897055678710112
-0.8118479212408166,-1.716483507178896
-0.4468810439723301,-0.8691906898021455
-0.7210311101269942,-1.569688842194243
0.1425757548563188,1.0327166642748038
-0.5557593644514294,-1.3049575601705485
-0.21775386768046984,-0.1766965674572588
-0.5119492482146568,-1.2322726335176837
-0.03322994978439875,0.4324021506577725
-0.643840226974718,-1.4828068900899707
0.3480625098895225,1.4946951175423697
-0.5620308353658592,-1.3986933003372346
-0.2323808881298307,-0.2725712082527325
-1.0189999285660127,-1.9061674663533532
-0.8522592737919013,-1.5599964201445524
-0.4601350783408117,-1.2425706569943897
-0.014321140027974244,0.41645319753167714
-0.6322187804564707,-1.4916785348308959
0.3200306954860801,1.407471468840079
-0.8106504623262026,-1.7381370564023282
-0.48073840117776845,-0.9521748848184592
-0.7081679544550885,-1.6031718646082642
0.15857358963603363,0.963991894657058
-0.8057315603287585,-1.69427191246092
-0.48153800952609915,-0.8882138341644936
-0.7006560520664219,-1.5488573872773292
0.15640341162962734,0.9737667615250332
-0.527392460218903,-1.264448923029841
-0.27054789277949637,-0.19753194244346142
-1.0194111820708147,-1.8090252003394143
-0.8571364979266299,-1.4978457376749916
-0.4310353408133048,-1.0747907036506639
-0.06675232698312661,0.48420523726192227
-0.5948799618908824,-1.2915564300316034
0.3519412285464355,1.7160522756572993
-0.5939047266899469,-1.2196031950369204
0.3124842737165807,1.5836745375802888
-0.805627974946274,-1.4937444786587766
-0.497995522406707,-0.6921164559747943
-0.6774808278290485,-1.3404273784468481
0.16897317827730296,1.0364945638717595
-0.5062598338189324,-1.1105488154361072
-0.27297823313891084,0.03618305306757924
-1.001824013566087,-1.6881899885928258
-0.8582567144326693,-1.3743725081678688
-0.4113587594098925,-0.9304329687818
-0.04472101954671215,0.45990966785610693
-0.47266462503391304,-1.148696403723679
0.09629261491907037,0.5252043975347269
-0.6076652065959207,-1.230955088091888
0.3529151648955845,1.6799566151269856
-1.0137673119478081,-1.618773288559424
-0.8225734285817861,-1.3174247366774632
-0.7752177894467375,-1.4279403025219668
-0.4761890179379927,-0.6999552226837478
-0.6847705613581673,-1.3122170415888899
0.11650814492770378,0.9953666383146156
-0.4926789613754663,-1.06264667914883
-0.2957956581469824,-0.12869521392470648
-1.007334990409009,-1.6816827348032604
-0.8717159395572407,-1.3331481003236243
-0.40415095777005117,-0.9237425444382188
-0.07460375274964681,0.5118396353245731
-0.584059326018584,-1.2408577791043187
0.31449762048931773,1.565616577937804
-0.7849817297333893,-1.495953665706033
-0.4910726901103411,-0.7273931685524548
-0.6757237261561404,-1.323575273144834
0.14758369296942286,1.0956313595701817
-0.4975923297357667,-1.0440636487531232
-0.27767043529371965,-0.47407318217099215
-0.7813422983588972,-1.7526965732363542
-0.501193285626351,-1.1140900275432863
-0.6596741743259652,-1.6162422524251523
0.18137201253721946,0.52869910804154
-0.48288721697645914,-1.3952691400799764
-0.243884078067981,-0.5193088302810246
-1.013945273759339,-1.9100867645434527
-0.8637431928545005,-1.6297482991599281
-0.37994672515183464,-1.3092299865234354
-0.0011037362444461518,-0.02692459878897363
-0.5691174102996212,-1.5271961782513666
0.4060210790325387,0.9733261031396849
-0.9599702040102326,-1.6404715389295856
-0.9093290883760428,-1.5946536811793646
-0.4693775068053622,-0.7463111887255549
-0.127113575064143,-0.0888213770448153
-0.6330797538727622,-1.1361719692557988
0.376951384663633,0.9462079762454123
-0.8336375266697997,-1.5027369319345927
-0.5646961221455792,-1.2568017611728974
-0.6902507641180826,-1.2832253690308475
0.2774710096961318,0.43667958112264843
-0.5269896114075097,-0.9656577480383177
-0.23658109535862165,-0.6402709687590602
-0.5848478175858316,-1.1279967632083787
0.5671554127146098,0.9882059904164682
-0.8144054892720802,-1.4665256767713846
-0.5073208299660587,-1.2187831047942852
-0.6807998665352337,-1.2679414167037406
0.36481917926860963,0.44733890142274685
-0.4783366479629943,-0.8896284466049229
-0.17391177744492026,-0.6654190281656831
-0.9687362320016641,-1.6924355144124064
-0.8497843345308065,-1.656659747871216
-0.3517301217021087,-0.7394021238458345
0.11814832169112843,-0.05377084682713851
-0.8093367155715228,-1.4819115529932532
-0.48461152383406225,-1.2148951318698242
-0.6671553351635807,-1.250933004120739
0.4233261191678531,0.5183840279030139
-0.4823116820414496,-0.914595912817179
-0.16429985433092686,-0.6038759267962547
-0.9651887127154297,-1.6477712180347497
-0.844360387225114,-1.6683289623136532
-0.32556127940987073,-0.7268754054316044
0.1376122774025833,-0.03706162776556193
-0.5617132154105428,-1.0967885746929056
0.6759063460720293,1.0216038512151298
-0.9692671956414435,-1.6943931070463933
-0.843861745173808,-1.677727929644463
-0.7785589180600334,-1.443451427393533
-0.4485501067313924,-1.2196733566854963
-0.6559700582588387,-1.2940754087877444
0.48254669930301464,0.49784345615504916
-0.4567948692798325,-0.9215493704756401
-0.12177729827190925,-0.574829673436994
-0.3512759548724466,-0.6333844707189049
0.18805932086718158,0.35457673717626675
-0.55316641077213,-0.8015359880059696
0.7618502882944865,1.5048422181195331
-0.4498904533865031,-0.5856515816799941
-0.08615232474149176,-0.2450049365757177
-0.9596399737141923,-1.3414229326519098
-0.8195304282188821,-1.328064263671978
-0.2967072944390859,-0.30162125287255037
0.1888000441351162,0.3987687183265947
-0.5367019162400327,-0.7753409353416235
0.780964435356526,1.6071522745751234
-0.7837403473197923,-1.1008470577495137
-0.4241731276258569,-0.8473048649321275
-0.6537754412517446,-0.9372357538926133
0.5227440009307304,0.9582265500097327
-0.7836692893917162,-1.1149079541974958
-0.4179828961219926,-0.8650969986287382
-0.6493646559999793,-0.9259749039490988
0.546257587783853,1.051417918752477
-0.43433455667341647,-0.5183516451959321
-0.08090872655437908,-0.20349577010873598
-0.9511055919887026,-1.3389487474069994
-0.8183694248486427,-1.3236418239957433
-0.3060201474508781,-0.33719695252489923
0.17993782434105776,0.42664861066163945
-0.5459013513152919,-0.7479195240472896
0.7832296796979986,1.6557748511045733
-0.5417015005841801,-0.7053106038753131
0.716671457631629,1.5249601347318935
-0.7687346287373917,-1.100253154711646
-0.4246471367969455,-0.8777882479631287
-0.6337290727745282,-0.9677568732451223
0.6026514987320118,0.9066459781709504
-0.4257086597967348,-0.6470657311969021
-0.07855626920682723,-0.3826681158763832
-0.9546163660918713,-1.4447153500941512
-0.8026614316896479,-1.4201079292621008
-0.26404975282491344,-0.4747146686816065
0.297922691685542,0.21180810974513814
-0.3245118892926839,-0.5047294906293126
0.29593862066210364,0.28113820820372554
-0.5139945720680054,-0.8540039749074904
0.9602579820149831,1.4864441707922331
-0.9509115599500262,-1.4218448620385833
-0.8093764428283781,-1.3421222531257713
-0.7412253312738298,-1.172188967999218
-0.3109317642240251,-0.8125034582584256
-0.6222338184636288,-0.9446304875237992
0.7566122183755183,1.0864516660760741
-0.3959616856237541,-0.7409581651217044
0.006381657273184738,-0.40169054502857826
-0.9511834466270526,-1.5658914848115335
-0.8044795644744092,-1.5055759729112241
-0.21774963580294265,-0.5316969910846437
0.3863837971236368,0.20780805513505946
-0.511760399111133,-0.9629903650528431
1.0201425413506606,1.3349969126883048
-0.7709895941416645,-1.2954377787613942
-0.3489946046894452,-1.0249003364872173
-0.6112323016485075,-1.0966570199120043
0.7893743675578774,0.7880313302642494
-0.3867120691495995,-0.7478508623840077
0.05258703252921704,-0.4451189362778351
-0.7711486165169857,-1.3840579184211983
-0.3308963617809944,-1.0558368946386405
-0.5990086321776058,-1.115483720250475
0.8332539781844385,0.7967562036254523
-0.36972053011165795,-0.7637867047490616
0.07132386574006822,-0.4551851581523744
-0.9407935844928808,-1.5841910846849068
-0.7886535911411956,-1.5418328626933928
-0.19819804610643782,-0.5215817958142295
0.46707570450564007,0.23524627537319903
-0.4894378930152462,-0.8971604221987832
1.221487606541643,1.4423463344500769
-0.952028873902808,-1.5557501017966657
-0.803896123612571,-1.5788842206510343
-0.22089400526495345,-0.5866093972111251
0.39003676664583775,0.17629382239712216
-0.5061549705793775,-0.9001678696511468
0.9646090419713501,2.190098561967317
-0.7995487593157031,-1.3468340710606852
-0.34808380296927677,-1.0304781944474442
-0.6181059919997561,-1.1268830172895827
0.7535369272955298,0.8047704588572522
-0.3856138012004102,-0.7216310404786186
0.024170986764624147,-0.4146571329123142
-0.5105708114826382,-0.9322610320402176
1.0072799984361729,1.4240990131948805
-0.7808802412362346,-1.3407148663159743
-0.3442770547259689,-1.0327873051716392
-0.6159979180898159,-1.1324043014158998
0.7594878756363225,0.7893279013096501
-0.4021476423572555,-0.7652252697181021
0.06468945730945819,-0.3987553231956194
-0.9595880690162147,-1.6155250624910928
-0.7961440459758719,-1.608726523601763
-0.23482342617142604,-0.5965476847502365
0.4109016916283902,0.12060019636555613
-0.7819284284373089,-1.47974679953474
-0.3131484633402163,-1.1398965966461971
-0.6228988620350886,-1.2730337781300305
0.8078629299543473,0.6658544100907842
-0.398362785556155,-0.8839352688155957
0.04849238062889627,-0.53773774872517
-0.9587883531315935,-1.691887650672566
-0.7937116912683162,-1.7255674871427593
-0.23535679120816855,-0.7186799676004965
0.3967851587160439,0.045977659659701076
-0.5120464692107789,-1.1248238485756696
1.0356853873016365,1.147596313253369
-0.9624423797440773,-1.706177258649719
-0.8063168073019051,-1.7224035949305623
-0.7560062320912545,-1.4816128776737243
-0.3126680387941011,-1.2428012829767727
-0.6113339076308693,-1.299376898470413
0.7417300078589003,0.6142261944830201
-0.40846880247581147,-0.8908441888057825
0.04184156246851145,-0.5694565570898498
-0.3074925399151148,-0.760454003956959
0.34997364202773784,-0.00657387775266588
-0.5284378534922751,-1.1183417036134717
0.9786785886885013,1.1838615210828292
-0.43849409514121795,-0.9498706815803195
-0.01059861099774806,-0.6030686588167213
-0.9655077185742205,-1.693417335752294
-0.8102199964457789,-1.6878508632293523
-0.26987535366440146,-0.7362495744949846
0.36709619114851233,0.02461588585867186
-0.5406823766655466,-1.1012888211574587
0.9687558389735552,1.1445160298697625
-0.7951603606947952,-1.5027998693730096
-0.3545818931700744,-1.2290271054237982
-0.6384610717217868,-1.2681360221624363
0.719692541745136,0.78604842659957
-0.7901994662327426,-1.3662538069535424
-0.34490226675532487,-1.1072840940197592
-0.6395536088183684,-1.2625918660802107
0.7632322137972208,0.7781414120714554
-0.45656166506835383,-0.7774717903054269
-0.0009177028660831699,-0.5071433005256114
-0.9620600169019042,-1.5593492990485642
-0.8095008143626516,-1.5447971210847604
-0.3106357417929567,-0.6516884329007246
0.28156723319513954,0.1251208451766384
-0.5626463192449261,-1.0089883240771058
0.84544098138338,1.2281687665102985
-0.5644516918163222,-0.995881733587334
0.8259022177931971,1.20272092533239
-0.8070702588863162,-1.4309701432982596
-0.5076295205956325,-1.1631891510616816
-0.6660678025442164,-1.1822621258036166
0.5106544058740258,0.6070190920020988
-0.4699451391045247,-0.8654273865208275
-0.08936399244743581,-0.5820178682198747
-0.9612698885225432,-1.6071632454496017
-0.8450473009490365,-1.5509312810827436
-0.34807926145270796,-0.6453720791951745
0.14557182109404065,0.0012022784193925773
-0.39391180877571186,-0.666738185911638
0.1082684838499951,0.03325741016193279
-0.5750730222125251,-1.0236534641125385
0.6216613963929906,1.161451173671287
-0.9655685138696641,-1.5519848141647226
-0.8571902983297423,-1.5921267664795051
-0.7947799777012725,-1.4004895016883883
-0.500455514303803,-1.171006124538362
-0.6747869736835346,-1.1945684979985824
0.3261059746414283,0.5987866154297692
-0.500486757223446,-0.825452448896101
-0.2233556645947808,-0.5840766661315482
-0.9668468683899656,-1.564876723109776
-0.8656852923913854,-1.549565285011183
-0.3843380425204481,-0.6191366567184882
0.009355267270059309,-0.00568554146764938
-0.5910284967346414,-1.0359850057811677
0.5088741941041782,1.0459398681790704
-0.8123575137058223,-1.4119325096043418
-0.549568303663349,-1.1707369392743694
-0.6933171485738,-1.1900142882971927
0.27702202199672266,0.5019092378493892
-0.5165083546310565,-0.800906843499837
-0.26139314228044247,-0.5860461281684171
-0.8108532050998486,-1.4022111928546364
-0.5500499956993739,-1.1973165875111478
-0.6906764769982475,-1.1875781146274145
0.2372180047337944,0.467303114121783
-0.5255660204899356,-0.8479286089472062
-0.2941015774468301,-0.6072512593533187
-0.9611182223219255,-1.5612017832056622
-0.8835281388662205,-1.5738930772622537
-0.42005658922438727,-0.636696546101573
-0.08090133231782715,-0.03274262309828191
-0.6202676824164399,-0.9574389771177279
0.3912016078395152,1.0518591364764562
-1.0055974791389481,-1.8573086346233474
-0.8731825487377647,-1.6521694228356318
-0.3949854338988269,-0.8478557758210938
-0.1582007948681663,-0.08387026040599746
-0.5717922905066011,-1.2572803574422378
0.07200567253316137,0.8760773444123873
-0.7711869454631662,-1.6036007223923425
-0.638675369852324,-1.2397896525883487
-0.6381212357249828,-1.4347903000548692
-0.12399760097054408,0.1191218869958724
-0.4620298619751604,-1.0828892965705748
-0.4720907423876638,-0.7573802813337813
-0.5982093270372443,-1.3395753913027995
-0.04493276442635186,0.5863874878316859
-0.779225341011335,-1.6650954627550427
-0.6781867102296344,-1.1653025706408393
-0.6631230733705291,-1.485326767398207
-0.09499437729699994,0.35580857743583577
-0.5139869064331569,-1.2094433698763802
-0.4403669003208769,-0.5688764767012184
-1.00837256987818,-1.8944927169481376
-0.9060243166820667,-1.5629673844995942
-0.42804109437866855,-1.081144321537029
-0.26445835529569195,-0.0775411565736284
-0.7934800202267921,-1.7018287548207935
-0.6374106253317395,-1.1587377346338863
-0.677124435896955,-1.5239502618251248
-0.09567820063945992,0.31459840500851105
-0.5032144318453008,-1.2773172402347877
-0.45754981058402344,-0.6898431800665696
-1.0098361874790365,-1.9031396978392296
-0.9154772955213686,-1.593250202845584
-0.423324854990255,-1.1435922890254706
-0.2891089234207996,-0.20129000308732795
-0.5998629885999995,-1.447924735284719
0.02882458788770792,0.6414915586707741
-1.0104899046994147,-1.9034239692788528
-0.9124031206250571,-1.5817077724774593
-0.7761133242506468,-1.7080115990762756
-0.64217349039479,-1.165342843956497
-0.6606445379878944,-1.5545636393112874
-0.09731472556968707,0.21625029983845573
-0.4830505504348789,-1.2937339214663683
-0.45172844238083243,-0.7037622515364488
-0.43431953950162727,-1.1929597125653753
-0.26910125053087347,-0.2354160345762787
-0.5836175607794042,-1.4604425218131363
0.07951887658618906,0.7266565425515448
-0.4962277393681294,-1.3343152834065461
-0.41939582745783766,-0.7067607464764478
-1.0086768828733443,-1.9188683007801761
-0.9059726189004894,-1.619391590813025
-0.3790538024110961,-1.2121518727501732
-0.2307290063761871,-0.2727157561120734
-0.5691364760243852,-1.4946359504593367
0.12286678090339509,0.5665906051133811
-0.7729105657890093,-1.7309939140847332
-0.6027043281253881,-1.259344677317494
-0.6333933031421023,-1.5989628116269072
0.005623595044706775,0.1965438290590507
-0.7581326924050608,-1.6748465337794418
-0.5859229105954471,-1.0811407878014827
-0.6300300710040536,-1.436027032451867
0.005634985114268742,0.3943348549400319
-0.44503615777047445,-1.2201226803867806
-0.38457168947550513,-0.5434519135577742
-1.0038927695996693,-1.7799534944357773
-0.8942635226935476,-1.6110801040133362
-0.333396323506575,-1.0138985824328235
-0.20096739782436768,-0.061813382496665376
-0.548324116384231,-1.2141345741663594
0.16613481197051527,0.8711647645648455
-0.5440047613626868,-1.232243959502247
0.13498700861121837,0.8653744182990242
-0.7628372278349572,-1.553969361690571
-0.6089829333195345,-0.9802716820426653
-0.6295256334429662,-1.34883700931221
-0.0018740009189170959,0.5249193581778411
-0.46362524898073304,-1.0954236637651193
-0.381695328642664,-0.6236292311364391
-1.0022153417708477,-1.8013590165499702
-0.8831005833956209,-1.3931248069024906
-0.34541844397770227,-0.9412593420164637
-0.20191287401730174,-0.05265780847458276
-0.38404173213821896,-0.9993222187323807
-0.20088263856497773,-0.047467267219718806
-0.5644984344918909,-1.4241167699853796
0.16194597875433492,0.7657939242691187
-1.0055704869229185,-1.8383864194015727
-0.8873202819409675,-1.5565999878937764
-0.7512196385866268,-1.6628956376393211
-0.5799877309495586,-1.1654224898748395
-0.6463795909566539,-1.5423730582344763
-0.004543714963004097,0.33948833842477183
-0.4591393877974814,-1.2856671385564797
-0.3880402980989299,-0.5879416284355512
-1.0025720729356251,-1.761293619875331
-0.8845366849271232,-1.496554042065209
-0.36517968790828675,-1.0128367232171331
-0.19671087613877264,0.01671325888707803
-0.5490088122262616,-1.200323328601505
0.15750712829674107,1.0300637644196693
-0.7538876259619133,-1.483268356603912
-0.5769980608967131,-0.9653477238045298
-0.6360366780228399,-1.4086093385303815
0.029017587557682356,0.3589707879698614
-0.4629355313148873,-1.292452558062852
-0.36935755226858913,-0.6597129625518892
-0.7589590577508948,-1.699918368352955
-0.5750447821712791,-0.9785268707944716
-0.624823642405421,-1.3627411625315522
0.043761564787778484,0.37972551057071596
-0.4600290124820223,-1.176701194468267
-0.35030230469509593,-0.4919569449372151
-1.0058179374632839,-1.9224857928717092
-0.8919967378744397,-1.6467435672662345
-0.35343179226450533,-1.2204695403309953
-0.1361164336533257,-0.21553169998902005
-0.5641430268784431,-1.4762851375048094
0.13982493475734015,0.6976935894458103
-1.0107218154256739,-1.90846345183875
-0.8914268733755768,-1.6123211187525732
-0.3585532934837491,-1.2073362215535182
-0.20051269160590818,-0.21081320040591203
-0.563205184142483,-1.5059207466585458
0.1026614278586383,0.6741176877269806
-0.7711299132634757,-1.7465992064875404
-0.5989625218403546,-1.1884901383117839
-0.6464473549634469,-1.5897187938013349
-0.01997803749947913,0.33712716152951155
-0.47440076437539136,-1.28953419960723
-0.3931771585999482,-0.6462243683227813
-0.5585863134600325,-1.4577984676373938
0.13831620401612743,0.7542729943950783
-0.7671854331422561,-1.7084149089615006
-0.5725647020159982,-1.1647084634800415
-0.6379949749354775,-1.5362037125558003
0.007600968204493186,0.3676583617724057
-0.46884258350118285,-1.330423645863791
-0.3601784171915824,-0.6481447195720822
-1.0082369105246707,-1.9148241765333123
-0.8814444370424177,-1.6569686959305994
-0.35661696567769796,-1.1663599928393078
-0.17965687353607152,-0.08414325898747263
-0.7577473560050001,-1.719744030697794
-0.5716715657098216,-1.174462647397252
-0.640075676352226,-1.5778771315176734
0.029383148989674535,0.3831124221813578
-0.4892435730526827,-1.2939900274456706
-0.4054883378075963,-0.6003041142786272
-1.008514973198525,-1.8841821858784682
-0.8904035290255075,-1.6596465428726759
-0.37592035166704596,-1.209126542284951
-0.21062129507540672,-0.11340782832332733
-0.5723306867399887,-1.4704648549528758
0.10620722616768241,0.771781865124729
-1.0126982334952686,-1.9448684049528464
-0.8880808791061745,-1.636224193465577
-0.753405878995279,-1.6797446969161964
-0.5765640521842734,-1.1727141700949044
-0.6375381868048297,-1.5201792368768308
-0.02081937662022837,0.3393457854685484
-0.4603714668093646,-1.3152595731395789
-0.3815889671249578,-0.6492638388333245
-0.4054890087808761,-1.2227565852229236
-0.21109188284882058,-0.15632651262876304
-0.5574153388529239,-1.4837952765922013
0.1437129430520534,0.7871136549092428
-0.47693378182415774,-1.3262060964647697
-0.37538893501174264,-0.6358128047913838
-1.010696091895798,-1.9173930241007293
-0.8854535207299019,-1.6772339292892582
-0.3649831251885728,-1.1949438466666533
-0.1808644627597133,-0.08433166114576365
-0.5823577211031761,-1.483246408010357
0.1270859330101496,0.7855749798348257
-0.7647554525510324,-1.7069997657827105
-0.5745999267441846,-1.1580874699449035
-0.6441852429546794,-1.5535845997402844
0.007035874353454208,0.4709480900055712
-0.7666796118815358,-1.6729996664900937
-0.563647051725947,-1.0274570129020688
-0.6268618563934899,-1.4275712692537845
0.003327743162176988,0.3788137922743497
-0.4613373956080075,-1.3317715853542704
-0.38455366878700203,-0.6429526903062333
-1.0083309122099755,-1.8745754104913104
-0.8752549428115928,-1.423495317653506
-0.3426608380923961,-0.9332941245321691
-0.1808061800375928,-0.07666008029498764
-0.5643192059106217,-1.4741262255617436
0.16248274167452936,0.7488760013969042
-0.5534502642755301,-1.4202659717904553
0.15335294504619035,0.7050372743384024
-0.7644682338359905,-1.7502003492343172
-0.5735461276973725,-1.131789402770704
-0.6338688193346556,-1.5938775658882252
0.032681977686691566,0.5952896662012443
-0.4669421363532619,-1.1063814770082874
-0.3698249728887413,-0.640153006170144
-1.0080154982808986,-1.7768658576627785
-0.8805302856133723,-1.6517176751109506
-0.34538005720338616,-1.2124407004130524
-0.1802941766089904,-0.13908635869668276
-0.405523491953028,-1.2590761998761992
-0.1814717229087653,-0.16359855681165425
-0.552968638384667,-1.4844296638566037
0.18772487176692065,0.9665180282771877
-1.010911707579208,-1.8852971632866604
-0.8872225045858915,-1.617020812471766
-0.7435552532157094,-1.704810596849073
-0.5517084614345262,-1.1509116326828268
-0.6327566689177443,-1.5399669018968776
0.02213470971404574,0.3902634591352771
-0.4554281247726627,-1.3237547369896503
-0.370402461900509,-0.6040032166331392
-1.0070378502160957,-1.9351867418747357
-0.8878029023167162,-1.6504605377333899
-0.3534175991382205,-1.1784699963021368
-0.16785607383261042,-0.13807743981333923
-0.5415529146034226,-1.444168496249063
0.2343001190420394,0.7876641877380923
-0.7592398182838943,-1.764286973501378
-0.5059514179295121,-1.1641015733765474
-0.640940516632705,-1.5869464219898772
0.022313536725442673,0.34903371011352097
-0.46890588240206676,-1.2942510378235839
-0.3611130814934396,-0.6344732179567745
-0.7604160064525951,-1.7172892928961054
-0.5400090194801243,-1.101030875440171
-0.6379512843686612,-1.570582789114972
0.05338215631766807,0.40396068829558057
-0.4749324910310247,-1.3334592328932864
-0.3754161022144781,-0.6218874618021248
-1.009836026059472,-1.9220574600719573
-0.8881161509109483,-1.644578982787115
-0.3742973342350201,-1.216597070899916
-0.17820990744970094,-0.14226299151514774
-0.5686662376245901,-1.4919625324447043
0.14065287475296262,0.7795037225670709
-0.9987382135448879,-1.8819640082409679
-0.8823749800553427,-1.633834034914683
-0.3463509228922731,-1.0108903557196784
-0.22362990667679833,-0.1412020424190453
-0.5443355046376369,-1.281705215901866
0.10032050707501994,0.6132128267081516
-0.763072933828092,-1.672702670529248
-0.5875235091054384,-1.1599276546402189
-0.6337851119508152,-1.4395269836370508
-0.045572093516675016,0.3006833021206418
-0.4463125393859152,-1.114449073086286
-0.4093035041162818,-0.6297947438642564
-0.5487354401028158,-1.335845563395089
0.17151079607864073,0.8629731118182999
-0.7674746331372587,-1.688649943297366
-0.5644348113937885,-1.1230638143137759
-0.6457549498126953,-1.492301544256531
0.009622074926011304,0.4895505299056772
-0.47081000906851206,-1.1824501546097699
-0.34958096050157683,-0.49784402250682047
-1.0074843322157452,-1.9007257728008504
-0.8861293527247007,-1.602865821152676
-0.3825358076444944,-1.0727878721731798
-0.16112632589372777,0.017888357023641832
-0.7788647579510019,-1.689322234177384
-0.5683039444293546,-1.1373491013495014
-0.6542510654776958,-1.4999082802829222
0.057168639136074284,0.5831872673956084
-0.48586882679479637,-1.265892091162095
-0.3660758376003689,-0.572420022547552
-1.0100207465448345,-1.8972922351516022
-0.8788434663503207,-1.6258319046809329
-0.38138628526623586,-1.1449003634347183
-0.1701878737430167,0.045102896512912605
-0.5804497992325934,-1.4520342999911078
0.15298212785592336,0.9035368972462603
-1.0107489726831054,-1.875942909794756
-0.8859452127797016,-1.5984013708582427
-0.7549366106809581,-1.6627747089292597
-0.5478791736062634,-1.0879014818373454
-0.6528487814173494,-1.5625070565956658
0.036609418689078854,0.5134028126008661
-0.4791359328883864,-1.2762548564772964
-0.349506027512684,-0.5062989339213371
-0.44130785883619594,-1.2069614856680593
-0.1681993065012507,0.0032700515646911232
-0.57975121196868,-1.4416702615730015
0.20259905868993733,0.9916853916178341
-0.5006444647533864,-1.3081940556379712
-0.35277427754431967,-0.5520263004789324
-1.0132536615184238,-1.9043617855908421
-0.8764490136998637,-1.6032590861696046
-0.39009666528757747,-1.1688952967675983
-0.1282945077329013,0.07030989315911801
-0.5867479236306685,-1.430052304328117
0.1651675051883611,0.9718233115559585
-0.7784649028667382,-1.7031903495811758
-0.5514537147719709,-1.0864308451484592
-0.6647691769893309,-1.5821528298715546
0.03521093242537254,0.5516184788488097
-0.7704546649734245,-1.7052530862768756
-0.5505345493051789,-1.099508168431908
-0.6594390144297876,-1.5538832770324984
-0.024696316722277123,0.5711818884177964
-0.49690884949296366,-1.295974765956698
-0.38021821877408396,-0.5257362668220739
-1.01091162327866,-1.8740345595740417
-0.8861375733852499,-1.6502803521310017
-0.40542135065900525,-1.1909745572682895
-0.20403703063614959,-0.004167637349751285
-0.5887587536190446,-1.4065189523288095
0.13943001015521905,1.0357832545373515
-0.5796192979513524,-1.3997957833671926
0.12173460049262164,1.0552993920587455
-0.7811656595867124,-1.7301752264988446
-0.5787806239754895,-1.0878842211524284
-0.6601265252971785,-1.5439945560895898
-0.014795759478669845,0.5609064304090419
-0.5015141740691655,-1.3071625712260893
-0.388841468735374,-0.5101291455694477
-1.010306666880283,-1.8720320229684497
-0.8789688857645666,-1.6337566255620593
-0.4109761019160949,-1.1637535233375276
-0.19549796830063598,0.006118813347533447
-0.45009144046389865,-1.2450469405114897
-0.21087561975020064,0.0324842524924181
-0.5910075577510562,-1.4647957571865113
0.11376429324186144,1.0126295499699467
-1.0057505623644258,-1.883406928622855
-0.8877684138991049,-1.6185993135338428
-0.7672486962102983,-1.6886192091016958
-0.55155250085249,-1.0165303380817927
-0.6663044243414341,-1.5179068556798725
-0.01901969408375581,0.6749246125990647
-0.49311364910428523,-1.1835993729879628
-0.3762354735327466,-0.40979852104118697
-1.0111998849116792,-1.8143203562376686
-0.8794360404649721,-1.5509214355093142
-0.3904916291781586,-1.0434467978260533
-0.19600769880896002,0.147479561941459
-0.5776227725765095,-1.4009812323875872
0.12760831725425203,1.0387061505997042
-0.783174325786282,-1.6746690460619904
-0.5603000246452371,-1.0573561723141573
-0.6633519777976005,-1.541824400511259
-0.013286976464175315,0.6106056884832449
-0.5040868441263744,-1.2741767302413038
-0.3802761155351734,-0.5029988230077833
-0.7832159621654935,-1.69045558717066
-0.5748952624041668,-1.0416603024184463
-0.6661226150897998,-1.5397722351272718
-0.011164033036137555,0.6344132300514091
-0.5052348201228074,-1.302485861055007
-0.37947214622056313,-0.4305825044152666
-1.0096608561294587,-1.9005711101432143
-0.8865372241552435,-1.611991436494
-0.4038550410725468,-1.2022175678568434
-0.18981545574432301,0.10193396148474182
-0.5892597695945407,-1.4060953325071472
0.12141850625849493,1.0694347529236496
-0.9536537872451786,-1.2496978942864787
-0.8712773614142301,-1.6578389522865562
0.21596470155048275,0.3814079382912782
-0.08233930659299249,-0.2291293398964242
-0.14787179165973496,-0.1590701760340249
0.24259332933001498,0.5301298930987719
-0.5586963210487115,-0.8257966005561403
-0.5446741183247933,-1.2329740793686217
-0.31474628071835137,-0.4669530910392097
0.10199610408121984,0.11898349929643154
0.07678045114551535,0.1717551755052389
-0.3158536229922458,-0.7420420198684843
-0.10952042047701815,-0.09909138167519904
0.3457445889378734,0.6190974985036204
-0.5601050096251435,-0.7928825745637758
-0.5374869699555466,-1.2171465042529348
-0.3173692920236788,-0.4276997369581707
0.1656118942318856,0.23406723351052977
0.0772259588913552,0.2163230520649127
-0.2588549029598886,-0.6737752924924749
-0.9613596653999876,-1.2112286128803458
-0.875476827874457,-1.6182258198042936
0.28274816819939497,0.5490065345853068
-0.037960460194041534,-0.07312822492379226
-0.5947018429861425,-0.7737999017583947
-0.524741007653728,-1.1738422727875553
-0.3651993723070179,-0.4583175451662506
0.11848678845724614,0.3593106514831966
-0.0122224755296918,0.15517238094692287
-0.33887943793064423,-0.6844058698071922
-0.9631164494442466,-1.2023044046390832
-0.89228029835116,-1.6252110094374776
0.24149112440524012,0.49800768861153305
-0.13469571279017128,-0.2014023277646327
-0.17893171140293546,-0.08114812220018808
0.20280126926754805,0.6603903827647324
-0.9637246899844787,-1.1963337463313108
-0.8925791489845657,-1.660604480159918
-0.5317485424424175,-0.7201305945784624
-0.5652112510884831,-1.2116681412090964
-0.3602472456661614,-0.37339300524850993
0.022782603920602162,0.2644882176339676
-0.008272799465753544,0.2543588292350563
-0.3844965525062374,-0.641714736908902
0.14608201683292,0.5796037085607055
-0.19941475588679858,-0.17225860882407704
-0.184000767979773,-0.044995566036108825
0.1710300093399275,0.7520562770348078
-0.016644847081481284,0.25167085597645716
-0.38392472932933275,-0.6613734574449128
-0.9640382397622586,-1.152389213944482
-0.8968082144349601,-1.6496254170295273
0.1880389410072898,0.6210772850451216
-0.2055672769301654,-0.13121043408783037
-0.19098928662764125,0.045098638036235095
0.10744623315074997,0.7439372709730772
-0.5784559789110014,-0.6320636815000767
-0.6132921398639242,-1.186176531347689
-0.35504058725775745,-0.26499754223029687
-0.031969804560897264,0.3285049108826605
-0.5840688628333748,-0.599095217298703
-0.6106371052109562,-1.1667551257393904
-0.3683738830673976,-0.20448697725719028
-0.03811364751955815,0.42311193391916474
-0.03592182905002361,0.38356465583739024
-0.42373376019073167,-0.6366133415035158
-0.9580969301132956,-1.1056950241444867
-0.9060527654220925,-1.6304237030019542
0.17665788543894723,0.7064818274642994
-0.255720150395092,-0.1204691331917346
-0.19557842283050203,0.08398661813821051
0.07904156401902629,0.7531952105007309
-0.1927535836363778,0.08442121542422892
0.0590013726878873,0.7349430469514575
-0.5862041026611453,-0.5676149560752741
-0.6129817841414787,-1.1676936073084936
-0.3519654055594983,-0.2472613441296372
-0.0704258007354237,0.34687065905279874
-0.030493957977226982,0.40372025074582335
-0.42214495128134827,-0.6529099560529481
-0.9548113470600074,-1.0709637214852312
-0.9031157939888025,-1.6088539778709001
0.1848244766109105,0.7771754975537222
-0.24190578980404692,-0.062061274073296674
0.12543807909336246,0.7678604438953378
-0.2504033505049022,-0.109004556381147
-0.1916236640583901,0.11880979215550197
0.10405159323312863,0.8348234505687402
-0.9575822538429176,-1.100342228596617
-0.9025658581475688,-1.6350333437469031
-0.5306494608852639,-0.5738768414513495
-0.5816766780232996,-1.1601321054262945
-0.34189327567492206,-0.2233233016278464
-0.033954251778789746,0.4540017439668143
0.027660166455868884,0.48845189454862276
-0.3959218631419611,-0.641236733982532
-0.948311652058835,-1.09951684648902
-0.8951316829437573,-1.630168045638462
0.2424684725312567,0.8070836131217318
-0.18539701449618412,-0.0703240705878884
-0.14861135704352274,0.1351538896214588
0.14762875395950092,0.8476939275352278
-0.5603345701386718,-0.6056724219332018
-0.5774817389552509,-1.137898531730164
-0.33230020255264575,-0.16937208860237962
0.016267567881749434,0.5210519897601016
0.0421862025739872,0.4832553048033155
-0.3752718080129237,-0.5744197530460124
-0.5503519811044884,-0.562336115197017
-0.5707238743016164,-1.130250897482607
-0.30174477515397324,-0.20486770892628253
0.022143607913683194,0.4962823240623156
0.01557298428691889,0.4843728332680774
-0.3377706732371043,-0.5178126398471473
-0.9519662375416392,-1.0866112596629502
-0.8869823893559348,-1.646358360840653
0.26699029974626676,0.8492131657155817
-0.14030260136476014,0.01999251941798169
-0.176295864718437,0.1296796427948435
0.14708423191643938,0.9538890610242021
-0.9537624697033115,-1.1425649466096726
-0.9049471713737886,-1.6470844249897343
0.22750599017480033,0.8552245581728088
-0.19994804622162343,0.06640232707273114
-0.18625393207588803,0.16565254451069844
0.1531051959214832,0.9542745774861898
-0.5705720754705496,-0.6130264378138938
-0.578813512397921,-1.1364033979278285
-0.34127690593583715,-0.18979135316306128
0.006362708013629925,0.4964159328313938
-0.00820437775729832,0.48707195224238337
-0.3901605309335595,-0.5260849544417348
-0.17425953683519163,0.1640305799695826
0.13144973151015305,0.9701535554974519
-0.5729369296054849,-0.5744035836745381
-0.5799577007872101,-1.1283664141356327
-0.348927775438768,-0.19731013542026726
0.00416846459972009,0.5630843650916226
-0.004789244773878876,0.49874578823399557
-0.39811096418849334,-0.5258716063392102
-0.9491998440187166,-1.0942547628110402
-0.8983996346768894,-1.6255830557717676
0.20180841269312244,0.8605984246411136
-0.2085621572835324,0.07345618166154472
-0.5590804919349359,-0.5756567236149847
-0.587969503385635,-1.0958429495310102
-0.35266504790874975,-0.15235206044052652
-0.02800139932786494,0.5577672151406201
0.00013369956507536251,0.5317118503622105
-0.3883136903613136,-0.5307704450285285
-0.9573218501749123,-1.068101554655563
-0.890227612618838,-1.6374888784497166
0.2599548545917191,0.9427178465052994
-0.20354390446051723,0.04648663587358409
-0.18537584952871783,0.19233522915908907
0.08712494764112966,1.0178287572085616
-0.9470745677188012,-1.0638610506287993
-0.896992517365715,-1.6367004856193923
-0.5231941034292242,-0.5669861641658935
-0.5788576650624122,-1.1198821458260417
-0.3419024481022485,-0.1730184717858631
-0.019949552253591185,0.5577765122301241
-0.01228245890964097,0.5658499735919373
-0.366367386880966,-0.5088794546080259
0.13532742137580622,0.8840761105267043
-0.22075400545057583,0.04370562159519603
-0.183497564798692,0.1911357383444875
0.138292908158281,1.02294586113146
-0.006599198658145178,0.5237961464994212
-0.3856054565869452,-0.514356690263019
-0.9455798108885365,-1.0830178240987283
-0.8927152815544092,-1.6451533430380108
0.21696044945072124,0.8747889627435885
-0.1832957246554145,0.09010505804239649
-0.17000865845122326,0.20576953427162892
0.16010454991367695,1.0259745717645308
-0.5591226127575001,-0.5474603198089273
-0.5753250904772951,-1.0879356465993208
-0.34211438957455764,-0.1485436628232803
0.020769888400340775,0.5519676900108805
-0.5578255600313162,-0.5459428676260367
-0.5719572365024664,-1.1185324100820095
-0.317902468103073,-0.13181596191143558
-0.008016685383086086,0.595817136072337
0.012439122994978513,0.611937333685467
-0.3751784424680517,-0.4991832607914388
-0.9460777580954164,-1.0612988729477877
-0.8902959781807205,-1.641280317013698
0.22704548987438467,0.9273025701971398
-0.16618242686536966,0.04097196241644713
-0.14740905880215915,0.20021214267807552
0.11944491781733557,1.0089690800940205
-0.16346215207313147,0.205650619752327
0.119483973875679,0.9408234735675036
-0.5397426611208577,-0.5866127196654076
-0.5764128074430095,-1.1212536904997334
-0.29786469304924834,-0.16575529999051603
-0.019759842119871585,0.5132875369133663
0.04838341581088301,0.5440832036044034
-0.3713967702777512,-0.5080067610347386
-0.9444658319921935,-1.045392384169644
-0.8848712541793967,-1.6229402763574823
0.2411123963461711,0.9336686427816419
-0.17944201180152092,0.12705686450255765
0.15915130515728837,0.8894016754130039
-0.19118591254848716,0.014152559725912728
-0.13281583452495088,0.23159934552660805
0.09060217946157356,0.9755287555743792
-0.9480846215925687,-1.1073472519021086
-0.8995032121550088,-1.640339095098162
-0.5195138898762329,-0.5515650025691297
-0.5777151111811946,-1.1243828844374026
-0.33759991551697166,-0.14614367940969503
-0.01692514026314562,0.4954856492405028
0.00603600273313476,0.578128121959685
-0.40194419920643054,-0.5633903273068899
-0.951255000947748,-1.0866768045935042
-0.8948766417341159,-1.6344245636878785
0.21391051825912288,0.937104010079749
-0.21442324625217268,0.006215201336447873
-0.15117035595367573,0.24188351118579837
0.08363809628863428,0.9270973715956978
-0.5595672452751475,-0.5489219495449358
-0.5936038118510313,-1.10090469196999
-0.3246265339638951,-0.173531150396321
-0.02251410720549407,0.5139061078898641
-0.011343672798288629,0.5495364085666199
-0.387146587610664,-0.5269665652551231
-0.5494642709411852,-0.5544106213372505
-0.5957506807727717,-1.1768578859370669
-0.32710634264976735,-0.1811751858809399
-0.014167851563609779,0.4858552769037105
0.01858170153258032,0.5398860673693202
-0.3947501389477298,-0.555823103777094
-0.9507379479996985,-1.1151367257944742
-0.8987113344621642,-1.6375122009217076
0.23307663440823123,0.8867568253020102
-0.1970747815527505,0.02870995244405078
-0.16550282572942643,0.20474803493948968
0.14218483893089595,0.987251925130443
-0.9859585608659264,-1.286495908835038
-0.8346123240354031,-1.6614752931722656
0.03727860026012919,0.546821062254746
0.03289167644522062,0.5839752484196576
-0.2243309421006472,-0.06935331664111488
0.4045170408611706,1.5900096465889213
-0.6031062302121258,-0.8133587721814248
-0.4013620586842145,-1.0154938839977496
-0.37947125188274744,-0.39084949236312994
0.16233591304267847,0.8406119139119275
-0.030738681709258864,0.3195987402428628
-0.1725562535725404,-0.308881650026022
-0.2124848328986989,-0.04821127378586487
0.544353796029884,1.8053763959822458
-0.6144837826145111,-0.7947222770103668
-0.44629314707382456,-0.9629315920209165
-0.41172524205914685,-0.3800620360355772
0.31102983946504437,1.1194710570578241
-0.07495208245666773,0.2988495863859158
-0.08835824545456683,-0.052432145386728385
-0.9880753413401511,-1.2633508215414875
-0.8432030871890401,-1.6545884145507233
0.09575534797885776,0.5812876250406427
0.22404793501164955,0.8011367748167721
-0.646812829087462,-0.7863690757550246
-0.39588347883351893,-0.9165264495919709
-0.4282075076860301,-0.41438902839222047
0.3517848409861707,1.209193108506308
-0.06260535434367975,0.26398816857729995
-0.18955380810089995,-0.22327819425237194
-0.9668716689826109,-1.226862439860444
-0.8668484342655596,-1.6669091839975076
0.17843627418211339,0.6387538797478061
0.031472237941835846,0.4033569792543677
-0.21584983225852306,-0.013367776766879225
0.36828192845538066,1.3757196079170657
-0.9681468484176334,-1.1764926617135079
-0.8685196173752741,-1.655337075486284
-0.5435270610794581,-0.666773866222107
-0.4535827289570046,-0.9843448314624035
-0.3785307828647091,-0.3369813922366791
0.18615659458369194,0.8319401461011979
-0.009641572439242907,0.39977982069742984
-0.2672273114775807,-0.373619236088566
0.15161768521000463,0.7074108764704097
-0.06061656672967497,0.24219748504166422
-0.17452063020122804,0.04742894738648512
0.3308577239967634,1.2388626459891052
-0.005097093075834391,0.39172741636143155
-0.2810522389298969,-0.40441894544512985
-0.9636892918804154,-1.1298506161299178
-0.8752163015258854,-1.639104433009201
0.239266968684835,0.7542806766063959
-0.062178161081820504,0.2334130264487852
-0.1831028616086579,0.07938930136703298
0.270807440283483,1.1647813004611216
-0.5572375860713278,-0.6418831587357583
-0.5293969717920319,-1.0951265786244848
-0.3339189230681524,-0.27527196928164166
0.14104486554257012,0.6544285748639449
-0.5580233715963911,-0.6720113257271128
-0.5137598087811521,-1.0713854910833338
-0.3406692463981084,-0.25248580952364325
0.1304591020254544,0.6822209016128338
0.034263201605154836,0.48207448310619944
-0.3012736572018274,-0.43509677905551614
-0.9572134198363804,-1.1443862127536706
-0.8858921949208984,-1.65422397090686
0.2790068763924405,0.7526525283779717
-0.0971262295831668,0.07819919414419801
-0.13026959616269856,0.08559654172921449
0.2520084027082249,0.981886800782158
-0.14512639724836102,0.10990614101819496
0.2554034844127616,1.0687446517618768
-0.5510697974625851,-0.6767464758969683
-0.5284590040848335,-1.127791429514284
-0.3089207057615965,-0.2717411305114802
0.10357810552623248,0.5574535450140272
0.06725205512411292,0.447399144731171
-0.3134993233969527,-0.5593927660197384
-0.9584443516202762,-1.1616036485614172
-0.8955215671618951,-1.6626265061111312
0.26048014854747803,0.7604877579327951
-0.1510760744790311,0.06744411328494787
0.1851589135827737,0.7179211992176724
-0.1655056560456858,-0.03622993354692386
-0.15030206355696507,0.07639756149566218
0.21396985191081963,0.9348920921559809
-0.9577483842150576,-1.1314354082744738
-0.8953609494171761,-1.656574124848682
-0.5207339655611256,-0.6892059550812333
-0.5279423293397768,-1.1006070313581835
-0.3220150080628745,-0.288354145857358
0.03396123040962229,0.45772301027367807
0.05103641491088229,0.41340760282131367
-0.36361674022923585,-0.6127518021292917
-0.9538580807651188,-1.1919233817638395
-0.8981632893798428,-1.6682278082362567
0.29809255317584427,0.7502135654030313
-0.15926846100293868,-0.003227460657641623
-0.13595445121777577,0.055483066977494055
0.20107744307949738,0.8508209287061352
-0.5520420380602211,-0.6595427189842722
-0.5504294288542937,-1.160956043764169
-0.3266157032893003,-0.27782229966469324
0.053994882284160495,0.44841265633110244
0.055345196294086296,0.39293609614875186
-0.3364148267874396,-0.5796965513846835
-0.5477904080545335,-0.6872122626551003
-0.5618959107219214,-1.1557853490998895
-0.3066864798125487,-0.25908157260751064
0.04857081538157271,0.42474281338074765
0.05794607358100112,0.4087853758030951
-0.34391889508739615,-0.5767109421109097
-0.9563339581904371,-1.205303047342646
-0.8924521669970996,-1.6598401212401
0.280126453377607,0.7355102783465877
-0.12036865895459464,-0.0010421256481014107
-0.13442042046355496,0.099965107177454
0.21860024548883084,0.923460963237821
-0.9533490958352433,-1.1483842678938576
-0.8944189543133525,-1.6856602251462467
0.30284870989059576,0.7459698818755398
-0.1420217159749257,-0.0321421116878951
-0.121488947428737,0.049761113499285414
0.18905400157894847,0.849489422035199
-0.5394458058876952,-0.6719519891874727
-0.5595422782534203,-1.1760366627583256
-0.30540497429849683,-0.2743724524699472
0.04999602650989987,0.46817054577242295
0.06493570664971782,0.41748045429525144
-0.3457846192117117,-0.5934556833896358
-0.09333768801902131,0.08196290486042312
0.24862847693214218,0.8688441240860603
-0.5310228250197014,-0.7023323413381004
-0.5356569339430569,-1.166365097303984
-0.2754722999204157,-0.2565223403659487
0.11510214682436792,0.424403789920992
0.10331982210634316,0.40172930243237054
-0.32671992541655376,-0.6081980056772149
-0.9505641452878415,-1.1595116823055118
-0.8905795671260769,-1.6780591154314897
0.2308160976765693,0.7579919235611201
-0.15470303765557564,-0.012287475476747745
-0.4582126951229857,-0.6582349532066989
-0.5431699302388082,-1.1756563089947816
-0.31115073649621966,-0.25495188984743333
0.012767794038508695,0.47023695466874976
0.011324757354977844,0.4388659427731462
-0.3637092830413481,-0.5859688415983
-0.9566884937956552,-1.2177571146683472
-0.9044675723738782,-1.6715333463232322
0.2938342862492306,0.8097719582343952
-0.15966708763096799,-0.011756655545814232
-0.13251031480201608,0.0977293223681806
0.15394963517457871,0.8444933240704902
-0.9587545293993628,-1.220787648998088
-0.9076012164898756,-1.6860115257053074
-0.4936247970582466,-0.6767398743706223
-0.5507759667555968,-1.1369116982269796
-0.3389180031277788,-0.28233725716948754
0.021236287211843008,0.4814798406122716
0.04066410410597476,0.4277619012724067
-0.36220020087692445,-0.6296934012854559
0.21822361841973847,0.7691998701650866
-0.19272255753325312,-0.05781718300041458
-0.13139810229457372,0.07478881778496127
0.17393290630871594,0.9663093770938156
0.03262678484282211,0.4258687943230442
-0.3566552884691453,-0.563589025139482
-0.9595715089875438,-1.177592852550592
-0.8974884480569085,-1.684043939409794
0.277368323538014,0.7681265470760383
-0.14505142822673872,-0.002568367945941008
-0.14067284991354323,0.0841386080522375
0.1790469365702403,0.9590432271640887
-0.547966628996575,-0.6502767940782007
-0.5711113810634966,-1.1618706859581005
-0.3078820513886576,-0.2783673104004979
0.03741320182409358,0.47689524176695525
-0.5387897522186537,-0.6923448588246832
-0.5577669679742862,-1.1887805123425577
-0.3093377586999508,-0.2583888584409747
0.052749445730098654,0.490364875601256
0.05175372807615941,0.44374845026881654
-0.355854033046334,-0.5625276987035359
-0.9527056800537472,-1.1821211279916786
-0.9008898914509842,-1.69184511446202
0.3211464118930133,0.7772714015944466
-0.1671798613293794,-0.024486373474462197
-0.06841013741434732,0.0977638718840827
0.16649281032504448,0.8418184854715587
-0.14643779899193554,0.07332463922581173
0.1560238158850784,0.8468319725704709
-0.5421294521344208,-0.6588951694569666
-0.5701566124619576,-1.1818764502665713
-0.31068895912284233,-0.28115050658714535
0.02427114262098251,0.4104483487844213
0.052456985351006735,0.41868509377005797
-0.35491785119061425,-0.5850703387743985
-0.9526577108810937,-1.1540961746563554
-0.9048016711347582,-1.6611027139118633
0.3124664739894868,0.8147595937648571
-0.15681591635594655,-0.003307859088378995
0.2049191691574197,0.7454954989531859
-0.1773803094201546,-0.04613426914706856
-0.11897742620073581,0.07147631479502847
0.19677228441454997,0.9234721602274052
-0.9561967754159479,-1.2044116136419125
-0.9006887425528307,-1.658855594461991
-0.4959029025609001,-0.6582278363798071
-0.542560753637713,-1.1563487728791637
-0.3080923140625672,-0.30858661944060917
0.017403864819175552,0.40047283170007913
0.07463502754387563,0.46714699553507283
-0.36765751911325184,-0.6382939984013623
-0.9528889791495068,-1.1713056014633039
-0.9139757295726569,-1.6770947145448398
0.328704365076406,0.8333861917853425
-0.16399147485966825,-0.10307122768689617
-0.11413019136226166,0.07381399920464715
0.1814137444907692,0.8941989937858414
-0.5398950553776833,-0.6913546864358621
-0.5679152462319201,-1.1673500644792978
-0.2888846514642547,-0.2762250572852906
0.07777114841232613,0.4541237711276099
0.09690202731378816,0.4388064022734402
-0.34305720740471246,-0.5855581250255942
-0.521298677849508,-0.6934626705007111
-0.5601319968494567,-1.1732827549525484
-0.2655834318761031,-0.2479485352237488
0.07403932254221202,0.39340171375242255
0.10602181441365699,0.4631475322448089
-0.3306388962380187,-0.5759805299255092
-0.9448379723579692,-1.1658523736613275
-0.9012448997692921,-1.67600882475608
0.3500628402061121,0.7625416052339953
-0.08670801163195313,-0.03321123124558961
-0.07674994937673274,0.07478435260045468
0.2500189596219776,0.8718537802840018
-0.9928155392569094,-1.3329855612064145
-0.9640531663128171,-1.0732375974001538
-0.5428428221845772,0.3000713675052566
-0.21527788125271047,2.2606388077451656
-0.7104681491522168,-0.33992214519602987
0.3179973130052216,5.82392045507225
-0.8965379426089722,-1.0691146329304337
-0.6909932094196181,-0.18444460980877847
-0.7843384906588882,-0.6792408995271871
0.08925391481768985,3.7780654314639426
-0.5969096867852897,0.01802333181217325
-0.41351470580283683,0.8777888463918477
-0.678623812689124,-0.31877261715657856
0.2843724582957531,5.064354642895422
-0.8785298126996854,-1.019751451165312
-0.6869523745965137,-0.39894482734834824
-0.7634633666641576,-0.6713807439791286
0.06474183232231812,3.1093661374476174
-0.5671963712610958,-0.007273992065362944
-0.39366701952909633,0.6775793654815181
-0.9884556345634948,-1.3142463413194032
-0.9389825043379336,-1.0088981260259118
-0.4835975084812037,0.44723872642591117
-0.12552631805480374,2.2351600022531315
-0.8712685783921156,-0.7040031948425209
-0.6470459015347945,0.09713009784609167
-0.7505796398998861,-0.3016924983072151
0.19888578234267607,5.2509880092293955
-0.5614707034486648,0.49247173047397147
-0.3514005999659392,1.5352705007795362
-0.9805929867359711,-1.0392780110975048
-0.9157897746995582,-0.7371113099217255
-0.46920425006619115,0.9686788923328038
-0.06519336169420131,3.2095279711904325
-0.6477597553076248,0.058474487629112004
0.5239443093531168,7.9637310955758895
-0.9797936817804593,-1.020573660144035
-0.9067996185663528,-0.7875003823955578
-0.8535564278259822,-0.7028126162112038
-0.6212501245673373,0.18604161712901818
-0.7381108076738043,-0.262277277069219
0.26330211648101953,5.421439518137704
-0.5299391618689785,0.43982004907529076
-0.2874965607852337,1.4153717649770514
-0.43883989322939865,0.8487624033082268
0.0129035221253323,3.3732017671694012
-0.6293470066512203,0.06947513948724049
0.6381402927328567,7.665878021397992
-0.5193683002942682,0.4383254991294259
-0.24679026680794697,1.4343032465142946
-0.9746452464524444,-1.046021613747918
-0.8806392900566975,-0.8433906513874534
-0.407806092561355,0.8352601742319405
0.05683699108324447,3.3059976765159598
-0.6016509243436002,0.08404985796680414
0.7266406253263912,7.9804798463545925
-0.8424961841369547,-0.7316635300870585
-0.5526527731601081,-0.1235136480821804
-0.707793718400206,-0.4659442504733116
0.4127574037889934,4.7017245523937135
-0.8379264554664422,-0.8652043582829494
-0.5489961876144507,-0.05040188568350151
-0.6925618577323561,-0.30380441344475495
0.43942345600219046,5.068124459776643
-0.4740226860230955,0.2848861324891367
-0.18274478760722884,1.2007434725144397
-0.9652099251739708,-1.0626904304522395
-0.8627078147480426,-0.9627139316271773
-0.37041696635098453,0.7611645838404919
0.13203880066916096,3.1657110692713535
-0.5825466393244988,-0.01647703058021227
0.8416922980246232,7.717574874693259
-0.5942859739771169,-0.04577977404944833
0.8571393839177132,7.5922100820089256
-0.8286491136629346,-0.79146694249339
-0.5122035988797153,-0.16079954290961623
-0.6929671068479564,-0.6355395500106352
0.5297734386704666,3.793941943824448
-0.4598775771823548,-0.010237014966414382
-0.12597740847438016,0.8313128071071232
-0.9707756040809454,-1.196441370963562
-0.8464628241718909,-1.0708061471208346
-0.339459917165234,0.5696524193338786
0.22909923939614474,2.2808137351367153
-0.3456893135351794,0.3165706402807272
0.2545281544624661,2.2362667656795847
-0.5662513554670198,-0.317017710501521
0.9482284765030163,5.76357704114459
-0.9775770922234379,-1.319834307734475
-0.8440954295051358,-1.3016610671878015
-0.8178336301653656,-1.0138666556152407
-0.4863737972516283,-0.5089616268586912
-0.6672972438534032,-0.6632913278180583
0.6166109852676064,3.688093137386573
-0.4367177695441471,0.028175268942721543
-0.0800496766202472,0.7039002703535209
-0.970441258549958,-1.3003840518556598
-0.8386757761296718,-1.3070930031670636
-0.3173601582489093,0.33949229974370504
0.29384543779868066,2.2104261605881868
-0.5540858074473344,-0.34237107539503736
1.0158763932365185,5.8645454184974355
-0.8207656052110948,-1.0286942197346887
-0.45345647584412785,-0.47054922044679737
-0.6638109167418159,-0.5980446094554622
0.6804683044761254,3.9868535739827538
-0.43087135281167055,0.13098363704964144
-0.042159977372504875,0.7870393063339665
-0.8095712547767872,-0.9606063976532766
-0.43849038246735106,-0.4419940772503265
-0.6555467244203299,-0.6011082293709231
0.6965800275215618,4.17502435535485
-0.42492333159323253,0.027479128829413557
-0.031042176750099126,0.9063638801426126
-0.9697400757816744,-1.295790033142211
-0.8257470498072003,-1.3730311463820326
-0.29558146342606706,0.42828391991938847
0.3649271242972638,2.425305888909837
-0.532725873293859,-0.28335476149579614
1.1228186712920363,5.916209194739093
-1.0080420086610058,-1.9146330905265312
-0.8976729620184594,-1.5835128321312046
-0.4624725260224093,-1.3085916534224062
-0.24689746769451437,-0.07329908240401287
-0.5981670578237066,-1.4834754489325575
0.12981588202971583,0.7176948053129768
-0.7983586736026755,-1.6978485136243573
-0.6103307161779601,-1.1208681326753784
-0.6861179149444702,-1.5501909899866448
-0.032995742407022854,0.26371753500807177
-0.5157861749767452,-1.3819905104288253
-0.4208491161313406,-0.6157786176686768
-0.5768698911731219,-1.4782019008281237
0.08713797563760739,0.7442415578786561
-0.7963954891901884,-1.6918301520883952
-0.6266297405695614,-1.1117238816022428
-0.6836004282204751,-1.5722252719363787
-0.02601532529171946,0.32788976388646024
-0.5306502388362692,-1.3074227364144169
-0.40340772376790557,-0.5588775385735621
-1.005869697203669,-1.8580317492408052
-0.9013528383835209,-1.5278287273001285
-0.45870803263132665,-1.2831435468018875
-0.23522073684725792,-0.07938189073211041
-0.8022667511725912,-1.7494107715101312
-0.6394405686113273,-1.0822615123883663
-0.691588833011523,-1.5695655516222162
-0.08124171258518265,0.30889092183496597
-0.5183386393308201,-1.3910344796271714
-0.4343113019978687,-0.6161084400173911
-1.0063759395070238,-1.8272954616762862
-0.9096016289477455,-1.473286012702857
-0.4390596577138958,-1.2690984071277456
-0.25373445517061854,-0.2054685798021992
-0.5784894204414003,-1.4802827385594979
0.11123922473920156,0.5930999163965573
-1.0054606204663146,-1.815665887599859
-0.9054416077275467,-1.5077654594679795
-0.7804124634222682,-1.7326011257518286
-0.6347621839291132,-1.1348377950474318
-0.6788656878020503,-1.6164891836256752
-0.05678662781888599,0.07882083744708296
-0.5103063241405725,-1.4631794654203736
-0.42274128016935214,-0.7404995921594948
-0.4282567278540297,-1.3960670616467241
-0.23699145666437915,-0.3200815397352707
-0.5830965741748896,-1.5508393071542488
0.10525640440367545,0.4744999805489695
-0.4934572198313977,-1.4644568483713423
-0.4164142227048423,-0.8223378641960204
-1.0118323007885666,-1.9196129493294953
-0.9104718645351684,-1.5935881235597864
-0.38999778342248603,-1.4104923057892804
-0.17707801998672779,-0.46058707903486196
-0.5536389180689759,-1.5891012013708539
0.20174622730815917,0.3236714540894023
-0.7840508681912656,-1.8144512042132728
-0.5994415425282305,-1.317441146333402
-0.6456375411655071,-1.6742969531928211
0.07697306843552076,-0.033290758201583504
-0.7679209102757828,-1.816559983958299
-0.5871057139462771,-1.2951349935574787
-0.6213879596586852,-1.6737278992543188
0.11726619608366262,-0.0038788367450316996
-0.41759385950184325,-1.4887313878406376
-0.33896563998643814,-0.9309016253686939
-1.0102321006796902,-1.9263396612045514
-0.9015015563702489,-1.614167417822274
-0.2766951500376439,-1.2531775775449963
-0.11815321473323964,-0.419917472324875
-0.5089031890696076,-1.5410710245917596
0.3581145534877057,0.49989524199201935
-0.5176000936600168,-1.531998908546533
0.3184425402402714,0.4640614699877758
-0.7622123366117141,-1.6502650288698981
-0.5534915904569225,-1.1659754485759266
-0.6174257910781443,-1.5272806980893363
0.09951417632145743,0.09994893842423475
-0.41706441585298226,-1.3783723699204682
-0.3146249146698237,-0.7960211879292125
-1.007505391977089,-1.7344824892516413
-0.8843709416239874,-1.5036120735315344
-0.29193571858535877,-1.2566430478877437
-0.11083359673950272,-0.4388012625432711
-0.3435266300005435,-1.366348953194484
-0.08825611283019169,-0.40124237179840283
-0.5166803936064908,-1.499397046148583
0.32640174746674977,0.44131532380199606
-1.0101048283252427,-1.8862665846919489
-0.8934750229925359,-1.4890489944510967
-0.747581117382538,-1.654521924334605
-0.5746850286080274,-1.2209148046031018
-0.6430848610482842,-1.5989445853058475
0.09728723590392263,0.00875315652408809
-0.4196358128410164,-1.3623542997583848
-0.3332383916103293,-0.7749457206321637
-1.0073565572849648,-1.8709390342064622
-0.8868665285819617,-1.524509176287589
-0.28765726581555245,-1.2391960953440146
-0.10128171689923626,-0.45243576979523387
-0.523522234657745,-1.5491019819603447
0.36609766951027134,0.3557744660475846
-0.7641750239864016,-1.785607935602133
-0.5557401326655854,-1.311325391702491
-0.6260704107736975,-1.6373737643863355
0.12912641048823814,0.023630204469102634
-0.39967654780904394,-1.4274099188301623
-0.3262489244102478,-0.8693684621336628
-0.7413899122802168,-1.740686853603465
-0.551151981284835,-1.301414055509796
-0.6036731911022781,-1.6387818371650358
0.15278714250900172,-0.03094597950664496
-0.40265917270445617,-1.4590404776799872
-0.3002816832342277,-0.9188958248621095
-1.011719585136639,-1.9588376761663429
-0.8899980798798335,-1.6401282242267134
-0.3049365111979201,-1.3736107293581465
-0.08084713323971904,-0.4337038032620301
-0.5098806924599935,-1.5277553664856953
0.3778105513164278,0.3554645284733982
-0.8944475261925782,-0.8427761691776305
-0.8692813473650569,-1.4278743402311858
-0.22625354954656896,0.958066189904468
0.11476663564872047,1.739857336746571
-0.5787982389662275,-0.1504678369820655
0.7100888499217287,5.987226601147005
-0.8489298026107013,-0.8707745734854062
-0.5657611870892045,-0.2847267204310354
-0.7103792567038109,-0.529415844020181
0.40476082353529597,4.49003512308497
-0.5195657219592291,0.008041474785623837
-0.22291499508454704,0.9662994961234932
-0.6004021108217752,-0.2408420991029917
0.7829632012719868,7.323453228597515
-0.8390892257491808,-0.9068348429239992
-0.5363960279708383,-0.21152900052262175
-0.696861155683295,-0.5595716141014031
0.3852332192649677,4.135294510187143
-0.48788572715360584,0.1349666168078285
-0.2263339488252245,0.6262304069948676
-0.9729588240680296,-1.2610094102587215
-0.8695021566682128,-1.1350259379368342
-0.34247190181733034,0.46810616325445403
0.07531076622067812,1.6598679595046306
-0.8233442743811098,-0.9298625029395466
-0.538342993670087,-0.4563730528857046
-0.6725618520328152,-0.5304638287304821
0.44636037027677056,3.9182542816498964
-0.4600366496280912,0.13878323091550082
-0.17692855182283623,0.8175786506689804
-0.9700567433812104,-1.1916223822249001
-0.8443902694101546,-1.1603781624293363
-0.3163978147693204,0.5940768478624279
0.2159641542850279,2.381332111532381
-0.5539854934452285,-0.25418116099470306
0.926764655711711,6.280207091117899
-0.966725293770285,-1.149906611017875
-0.8338559348629049,-1.238494321940734
-0.8041232890655693,-0.8988085042897653
-0.4635387806959368,-0.3367271435366508
-0.6614066162576852,-0.45955394244290637
0.6551684586124936,4.648444512311454
-0.4342770292805438,0.2212428662314589
-0.06420277546413389,1.094397562607662
-0.31634438260783887,0.6624467205770557
0.3258224199671623,2.93223804491803
-0.538129454104262,-0.07376047957564241
1.042886404223875,6.772973781608575
-0.41896884389962114,0.21759601514961419
-0.018611331802123043,1.131956453399278
-0.9643606764183298,-1.2241490572242961
-0.8083889032946816,-1.2521986017342952
-0.2654520681187435,0.6244512166659277
0.37608177724601155,2.5423578515412344
-0.5255819736335989,-0.13422687714299475
1.1415269472209468,6.610177254074103
-0.8118685107720555,-0.865066045146186
-0.41145736611296924,-0.280923131508033
-0.647018856838973,-0.39102868923657297
0.8086051277878586,4.805808697331466
-0.7979845557129394,-0.7950871525403744
-0.399175127636699,-0.27919215381486434
-0.6348765160321556,-0.40514596774045303
0.8462964910240999,4.842181641237734
-0.4178797253184665,0.28725026506265156
0.045142710806374886,1.1916391077811828
-0.9664319927917988,-1.2090855346770317
-0.7915637950686665,-1.3320105718681101
-0.25423754218022154,0.6525878966723857
0.47067213646470696,2.92826966933612
-0.5142080683274884,-0.3059134786859563
1.2450200704566385,6.118900964147291
-0.5215485193277148,-0.3214723675248971
1.2436620977639667,6.702271866429441
-0.7983958466501708,-0.9397072106432101
-0.37931719206161524,-0.5875765121025813
-0.6373480033718892,-0.49420331085880825
0.8618158731087685,4.476542715849845
-0.39794239604816095,0.24384751160020907
0.06327313091482267,1.192252810102311
-0.9611772369197312,-1.191578261807763
-0.7867555254081159,-1.3199894554714195
-0.2424635754819976,0.6451939303588372
0.5225413249918626,2.798609148645883
-0.2694628263051768,0.44800697977156295
0.5459422419941452,2.4649902253345433
-0.49240568821365394,-0.1773510928118518
1.4157509112786357,7.221286090415496
-0.9645974584683022,-1.1677587632097872
-0.7802850169259128,-1.3629595922462419
-0.7684539828577314,-0.8568594136117822
-0.2973535476996204,-0.45328739899568365
-0.5948960167896186,-0.5005500704805588
1.1235132362899942,4.750147367134699
-0.3397453630992102,0.24189421434989583
0.24014351648454124,1.1574977696930293
-0.956131200748562,-1.2565995760251272
-0.7661890004045095,-1.3441631441276376
-0.1546467769965293,0.5515814096131071
0.7494190236524737,2.9234140323578464
-0.44686417174868104,-0.12889027096630223
1.6486284448711137,7.348276407321119
-0.7773352887226944,-0.8787850469356429
-0.24583326644797499,-0.4338704038184677
-0.5902734608393955,-0.5181550406243144
1.2927891746917997,5.028421940856548
-0.31293964638530275,0.1721299055967057
0.2933864725909322,1.1569366103063499
-0.7550514140081847,-0.8715505078603012
-0.2154926338471605,-0.37601236749075084
-0.5732215410262925,-0.5326889728967423
1.2975382022153266,5.056482250029908
-0.2945888155904722,0.1853250619926583
0.3204311829023224,1.267784052129605
-0.9575188763296592,-1.230657234354005
-0.7502708426508586,-1.3978052691463188
-0.11263544750756888,0.5580611016810413
0.8251093273603077,3.0258359827385255
-0.41835500764706796,-0.15432035434431612
1.7482442506113305,7.280730886900442
-0.9607855832749617,-1.240973895515793
-0.7676929173114087,-1.5209848844142306
-0.13043588445512172,0.41023556824271684
0.8792312166353923,2.840775318893312
-0.41771299343266155,-0.11987252849524943
1.8890151410455847,7.256850760456854
-0.7681776063988857,-0.92893597967701
-0.18815165622558083,-0.37739486968243735
-0.5667884311361341,-0.5317361906461381
1.4493448076195428,5.07504402455466
-0.2693919624682975,0.17215202198574953
0.3899764838537262,1.1812599337242253
-0.4125995057858002,-0.23675905499251262
1.944570539694375,7.009074023807006
-0.7677364185135229,-1.0397419046720264
-0.1891313632951247,-0.5997462901934275
-0.5670425786789289,-0.6717382255190854
1.4906691861943648,4.217958010822622
-0.2816492355947388,-0.07914179044276493
0.39617717701398825,0.8221866251576293
-0.9564624692828991,-1.3545623456277405
-0.7459371089121467,-1.662913414710659
-0.09205323937845122,0.1700228511367633
0.9537118316599232,2.2552673459157244
-0.7622975404936589,-1.1402506556826106
-0.1725430820713792,-0.699497033754023
-0.5559500565029745,-0.679122011762569
1.50144432015236,4.3685529514381924
-0.26870707626766177,-0.12268480881149507
0.3983633502899371,0.788267857093397
-0.9574161701293369,-1.40030231806159
-0.7418611705132196,-1.5462702485867819
-0.07953765202241525,0.3113907600831755
1.0131981342935297,2.520932535164451
-0.400529467864174,-0.39776286018174595
2.03621125751073,6.21605157778022
-0.9658698739787757,-1.409790369020406
-0.7527732792336208,-1.62969883561683
-0.7351143765913065,-1.0563976124081869
-0.14563967574437603,-0.6419251616927133
-0.5629101724265183,-0.7039975679616151
1.5361058574198463,4.236245927923907
-0.26217921895639174,-0.07638426088828776
0.43617052546659474,0.8844992070290418
-0.09590651019721186,0.2876767926854315
1.004833356585101,2.538377892883403
-0.39632426375856966,-0.31498708487521715
2.1306643421673175,6.092515616573317
-0.2571927825222777,-0.0816776132246867
0.4586508057393953,0.8334414666241772
-0.9540904379614092,-1.41695662301284
-0.7414283731324602,-1.7276701608927276
-0.05448922614666796,0.1983249067182068
1.0612821484586785,2.480855933341898
-0.3854102577099256,-0.36299567570386926
2.151435839060776,6.693256647439821
-0.7601704704593751,-1.065558278657615
-0.10860427589812754,-0.5169943977779099
-0.5358822311367432,-0.6392359224244522
1.631887168764134,4.868323053177356
-0.7575616895420096,-1.0026645409999688
-0.09830584689398392,-0.45004616692630434
-0.5404616609700437,-0.5603871769361817
1.628633592472923,4.831420796734775
-0.2347673773790674,0.18872648538218395
0.49598841761895984,1.0347964724637317
-0.9507933566089354,-1.3034106203863705
-0.735435097901407,-1.4439012615304256
-0.058309075087574214,0.5330317610369353
1.0833558304438866,2.963713039033753
-0.39821128800633987,-0.21262759927579883
2.1122935023289724,7.207313527635726
-0.40402845184372504,-0.22357998653967856
2.098354349381375,6.7566536444643015
-0.7628042961643751,-0.9605475471578788
-0.15287181107108133,-0.48833423738102677
-0.5676796699378032,-0.6126913447268383
1.5203717228764022,4.909245849763658
-0.27490595739129337,-0.027096856392552604
0.44926529628496203,1.1906069604479403
-0.9535926336339704,-1.2898170038818997
-0.7361819892662116,-1.5227041970710287
-0.06620897393435032,0.553578786607988
1.0632166373047958,3.0496573224486863
-0.0842658206623873,0.49819023799011936
1.0296544725403427,3.1241457468620135
-0.3909822170151507,-0.3004580639024379
2.1147316709955066,6.461636650883496
-0.9656930540612927,-1.3198808239793138
-0.7419295660489807,-1.5739562029024086
-0.7375547989872795,-0.9999793666122434
-0.1614492351600197,-0.5370413920821513
-0.5535606207760777,-0.5732914230702966
1.5662643099573303,5.146399311309125
-0.253247082517317,0.03578412872510023
0.3905676014656779,1.1007899193137964
-0.9562259141053636,-1.2790260893115908
-0.7495511727515498,-1.4597076300283038
-0.06942489620023251,0.4385803523137732
0.9386194213820155,2.910474168061998
-0.4113116664684774,-0.2730718403071464
1.9483888228434894,7.262139931505992
-0.7691809230488175,-0.9281345407924158
-0.20944040641709927,-0.41818336371393117
-0.5687922225026234,-0.5803528360670651
1.4495493487808369,5.1913048064466425
-0.2641617899078794,0.14327098859479265
0.35016093939625126,1.158713840049035
-0.7581501086345618,-0.9539427074413191
-0.21206753269140272,-0.4771008895490353
-0.5591524508570976,-0.6361394953252262
1.4231125667998326,4.9708859117490665
-0.2627864779959676,0.005461305841493402
0.3681992793401888,1.0689427584551177
-0.9577650452003214,-1.264756000766592
-0.7587982418268886,-1.3707753194034278
-0.08675599684017615,0.40675171078224387
0.8873195112893274,2.860562681625937
-0.396907355704951,-0.2808417583314661
1.889388922926715,7.108234106890772
-0.95560897087531,-1.3295220789168944
-0.8283114272015232,-1.5043778599788615
-0.31031601005029363,0.3592875795908875
0.20172634179791205,1.7536160199675244
-0.5546533469446769,-0.3397052037888699
0.8482797816297468,4.85975159900762
-0.8175738345313729,-1.0092450846028878
-0.47944299913709965,-0.6302103837111944
-0.6643993935253862,-0.6609575252315
0.5481710525528357,3.518721182966068
-0.4486519760309778,0.028397212594943932
-0.1196285734221732,0.6355752814411848
-0.5518974295716824,-0.3161890190912713
0.8969942479853831,5.334236653803083
-0.8197231210986695,-1.0434645016349122
-0.4664700236778282,-0.5768162124080058
-0.670431823384445,-0.616705247772134
0.6025861155631617,3.7317543051602122
-0.46219010893333856,-0.061375752965418195
-0.1182259187952312,0.6512361363112351
-0.9676739916697363,-1.3194294024632016
-0.8253596607863474,-1.4730085267104034
-0.3337806429570364,0.29204744396708776
0.19308600858354064,1.8539167445330722
-0.8108161490072502,-0.9730710268101894
-0.48939435463787717,-0.6305207073285222
-0.6622046863245442,-0.6136485748012626
0.43726550948074816,2.971152511786486
-0.445816620582877,-0.015695098394554574
-0.1574445045402001,0.4758948878411396
-0.9629795856844012,-1.3203266020355282
-0.8328654236472854,-1.5023636413747967
-0.3242265912559084,0.3999844472147244
0.16669802490911145,1.7900971005494346
-0.5522098017633245,-0.2720628277533061
0.8151782882300315,4.913566454798936
-0.9701049585326873,-1.334698307525562
-0.8298250691472897,-1.5076132462323575
-0.8023625916879993,-0.9765434516778824
-0.4835494536943135,-0.6342088130092014
-0.6648123058962689,-0.6353057157852562
0.5474680765142227,3.3897538685293904
-0.46110552102587976,0.015214061799181056
-0.120200741499495,0.5995717971851093
-0.35161812359674705,0.33830344945175567
0.22885603877499283,2.0046830381445635
-0.5606585490722095,-0.28054963305742714
0.8789632162114972,5.239611256235136
-0.4690478975938076,-0.028976613542925467
-0.11192116116544037,0.5693040897862083
-0.9677558148134251,-1.3310630779718382
-0.8198504612863743,-1.5086787274478612
-0.3377064113119863,0.36689190160157187
0.2443545423805633,1.9737535440149199
-0.5599042200529316,-0.29538275250463364
0.9055267762978177,5.1343688478229215
-0.8160047352911582,-0.9643139009904842
-0.4517153432852684,-0.59568279618139
-0.6645821772437999,-0.6113829116097664
0.6174021319434723,3.5175595910442365
-0.8126977969878889,-0.9317822175333978
-0.43441132634202895,-0.4223396681723464
-0.6592267347655888,-0.4910357309613385
0.6263691314437944,4.107301169459035
-0.4424086972311735,0.17493590156960748
-0.06146085700651516,1.0243463375382877
-0.959572387785955,-1.1645303664798268
-0.8055580427076829,-1.3542195963776182
-0.3120536439606091,0.561607612503267
0.32208792483662807,2.6161899974415235
-0.5394100976083671,-0.16994259803543166
1.058135372895197,5.963091962605099
-0.5514540636359082,-0.261311326921936
1.069832132456349,5.831696404665904
-0.8079549763134548,-0.966581983014043
-0.4044493798386247,-0.5774802911024012
-0.6523649438705349,-0.5631841772765876
0.7687133386056159,3.98118341069605
-0.42874356621071646,0.0943115523904805
0.01530532663925499,0.8185717056677222
-0.9616137477517059,-1.312253773703549
-0.7943098248921838,-1.5159812587733794
-0.28940149124904435,0.48688106450554786
0.4174763804247775,2.3210593927837766
-0.31204211848365015,0.37469798576280594
0.4255148313278988,2.314604996804123
-0.5269648776718411,-0.25092133250194604
1.1907969914017658,6.041017618064006
-0.9672651985279033,-1.3252160181858148
-0.792816628235609,-1.5510337594301857
-0.7827227508995124,-0.9310365778229053
-0.3634372251907444,-0.6050414129359443
-0.6408450464273132,-0.5824584274418436
0.803912941805233,3.9877511485009194
-0.42470050549661986,0.06912475163727833
0.03788824373080446,0.8198063808338318
-0.9594248483411791,-1.304905087849634
-0.7883074399151189,-1.5561556814254114
-0.28748156878326603,0.47948664713309846
0.4410800802718978,2.326113987127435
-0.5296790990839138,-0.22578807418015784
1.1651516047560295,5.793749069194346
-0.8000851531413413,-0.95337608402701
-0.35619106631558534,-0.47177062221388677
-0.6408446351771371,-0.5224094683026708
0.8500493863939779,4.0919574127065035
-0.42015084800797664,0.03287520020174678
0.050882151808476106,0.8259800288686172
-0.7905955986509523,-0.9544224049927674
-0.35105487704397187,-0.5999364530425227
-0.6352857977405952,-0.5154348896047731
0.8332870949397414,4.155972440121719
-0.42346092656910744,0.10301084602938598
0.055821472170313524,0.8136974231089162
-0.9618734971860474,-1.3102386849277734
-0.7831459990888316,-1.6017473191094969
-0.2814433833284702,0.42098544012652356
0.4775584093946731,2.2968453858011166
-0.527231012329739,-0.2589693751685792
1.2249332918438869,5.801437302739704
-0.9646420903646202,-1.3013766524582615
-0.7880006673022792,-1.615167812265743
-0.2752770926609996,0.3996008371179169
0.5260576715971784,2.255091317435748
-0.5144941842196432,-0.22317798457597382
1.2974238154999869,5.704271232779181
-0.7955079449177759,-0.9660765986974453
-0.326913252048444,-0.6540418356529791
-0.6312707695339258,-0.6074513065804795
0.9685196494672385,4.081085851099022
-0.4100396293327748,0.047598042876011104
0.11963043966591103,0.8073445044183218
-0.49821902234299814,-0.17364782854239708
1.3548523479434236,6.016718626371261
-0.7927412560164506,-1.0108138857848157
-0.3102397112772674,-0.6816865591354007
-0.6246508326179,-0.4930624784812677
1.0020636363279505,4.5730534819725355
-0.38928817719092723,0.15409979334986385
0.15502063620655482,0.9859496166509409
-0.956787183838602,-1.211280183947946
-0.7663781339238722,-1.5390851744861629
-0.23687645826825632,0.4459132514315463
0.6143194732543181,2.2310966628463103
-0.7862134619530359,-0.9907410736359759
-0.2821024698784556,-0.5133462028612386
-0.6138054069950937,-0.35788463061919196
1.0659427501961733,3.9082035250748097
-0.4386072734562269,0.09178872563961732
0.12948325351608336,1.0620696583817033
-0.957692753336508,-1.2621197075491462
-0.7773377338098152,-1.6779497408420845
-0.25285041421124005,0.5476070061595755
0.570605736370546,2.579478383985208
-0.5040790707881538,-0.25286939209591935
1.3693564851376974,7.55987300987543
-0.9594228578727999,-1.1333716641902627
-0.776987694487384,-1.5102645765506835
-0.760315655259012,-0.8126672506206991
-0.28428118638102007,-0.3372126127925287
-0.6181493308470554,-0.3832082643232011
1.0033646372656495,5.0737347635146675
-0.38962298036554455,0.31333581447181885
0.14298081006431984,1.282744955070086
-0.2765927428667297,0.6580185051309291
0.5543167680761053,2.2304699500035894
-0.5139044429591306,-0.305180773953582
1.3593945088666524,5.639150660257479
-0.41599074384686985,0.025156354017723592
0.14368966345427914,0.9317379610390313
-0.9569171565825743,-1.3151230467248263
-0.7749869122971773,-1.6700066342197546
-0.25062298504344543,0.39274930837303984
0.5981830780579124,2.492087643214773
-0.5082974848113169,-0.2653643829160617
1.3917758687379078,5.682605013305894
-0.7927693112195073,-1.0010732242597464
-0.28877051634093626,-0.6353666189464178
-0.6235390646348337,-0.5947278548506769
1.050794937901344,3.9478174792713654
-0.7951512826469251,-1.0204706211147725
-0.29611061506051567,-0.63051730926936
-0.6277116999065556,-0.6428219151889581
1.0040524901133168,3.8443721199764322
-0.39252029456493176,-0.0029752384591485437
0.15398430015507603,0.73065633132845
-0.9589118838418536,-1.3503513943918735
-0.7771235235059448,-1.6910091671536183
-0.2462274107414597,0.41391976938250746
0.6161881591120651,2.373728821248284
-0.5037100470002649,-0.31330227951005735
1.4020766011082215,5.6957674837328796
-0.5158045612770524,-0.3376630195496366
1.3957793480022334,5.802649663791455
-0.7907036340951512,-1.0245543843084484
-0.2952573885202114,-0.6448386210596786
-0.6245690149774327,-0.625394885616569
1.0270969187949546,3.9778108523773845
-0.3953540501346997,0.04147775929823988
0.17791549155300246,0.873525569177912
-0.9654398539796001,-1.3005255858488485
-0.7698214984112416,-1.6883274898992462
-0.2539285958582921,0.43332275845526863
0.6108587960339279,2.316900507747279
-0.28300537173952384,0.36787708106352696
0.5839644864661894,2.25530291235629
-0.5053087480455751,-0.3176016365070419
1.4317532380939166,5.53246188315185
-0.9651971357163172,-1.3236690890719964
-0.7674077321085447,-1.7221973004092377
-0.7670828399280146,-1.0100441761017223
-0.260854851030897,-0.6311806250493042
-0.6224870531275599,-0.6465597127167092
1.0299430851805935,3.7835067356356786
-0.39196741232577714,0.0038716283862367806
0.1611025023671343,0.7465292353197619
-0.9658574483379971,-1.3700616798562413
-0.7770187395187654,-1.7175387540852376
-0.24627889029218142,0.2983344781509299
0.6140535903409167,2.1015916522245797
-0.5032861390988228,-0.32426461938257534
1.4037724422995215,5.388358270500499
-0.7863249043849868,-1.01598149846723
-0.2908111237690595,-0.6795739552056078
-0.623969425171925,-0.6059558154571332
1.0283630508299035,3.7648997595685243
-0.3949136322409219,-0.0400161087497764
0.16481548221624742,0.6824345939811554
-0.7784625184180385,-0.9930093011319132
-0.27481518252666526,-0.6202325190375404
-0.6209734071821725,-0.6578433764397149
1.0199110448268316,3.772905296070822
-0.4015914667568901,0.01766562258665444
0.15126839988762775,0.7413778570776857
-0.9591888959841548,-1.3433027790685137
-0.769378459780168,-1.7043231031779185
-0.24908990306999113,0.3561155440464335
0.6008456280877347,2.2005427413499756
-0.4988077646517496,-0.29142038239894064
1.4266454468217726,5.488293440945877
-1.0057638549728782,-1.7812450820009882
-0.769379736203273,-1.6875245737519962
-0.5295286278008582,-0.7762177080841988
0.5724146006311027,2.0507595253878286
-0.7008042091378064,-1.1515012717720305
1.3748049940047058,5.328589429810889
-0.8870689978401587,-1.5902089207982344
-0.2860066395033935,-0.6580366673789342
-0.7674464469738672,-1.3118058053774722
1.0034860604331595,3.6686151706956136
-0.6230106722435195,-0.9606159246113588
0.15885123566685333,0.784964488470264
-0.6898724876036965,-1.1281458758116925
1.4468142997621776,5.796056201621162
-0.8869731962108789,-1.5889279840942037
-0.26654307152159884,-0.6000563829827257
-0.778626868907702,-1.310731363921849
0.967505675542344,3.89664034052483
-0.623589275225511,-0.8527826270414602
0.13336118896239513,0.989292682505486
-1.0023808264244456,-1.6644786533469818
-0.7648019077603334,-1.5673685151413328
-0.5292233075811996,-0.44843645273322513
0.5973478775872781,2.719309591364974
-0.8811373097484269,-1.4067195878069785
-0.28383505666534253,-0.332227833261892
-0.7691755310307483,-1.1563890959528205
1.0028825418625025,4.568683749757537
-0.6170867524377585,-0.6839874499872651
0.15833375272663286,1.223366907734486
-1.00313543276028,-1.6356609353421012
-0.7436097128780332,-1.4619217085437402
-0.5207985173025,-0.4872994617769048
0.6050845391009948,2.9060301824916603
-0.6899948784828758,-0.9193729472290488
1.4182908218259334,7.260558703405628
-1.0087024494179007,-1.5973602606682225
-0.7686489762640474,-1.4978762040961622
-0.8699720304886835,-1.3851536726419234
-0.2650044967041033,-0.3819703670902009
-0.7645346204923621,-1.1724493629834436
1.0458491271681738,4.659606197874155
-0.6146424050905501,-0.702486103346182
0.16799242433829487,1.28396800151037
-0.5418055876391689,-0.48837986718156445
0.6089633914028117,3.0219988297018574
-0.6929918784051188,-0.8980665827089271
1.4352624866291008,7.1708058068788
-0.6196369139119762,-0.7013899765280531
0.15535577200055517,1.2339953923905975
-1.0009393542187286,-1.6594430777327822
-0.7668928638811662,-1.4570576685140604
-0.5196854535003294,-0.46074271794462285
0.6269537344422137,3.028945285576958
-0.685064026217526,-0.8740959993064019
1.4616382571566948,7.54206088659355
-0.8818865368204314,-1.372125969322834
-0.2807983519801417,-0.33738990370098754
-0.7711160230477149,-1.2136143966200674
1.0655787363004374,4.875704159599692
-0.8808946852013682,-1.3953023409000946
-0.27315246579848484,-0.33982883127061303
-0.7671753187699348,-1.166621945509285
1.0800107610581131,5.278754475677828
-0.6099500227199725,-0.6590225885731797
0.18231981315403856,1.3059565444565433
-1.0002071399085262,-1.6479812462344805
-0.7613746633883407,-1.4440564633796782
-0.5087408141240438,-0.4809816904324837
0.6702100278360587,3.146349757091776
-0.6871578151290837,-0.9334277135433695
1.47865123467931,7.318815891632779
-0.6981209042771301,-0.9427572969619253
1.525511015764431,7.514191086879514
-0.8831156373560893,-1.417439268815502
-0.25784997640339596,-0.3591657803407887
-0.7607802616154292,-1.1188316006550953
1.1217581645857204,4.93623382652897
-0.6039826178397978,-0.6964668005544176
0.20481269225906495,1.3329991001853645
-1.0039263919280708,-1.6691193900975498
-0.7619306215724395,-1.5103383624206188
-0.5010681450727119,-0.6115520382894268
0.7042372097702253,2.3351901175686276
-0.5372310251222473,-0.6811293894028568
0.6553932966058932,2.3567484497731366
-0.6869642912798609,-1.1232012548824137
1.5456220401714749,5.714857139504901
-1.0031872996490487,-1.7802036818638136
-0.7714607208191527,-1.7151151705411347
-0.8668153662874378,-1.5796724145623682
-0.25027413901630197,-0.6334550210459798
-0.7602957204075073,-1.30447017438545
1.0686435728422787,3.77617104615224
-0.6109813747094713,-0.9428059785379206
0.17637298748869557,0.7680593419919379
-1.0047144918682247,-1.7787143317480403
-0.7704232455382327,-1.7141159270713275
-0.5068006853412385,-0.6429745280138497
0.6411884361576411,2.29567623725767
-0.6880163790506707,-1.1233318146723508
1.4408180353431663,5.65040125419848
-0.8861454140567253,-1.5929924229897146
-0.27204587176516537,-0.6621748487385989
-0.7642109364058073,-1.3353137941312996
1.0800702411633871,3.92468370554519
-0.611706637698352,-0.8725644034752675
0.19413043872342595,0.8980501754373593
-0.8781670063008848,-1.568268202134988
-0.2572942235653556,-0.6259674532725413
-0.7657599129905008,-1.3139828955681319
1.0691229924440977,3.8630498864309564
-0.6020277167394787,-0.8890212516084
0.18860616775496375,0.7612307059987498
-1.0046034970626292,-1.7957828632562138
-0.7688924564694688,-1.7197393476855085
-0.5070673408174391,-0.6994056915220312
0.6729965195795714,2.2923989996394853
-0.6833432848963319,-1.1333075951183302
1.5197383047285378,5.6995795044746345
-0.9969950379639491,-1.8574138597101522
-0.7969118134847868,-1.6185421598708503
-0.2969239008678963,-0.7067245346044706
0.1646117375121,1.3911245445803337
-0.547114290586826,-1.1510766408571032
0.6597664222602914,4.068435119294917
-0.7686962261318286,-1.564632872730483
-0.4295706614996303,-0.7995822063576026
-0.6227426540288775,-1.3459194948641806
0.4460161804240955,2.744868044778914
-0.46788309771111125,-0.9189854536962521
-0.01378372419800844,0.3558682700996127
-0.5382539332190405,-1.1548457178790514
0.6834627336582274,4.355972844379742
-0.7654719920833121,-1.6019192138556448
-0.42897166724801217,-0.7752514448702355
-0.6284590604312187,-1.3780196077206524
0.47238153923525517,2.701446632032836
-0.48322927951589356,-0.949426669416519
-0.11732215770007637,0.3254811593906705
-1.0139914018944296,-1.8191460309815441
-0.8142511081055819,-1.5591896006349368
-0.3796807348945531,-0.6810038005273511
0.1593280401377769,1.5727866417520746
-0.769624155053154,-1.6193629742260556
-0.41615734145637784,-0.7539722885239168
-0.6514613694787234,-1.3483819084050797
0.6336349360335573,2.8573029311288547
-0.48977392507260004,-1.0311167138576622
-0.1965053431931827,0.3386284775614918
-1.0152272041824597,-1.8004474184607737
-0.804463246314505,-1.5821000712204067
-0.39200512121167624,-0.8525432887843638
0.22669879960206707,1.6266308043324604
-0.5706681463429555,-1.172293581066678
0.7753792191506318,4.002373707096223
-1.019296290507211,-1.8565540291847111
-0.8109747292483103,-1.600798255999504
-0.7498410856054872,-1.6161086154898683
-0.380421286697167,-0.8130291898276496
-0.6507885764926568,-1.423720085040047
0.5252436266362658,2.6919296103733403
-0.4926522044958932,-1.0476615432622975
-0.07140036048654941,0.2474757518394886
-0.41215195128114435,-0.8859158346168965
0.1556739055285793,1.358427656892041
-0.5556416127246275,-1.2238690242157988
1.0283072815605245,3.8094399695679737
-0.5165972402013594,-1.0466911688398537
-0.12048132894911173,0.2635952981398611
-1.0155056770401463,-1.8736261980975464
-0.8122367604202325,-1.6094107871324053
-0.3928593371108527,-0.8511439087831372
0.21531622088273294,1.4196857244168886
-0.5858104159230121,-1.2712812957124482
0.7605816888698907,3.8665684142730097
-0.7924437954456863,-1.6415379264913275
-0.4165526835689305,-0.8459613641269534
-0.661976579168225,-1.4591041183822926
0.5429313815321622,2.6463227198187163
-0.7782395006443398,-1.652617509542267
-0.41776090148115963,-0.600307303215343
-0.6465147111219413,-1.413689055237195
0.512586010787126,2.5809714788278098
-0.5092988466469234,-1.0195892683715686
-0.11511829689109115,0.32289951597370575
-1.0195244092591447,-1.8171345737582743
-0.807549532500604,-1.612470533413454
-0.4048057670342792,-0.8486050594038705
0.1873658583788611,1.4079488287543995
-0.5911075848162496,-1.235876387458352
0.7111849289456457,3.881553744603213
-0.5881850424586985,-1.2452571016463623
0.6987959840084798,3.845128256243016
-0.7755367989478172,-1.6450046508888339
-0.4183333908258,-0.8205117483558233
-0.641496314069684,-1.4331928044388729
0.6132683408787186,2.5730800584478795
-0.5875100464788984,-1.0718715901294367
-0.10144688518759176,0.2481244251807418
-1.0193537313984713,-1.8672139611588496
-0.8012414364015148,-1.6077317739197787
-0.39369560456116925,-0.8840814440316971
0.19015028200643858,1.451885307699185
-0.44834778405999687,-0.9216864590256739
0.15541672059382627,1.3738755298386702
-0.595321751577198,-1.2699815870487363
0.7167141733924666,4.269588900204135
-1.0198104643246182,-1.877364324229315
-0.8148367744927058,-1.626720650883517
-0.7536380858851435,-1.6386977234306845
-0.3866652234682689,-0.8360254651736356
-0.6567309175946708,-1.437489513917007
0.5469654817208643,2.5604750342097593
-0.5202879504491359,-1.0689691394673835
-0.11088244399609021,0.2454206852745658
-1.0197788502734264,-1.8276710063169723
-0.7955276024473333,-1.6345080566530827
-0.39035377289001805,-0.8866279038431768
0.20774359435763,1.4182473305309744
-0.5712322578661608,-1.2260924937328888
0.758168990487505,3.8120060520231167
-0.7878553036012145,-1.6522276310858388
-0.4094378457782708,-0.7962795346095701
-0.6678113659518959,-1.4348661222067847
0.5209731597926571,2.5471194450380494
-0.5118185980127081,-1.073398862557821
-0.08317258866085364,0.25829001774730403
-0.784366246035007,-1.6267481234634698
-0.3896924161840714,-0.7937634092950216
-0.6509672154277555,-1.395258398553817
0.5619530354980301,2.6918697709727017
-0.5101960941066185,-1.0552803448259176
-0.12073145358794052,0.24713341166097752
-1.0175022305186046,-1.8788757484826895
-0.8042685300188883,-1.6178894106417594
-0.395602257558184,-0.8882061084610708
0.22432500423288682,1.427000492218686
-0.5851032659463785,-1.2237902630866022
0.770424391439862,3.9525913266180357
-1.0213459857675642,-1.8647080108695084
-0.805971317341093,-1.6452560648845422
-0.3922779260367689,-1.0577723722269459
0.21535880128107576,-0.04926474684950771
-0.5896683320788083,-1.339748972170069
0.7237055336510386,1.0136836041419826
-0.7852193724561602,-1.6501985060388649
-0.4032723549345516,-1.2371801993232294
-0.644580826918425,-1.4713583722154846
0.6483905430773177,0.5087692025539143
-0.517585213089317,-1.071420634405865
-0.10600186876549378,-0.5932598584155966
-0.5876036826143668,-1.41064824840362
0.7451448003759883,1.0278023435613977
-0.7871697338047428,-1.6742074622484775
-0.3954129322810987,-1.1268092438657857
-0.6565115619561589,-1.5120301680535866
0.5805590960816635,0.5022505250423317
-0.5085838757314076,-1.245383824079854
-0.09095085599742236,-0.6243559276529287
-1.0205485251651685,-1.8891118279914165
-0.7974151686651719,-1.6577540154549613
-0.4018223657842624,-1.1388341146162955
0.21532785766277818,0.010135070492632348
-0.7864312377789948,-1.6510843055289985
-0.3905433068940596,-1.2050416315618386
-0.676930294520866,-1.5328550456265926
0.5404439782051108,0.6044046539199894
-0.5152712573089362,-1.2500355447184341
-0.07623495002987735,-0.5749842674214467
-1.0170550750339808,-1.8812016487077015
-0.8094881984232647,-1.6894107931728142
-0.3855524637393599,-1.1382609907344106
0.2466474830338452,0.006790354634835405
-0.5895472685209332,-1.4250777432436383
0.747925746578041,1.0539974291501917
-1.0256640954251341,-1.8647727480810758
-0.8015937711284192,-1.6585201673280991
-0.7553525408192501,-1.663452822591924
-0.3608755886675093,-1.1878850601100006
-0.6542257315950499,-1.525006034904146
0.548412091809536,0.5296234470868277
-0.4939660382799732,-1.2686998515968702
-0.0828951996129435,-0.6132504110111254
-0.4246229047751845,-1.1617301159872273
0.20446794940842272,-0.03581267029249968
-0.576276977579102,-1.4417303380143263
1.0305694864106574,1.1216101540579868
-0.5199386314459387,-1.319817840684541
-0.057357831799945025,-0.5744153414468824
-1.020288554281493,-1.896497259460453
-0.7742834322741581,-1.6720408015273047
-0.37065262120071885,-1.214263840391335
0.42489676753327876,0.006386603679875147
-0.5484666251195278,-1.4105996161960148
0.8615709457300696,1.0934173546440664
-0.783619282915929,-1.7132885207087207
-0.36016572103637134,-1.2167461410053266
-0.656521319812044,-1.5285979534683747
0.6117047126389726,0.5718472643453101
-0.7822687016363379,-1.6850707756496073
-0.3770372798287671,-1.2088092470901177
-0.6534823505409196,-1.5171306559587887
0.5915324378440766,0.5777121444502786
-0.5179585157688917,-1.3105368615271935
-0.0423798495737725,-0.6057698843266657
-1.0239239346373998,-1.8698319758687258
-0.7976525175801766,-1.6664181036397325
-0.38194634257925963,-1.1659757365229024
0.24790235871431698,0.006240255885126
-0.5939516245844382,-1.4379517837729965
0.780438221253173,1.115498287548715
-0.589321564129703,-1.4061322437122266
0.7565115708075075,1.0846726676790368
-0.792221338300256,-1.6889552166419972
-0.3892074934567811,-1.207558131844671
-0.6534172420138086,-1.562421184214241
0.5586441096705136,0.5749274304762904
-0.4972405685869295,-1.309229829287568
-0.04878198019997959,-0.5904595191625921
-1.0217096895706286,-1.9126898825694207
-0.8070089733381687,-1.6756899307157305
-0.3759935725389859,-1.1900805854135426
0.29476862347579214,0.018328206420987703
-0.44130258821240953,-1.2350266724992855
0.24993225931140806,0.016848395634221025
-0.5840904792500987,-1.4599795859891729
0.872535801416325,1.0646424548324722
-1.025583160304157,-1.864240649366327
-0.8029296635508336,-1.68135114628256
-0.7562699965797206,-1.6958415431343243
-0.33129162259602274,-1.1813947058248528
-0.6591029642098205,-1.5380988572195504
0.7472579949018353,0.5988769724212888
-0.4811940701132108,-1.3140363375029185
-0.054006052783605596,-0.5897213909382524
-1.0234523149952435,-1.9026768131629264
-0.8049945268924346,-1.6579328675820766
-0.38007192760838426,-1.2052969626598034
0.28389458896977915,-0.009465672536827063
-0.5718849635305326,-1.4228805799259254
0.7904371558657198,1.1318635276609912
-0.7940697741543735,-1.7111327763992052
-0.38021565089581744,-1.2037748592780693
-0.6582132148320008,-1.5716394855716302
0.5851729944157277,0.5781321054017934
-0.5056822628348141,-1.3283661789774173
-0.03623633082377575,-0.5814141098488712
-0.7854429294935585,-1.6948870188908713
-0.34944286455399975,-1.2059029137709856
-0.6512276585368797,-1.5664731231758187
0.627643142477562,0.6147977925452903
-0.502831891972868,-1.3185963102981972
-0.028071095822931658,-0.5842003493409454
-1.0242202540547618,-1.8402838613217911
-0.7961762627093837,-1.6744769510532167
-0.3726005327579729,-1.1990965146095318
0.3211114470875306,0.038828834298662296
-0.5724242866910325,-1.4461014865117328
0.890320750512139,1.0919008906752021
-0.9568368470387881,-1.2760620466884491
-0.8286580014725278,-1.4398326889519713
-0.2806481765004992,-0.24979376300928746
0.29877730782961853,0.8550184258836453
-0.5490354564329637,-0.6658670414080429
1.001992691364908,3.001430018038364
-0.8143654368916161,-1.0104729219291404
-0.4554682158825907,-0.8007794314691656
-0.6699904900656525,-0.8452269885730499
0.5995007229539332,2.2904116682286477
-0.4560330546437218,-0.3509615697066768
-0.12189778522520889,0.10257195733701391
-0.5730129147710399,-0.613793943702182
0.8189486084893344,3.6904059778846574
-0.8308901574239034,-1.012130311656722
-0.5101610916908991,-0.5980477402646939
-0.6882905551502427,-0.8009093138151284
0.4713501613561609,2.0882110832526775
-0.49666709711891593,-0.35495896364899204
-0.17426528383412365,0.04721818224737223
-0.9750642920363775,-1.2545062856006195
-0.8629013463756182,-1.1891519023554216
-0.4078092055815929,-0.24416058117340694
0.08140037811289991,0.8353960824169135
-0.8419860921719504,-1.103550085046106
-0.5459251164448621,-0.7311586173722235
-0.7115929639130001,-0.8785928661241491
0.3840609241272229,1.8852953728648798
-0.5114839430310045,-0.5265150389640388
-0.2062313524099884,-0.009276982078514406
-0.9770299593915632,-1.3336155716373228
-0.8738216232126133,-1.183921788369131
-0.4069970300650425,-0.29503040861333374
0.09103746318062844,0.847133854109636
-0.6055769713183358,-0.7082407144422131
0.7149459951673506,3.2381301122453525
-0.9811621529596635,-1.2955338947331092
-0.8728584471378202,-1.2028008787814501
-0.8422806006983039,-1.1220524397688914
-0.5539991936249816,-0.7346063250473079
-0.71382795499629,-0.846281074368233
0.41350116066132303,1.889649424376939
-0.5075436988500611,-0.5393800473176025
-0.197771688587299,-0.062474977510942165
-0.4076852377280187,-0.3715186100933432
0.12160723238472948,0.8952139119065243
-0.6056680138807476,-0.7395824122539862
0.731436423689613,3.3122028859620545
-0.5067600006349021,-0.5726785642342527
-0.19202549750682296,0.020363759356867794
-0.9807982626375054,-1.320784392907541
-0.8716123188899878,-1.2273089663312322
-0.41378286750842014,-0.3617590903278332
0.10721522738594991,1.0033263973870237
-0.600606807910977,-0.6672041257748229
0.7316324804491389,3.114151452441873
-0.8428619764034555,-1.1099795806244361
-0.5331299394368696,-0.7326340304041914
-0.7117528453825409,-0.8781342185405012
0.4288697748164777,2.1449819145041626
-0.8418707241438854,-1.099045408013979
-0.5262363605740351,-0.7123305225185885
-0.7092771936464408,-0.9068275043351202
0.4320846679853275,1.961337783197388
-0.5000210355449942,-0.5018780098661286
-0.17278769078619255,0.002676813592871141
-0.9771035236017224,-1.2514980713687935
-0.8624674651772042,-1.2222784764432255
-0.40380412425439627,-0.29843612341647446
0.12003638307038256,0.951461566342485
-0.6054140654290282,-0.7131058153436282
0.755725153338117,3.116076151408799
-0.6055457592482701,-0.7174116552449951
0.7838765613932651,3.398901234950582
-0.8440049104910154,-1.0682975450013226
-0.5294728941979439,-0.7709590047316441
-0.7011529310568378,-0.8494258670764874
0.4344718329995637,1.9532965915700407
-0.5102917270899628,-0.48200153644266736
-0.17918322418282762,0.02960332902684698
-0.9760940445301666,-1.3101101788607337
-0.8579596402073095,-1.1807072079554328
-0.4151543268461263,-0.29922042340811794
0.1057167853889951,0.9616849215034853
-0.4204198978029825,-0.34999185360006857
0.10663858524992542,0.9627161948511973
-0.6146753754503576,-0.6811725680562104
0.6768030222679905,3.3777592762599835
-0.9749802429403549,-1.2353613434465558
-0.8649461246600592,-1.204924550414497
-0.8313015117466043,-0.984364886005918
-0.5533396152162896,-0.6169151767335066
-0.7113526962970043,-0.7605232482874396
0.37314137688513904,2.3050256080494727
-0.5152948634673333,-0.41130987210394027
-0.20958490549745812,0.13564491728066447
-0.972220445185229,-1.2129000358278512
-0.8577065248981781,-1.1103527343524102
-0.42779561373432184,-0.18683009028417957
0.08994880469496958,1.9262709436496472
-0.6141385032572043,-0.5711223419812739
0.6579246847196097,3.353120184971912
-0.8437080968052946,-1.0238897777555915
-0.5453183961855506,-0.7116671723396832
-0.712976834184039,-0.7913850965928257
0.3591516977276151,2.1497030903724563
-0.5227434783983789,-0.38537141609008374
-0.1855230105456392,0.03715710707503511
-0.8407898147236219,-1.0442020766076978
-0.5279826834149001,-0.7054983094769217
-0.7124162260811324,-0.7882346139556529
0.4495746319597195,3.075105783556786
-0.5091286144373967,-0.4959101079095544
-0.18163089939651827,0.017056818737208268
-0.9777423684384463,-1.3125258870575467
-0.8562331921057491,-1.2244532176832317
-0.4271986715424263,-0.2574711499526519
0.09626434360108316,0.9795780778724792
-0.6135724280970134,-0.6412458367732592
0.70067442102518,3.3465463035144145
-1.00587330085089,-1.851018736815956
-0.8620092028027319,-1.5326805643991508
-0.28007976540551155,-0.5714689403813662
-0.009597470297053934,1.3657200309839737
-0.48907396429609373,-1.0546536449638604
0.4825614034901685,4.945915179776384
-0.7467637852715888,-1.4691152998987576
-0.5257798140889723,-0.5209758055150894
-0.585107068576984,-1.216178175731762
0.2876163327965774,3.5243738391678074
-0.38017890380930275,-0.5908091275614356
-0.2400858927412684,0.595808196911549
-0.4765821564015573,-0.8914782167387085
0.49856927450335775,5.4440319596311575
-0.7423768121282089,-1.4103407235828516
-0.5182877794709563,-0.6134982337909163
-0.5865692942603407,-1.0872595450426124
0.3222395431906533,3.624823994153504
-0.3909906449591152,-0.5664928839446843
-0.20174594325243733,0.6419441205082019
-1.014518734871885,-1.8208816468407403
-0.8694499010347111,-1.4303859657377636
-0.27476085419435053,-0.424185511006396
0.057072774291530126,1.6070970420015178
-0.7444206608073322,-1.506863521638243
-0.5048450034121834,-0.6385431222032811
-0.603660246292846,-1.1920529366660992
0.2914107610624961,2.9877296605523775
-0.3775581154077765,-0.6919255091635886
-0.21241863959467988,0.5036568118398435
-1.0014482759910344,-1.6828086903227342
-0.8689799676767938,-1.4819471839486742
-0.2611409086342594,-0.4472203453318402
0.03915901821422607,1.5951016638052835
-0.4784526214994164,-1.007840203551889
0.5723719607809598,4.418681119733173
-1.004253486730836,-1.7560640627355621
-0.8877892421738245,-1.4949257424868028
-0.7255775193488125,-1.534388483072395
-0.5039645486281966,-0.710412029736569
-0.6035417991908123,-1.260061044600726
0.2371092095763705,2.9252117493749066
-0.3849203753899927,-0.709135426309971
-0.25967332391572845,0.26636755648144556
-0.3029077096262037,-0.3308511304375451
-0.04287485617098985,1.5402755850196828
-0.5027453500553598,-1.0318265582737716
0.4432950256878804,4.379314225629812
-0.38816254090587027,-0.7800770056496535
-0.25703379616409266,0.3489442577573331
-1.0129629676072058,-1.8370068245035787
-0.878734728989325,-1.498853281619813
-0.24713537021418264,-0.4543371476115281
0.02223934866849797,1.8211681626365361
-0.4832881896503506,-0.9597749716398989
0.4927601484972647,4.295005225907035
-0.7525121029961507,-1.5862797965663629
-0.5166438319915755,-0.705604262331637
-0.5938864364354272,-1.1877115392861037
0.28233389483505356,3.029170648159577
-0.7390039770616392,-1.5440860634270062
-0.5027262478964499,-0.6481361687368397
-0.5851664037118173,-1.251518069663482
0.2726385066578567,3.166385469580258
-0.3560175766034218,-0.6816784310966865
-0.2429123267199073,0.5916733845473738
-1.001683533860589,-1.8240483610290907
-0.8841019637206724,-1.4976614438161784
-0.23070070335447102,-0.5341757752634009
0.004607603282085537,1.5845022208710284
-0.4747276777464603,-1.031054101986149
0.48293628265759236,4.396664385900871
-0.4787112576921238,-1.0087951862764934
0.4610626962413106,4.524582121344461
-0.7421870061866831,-1.5302431812304085
-0.5238950373619435,-0.6497637932778964
-0.6009958429597207,-1.2812230819010852
0.24797253905550476,2.9883135103940157
-0.374714622824462,-0.7063419809401236
-0.24200414346134175,0.34854275482447433
-1.0073791023979417,-1.7991221979550134
-0.8810525721008673,-1.4706217936805943
-0.2532382296679724,-0.48429987335575364
0.012107447316998532,1.688147124894316
-0.30070586170446967,-0.531006601831619
-0.02660739173822546,1.5612372354388264
-0.48955124487820983,-0.942847827360606
0.4750248032777088,4.949763263486767
-1.0065756445457805,-1.68951933005507
-0.8779827640688093,-1.3910538287203318
-0.7234364098423977,-1.3745734099129405
-0.5029997616105298,-0.5101589168267278
-0.6056805381273942,-1.060630742086028
0.2829205503412384,3.7252760640327267
-0.3823197220449318,-0.5272091431093588
-0.27402886154484585,0.6623351535536042
-1.0064530703719834,-1.7617551406035956
-0.8821455135918396,-1.358309462868785
-0.29514856475507234,-0.2892669958601528
-0.03609321614584049,2.0972654131381456
-0.48966268327277074,-0.8281825323029461
0.43701460534196646,4.570957549522218
-0.7556314215194451,-1.5208677460850812
-0.563894079140864,-0.6718623815779552
-0.6163035702008156,-1.2166175187230062
0.11116885071768312,3.299083104257349
-0.45400090669486914,-0.61891070177968
-0.3778835579129245,0.4899886848844755
-0.7674103403930173,-1.4945536734571934
-0.6136316881323903,-0.6290514556846385
-0.6402476900541904,-1.2178746459361263
0.09235091134666462,3.2129813135472944
-0.4428837903819468,-0.7016149067763787
-0.3779151260190514,0.4016148341370694
-1.0136141196930681,-1.8082315738895944
-0.9102219028519536,-1.420208853928997
-0.3626147959382376,-0.4807952558882536
-0.16298999773360512,1.8105726434008076
-0.5470986562325785,-1.0096647321033068
0.22724545261628504,4.5663658219893275
-0.9927884210474682,-1.79566435127698
-0.7802610610376943,-1.690312444664937
-0.43608372959932556,-1.0587740426506262
0.4554928426039814,0.19281765040014281
-0.6284037746312252,-1.358576775234188
0.93408165652634,1.3508083908192143
-0.8204918242783692,-1.581441557527811
-0.32120650069474044,-1.1770025963631268
-0.690917338078663,-1.4259799286499024
0.6494804794689905,0.5844361577384365
-0.5040855368572995,-1.1340169260650745
0.02315815164010837,-0.5750857653828452
-0.6142549027962009,-1.3047110606908607
0.8795636342734435,1.0835033714080846
-0.8278005407749507,-1.5472038159181076
-0.36945129755668116,-1.2240145174288777
-0.701503213710646,-1.3817663335592067
0.5857088001621765,0.5315488581803751
-0.5062007755943299,-1.077835826163127
0.004558140098329999,-0.5712187877118191
-0.9785729885683465,-1.6847462698269111
-0.8178562264522082,-1.6669697299200688
-0.40598986952548183,-1.0218346179970361
0.41572852168770547,0.163865180116801
-0.8500224735294939,-1.5249678186397628
-0.33771800581912637,-1.1062494378637548
-0.7477953866151152,-1.3467588569422888
0.5799586168482364,1.0803175074350915
-0.6110295691648585,-1.067939602636721
-0.10913160697305452,-0.34483766543526506
-0.9873215425668973,-1.6673515473404308
-0.8292525624488438,-1.6678067878656833
-0.5046053700907436,-0.9532781318817332
0.12787664076949568,0.06995667398980937
-0.6547069862591265,-1.2440579785476418
0.5930544491558826,1.1351780671057397
-0.9768175387379183,-1.7136862437045686
-0.841966985393946,-1.669687454289793
-0.829407447356733,-1.5101462140424413
-0.4664391446587284,-1.1837016869067498
-0.7334646795415336,-1.3713793914113217
0.34316344553883293,0.5649112580295603
-0.561503833281528,-1.0754964200881367
-0.1712974107939122,-0.6130972764998893
-0.4839870335918191,-0.9431805505719189
0.06401689411405709,-0.0510280675569697
-0.6374533038697252,-1.2045356889366285
0.574748953040268,1.016546486349588
-0.5621177514341429,-1.0200343495840156
-0.19814557306942987,-0.6095739678635779
-0.973909520023772,-1.706428323671741
-0.8475454256607098,-1.6869223675811835
-0.46726887279045565,-0.9220536812557563
0.051184899191501376,-0.04222918163254319
-0.635544956325894,-1.1995493460065139
0.5268556557118865,0.9562823646135894
-0.8339412920270537,-1.5386431944387702
-0.5121175106790554,-1.221157290218898
-0.712720568683012,-1.3561913024386654
0.3054838455730504,0.4957985116168821
-0.8217834832795466,-1.5074432232691712
-0.486124152354343,-1.252151107525853
-0.7053498389641958,-1.3559136267517562
0.35851158904454694,0.5201553748921175
-0.5227259552188154,-1.0229758403529967
-0.17797611435155652,-0.6330431054635399
-0.968747819908536,-1.6606445521101953
-0.8376337459781852,-1.6848405059094789
-0.4054880241785549,-0.8291079647303405
0.11828547990616867,-0.029838547951229866
-0.6031933979581922,-1.1808939108697942
0.5997514368825071,0.9639030938206978
-0.5958800234876224,-1.1528321685433751
0.6212897245065144,0.9021951555557406
-0.8081392284145477,-1.4965700821273196
-0.44460826644154194,-1.1966445881394958
-0.6842577961393292,-1.321522801016164
0.4261062845566762,0.48179758711905657
-0.5155811453873462,-1.0353661930313365
-0.14814305166079184,-0.6534359097677181
-0.9633887150827964,-1.6930291230557213
-0.8350334953496312,-1.7014901967009342
-0.38746568985240015,-0.8747200702588893
0.1565283483253166,-0.05210238921178978
-0.4265768151939351,-0.8886553588670911
0.14348816493270733,-0.09218615787766643
-0.6102593085690985,-1.1786634656406776
0.6586310277856303,0.9524332801269608
-0.970531612439987,-1.694848246070716
-0.833686215485824,-1.686028922061752
-0.7908593585641238,-1.4751588959765367
-0.4142985954980235,-1.2479481148707583
-0.6738168800173399,-1.3414037237192549
0.5046414854543902,0.4615678111241623
-0.4871577930013792,-1.0582256617928063
-0.08074876145281829,-0.6253434441171928
-0.9682953332397515,-1.6736689480638487
-0.8149738787984255,-1.7031087239719243
-0.3433792210868668,-0.8667983188597186
0.2575988471199536,-0.026586953885391063
-0.5650513306714103,-1.1909962601051942
0.8313228540711542,0.9337858466490685
-0.7983612489786605,-1.507992494767611
-0.3749043218223258,-1.2907155240019883
-0.651740178411244,-1.3586536453105507
0.6366756826180909,0.4697393071585199
-0.45299987320157536,-1.0744422150617574
0.04965260285426365,-0.6668334959521618
-0.79841091715186,-1.5479284113847602
-0.3567924864579134,-1.2311786116578285
-0.6548972642983953,-1.3333862870812714
0.6421574211081996,0.4849799083319211
-0.4522516688737767,-1.079966886515362
0.004315442045640827,-0.6968604560631178
-0.9629802149810137,-1.6724739908596753
-0.8137003592759446,-1.68162506630693
-0.2980639927896179,-0.8981002809931495
0.36554594238141025,-0.03369877293572543
-0.5421532987460209,-1.2420530061163417
0.9599041684104407,0.995793391113952
-0.9661543716068625,-1.6990283488680338
-0.8111934268393973,-1.7245622884988598
-0.28510551894529607,-0.7816421210354465
0.4026644615657957,0.4141191471646721
-0.5417727117184113,-1.1908942568386203
0.9609620113827536,1.4367802818093873
-0.7889180202853083,-1.495505676517245
-0.3486054515463267,-1.1692669251948642
-0.6428466032253125,-1.3365459097121466
0.6933179809093032,0.7882769215627112
-0.43762688484809287,-0.9440189542393764
0.032394940480182544,-0.48382660852005344
-0.5317322650395333,-1.143048315894461
0.9804983379590394,1.3805371750987696
-0.7947340338974117,-1.5276165675095146
-0.3344306871198177,-1.168278245943004
-0.6387708412450285,-1.3334132173376516
0.7472718300065403,0.7490868352708091
-0.43346427608487637,-0.9339175476729284
0.06126513025979763,-0.4848195364581403
-0.9635390751358,-1.7128981320930374
-0.7961813308084749,-1.7211022064355
-0.26162764119560356,-0.820917772157562
0.4524988707455603,0.36375326090126664
-0.7846639143596361,-1.5543842719353387
-0.28946822596664584,-1.1081163559179075
-0.6382000491351146,-1.3344427268792145
0.8334700587625684,1.1862129385607705
-0.40691750880373057,-0.9749245709500141
0.09567490953158664,-0.37021545220553564
-0.9597558146278746,-1.7156321661227412
-0.7969039098678153,-1.6986857186570916
-0.24974227552478212,-0.7874393980009822
0.46637015325235354,0.28961788805135674
-0.5268610145141379,-1.1357078013510151
1.0544838731122965,1.4215063439985787
-0.9629016621756372,-1.718502914773252
-0.8038528581200584,-1.7065794817614126
-0.7560046904789025,-1.493352539072293
-0.2611350044220595,-1.152296280749541
-0.6264131140256209,-1.242549796092614
0.8211011257334494,0.8224647064829276
-0.41130744682471576,-0.9635422056749798
0.07488310695878153,-0.5071676645800052
-0.32231832402076527,-0.8054926391548158
0.39492152464026176,0.21476869851941432
-0.527711632252163,-1.0933567381419813
1.0439498781231604,1.3899897628340752
-0.43392285823269133,-0.9642232790252769
0.07794640761480565,-0.5096947165207281
-0.963264956198048,-1.691806002420926
-0.8000437678387982,-1.7181283622989707
-0.2659734461719843,-0.7756382512574126
0.4555932352271411,0.19952202024610238
-0.5371857462971175,-1.1155624886728825
1.0152065065014577,1.3610234733659987
-0.7870900377628383,-1.5015463191440226
-0.304034131753439,-1.1913980726062143
-0.6326639479919263,-1.284723438705902
0.7862394546741706,0.7719652293268682
-0.7798268722341525,-1.4735567529240692
-0.3139909009940494,-1.1732470561462987
-0.6327428345872858,-1.2808723180402268
0.7794901973509895,0.7783668085050068
-0.4332314187431629,-0.9041982861136304
0.05555692117714428,-0.5004830931180007
-0.9632348230628944,-1.6859201360177956
-0.8048491551117976,-1.7112696554118645
-0.26003330097374505,-0.7639252298141389
0.4842519834617277,0.22760286986028938
-0.5187953289408093,-1.134999523490884
1.0899329008244663,1.3041139717303465
-0.5256422670730098,-1.1270350976810564
1.1028510024562386,1.2646458652814359
-0.7780567853188072,-1.5294809557534836
-0.2688510966127391,-1.2021463066451499
-0.623702065115834,-1.2899159915971725
0.8809314579668842,0.7583544242799711
-0.40799453564157284,-0.9489975134746313
0.11848729290864424,-0.574277530172318
-0.9581844545279243,-1.721139222923029
-0.7822810509930657,-1.7185008452708423
-0.2367458522754851,-0.779846234095547
0.44987961190743786,0.12268447235333163
-0.3425575097407957,-0.754065124798992
0.3708004812088076,0.026723292374448482
-0.5604345894708131,-1.1464392393596774
0.9721310621311995,1.1639877205211142
-0.9626114692908114,-1.7127699910010588
-0.8118888365490953,-1.7251746744883678
-0.7751469256278849,-1.5098014809274347
-0.37069453355947873,-1.2017518655628203
-0.6626049269746878,-1.310114243246706
0.6288252648779463,0.6493229623667496
-0.47441450886700876,-0.9721778450515934
-0.09331005535310444,-0.6201909456777408
-0.9625610750052119,-1.695003870816554
-0.8229046823917073,-1.7027708156289834
-0.346814517067659,-0.8022838355017803
0.19230625401766166,-0.03282229112133922
-0.5764930556352416,-1.1045945698139519
0.6835978216886646,1.06586945751449
-0.8053551177480173,-1.4824297825289425
-0.48546800836477416,-1.2504575940504197
-0.6877873764765399,-1.274409337574419
0.40397825309634783,0.5385527214344028
-0.5004796005705856,-0.9103207124467738
-0.1912291990459537,-0.6030048758761958
-0.8100511000677906,-1.4999315738365273
-0.497707511249028,-1.2404860208948079
-0.6831004942236075,-1.2661023622585983
0.3393180560064797,0.5853817191420343
-0.5165532133650726,-0.9062432967488394
-0.24911903535280577,-0.5985650018299564
-0.9618342721578583,-1.680770391303873
-0.8573093288389688,-1.6974994594248365
-0.4038872503439145,-0.7245775159136991
0.03121982682477986,-0.05578633266070637
-0.6016422809848108,-1.0644387352846099
0.4916452616314425,1.024246621744776
-0.9907207719862543,-1.7260983091121551
-0.738491999378676,-1.6104977457267018
-0.52364405444081,-0.8334830165911449
0.30140213465364085,0.6604732417026689
-0.6590791911103566,-1.1605958292735816
0.7667631370075477,1.7653589948937245
-0.8276493291434208,-1.4248889320904468
-0.3679663789245351,-1.1060477942947298
-0.7217589208879243,-1.256633097932759
0.4335920616968324,0.9998512452017381
-0.5465158123978959,-0.8604683200743255
-0.07567517484587638,-0.3638597402243079
-0.6301009782834892,-1.0539669257363402
0.6883592758433695,1.51470858174833
-0.83552975643659,-1.4472784267211651
-0.3882486473083574,-1.061367440944128
-0.7344930275639561,-1.287170466241791
0.5745113175501456,1.0545954446740304
-0.5867368249089512,-0.9081265024663183
-0.037022972243224705,-0.29626545560840106
-0.9735886855550878,-1.6418345851999794
-0.7813808726484726,-1.6051772385796663
-0.4672412897120326,-0.6958945164599039
0.2606823701723895,0.451334408192172
-0.8307595441677378,-1.4542565205563023
-0.34249796834025703,-1.0634447284940522
-0.7278051617985746,-1.2494031427811858
0.6961057237780387,1.2581318813448974
-0.5771883537069061,-0.9091427695885312
0.010510895994386815,-0.21785212964759998
-0.972916917371347,-1.6019508955257198
-0.7728973236711927,-1.622643348660935
-0.4742999472173609,-0.6921472651498257
0.24989234742769306,0.49624946821479626
-0.6377596538644299,-1.0311796839599225
0.684789321941215,1.604783242181682
-0.9709916347717479,-1.6054271661967954
-0.8046945181329571,-1.5553373541300697
-0.8107466676953298,-1.4084516410778791
-0.39469436048629514,-1.0101264111570454
-0.7182576527880065,-1.168742189114171
0.42206494951180773,1.0583001023276895
-0.547371275085617,-0.812955034429746
-0.1360548659872191,-0.38347309147109127
-0.4713555240269788,-0.6412391648236484
0.09657118584157187,0.2977936455625781
-0.6170190487281141,-0.9829297913395103
0.5952284033139114,1.4366699954156879
-0.5574441688169673,-0.7854474358672014
-0.15724375364056076,-0.41804445822568836
-0.9603576611395244,-1.5606922525118865
-0.8171089846688085,-1.5532630789118744
-0.4515832271762662,-0.6409122249504822
0.09521337496169269,0.32056196141656984
-0.6337667789298286,-0.957572556970121
0.5434925075326827,1.518940402943279
-0.8213091646466765,-1.3736237955807482
-0.4551239271764336,-1.0884989828420284
-0.7056148191983018,-1.159569636731091
0.3295800488955658,0.9116665019597201
-0.8113352534025401,-1.3267861004940036
-0.45700927220666687,-1.0282802932283754
-0.7017683845763564,-1.1665488892358795
0.3792232076083375,0.8734855060629922
-0.5443959228802311,-0.7524738560169332
-0.2015240634386234,-0.37682178087947854
-0.9567868740779795,-1.5645768868734047
-0.8211893513525699,-1.5709342923279963
-0.4400790611751916,-0.6015217657888245
0.05687162701953097,0.23448266837828918
-0.6219097853544978,-0.9841891531916795
0.4664206751138532,1.3064696334876273
-0.6155132680995333,-0.9312076141688594
0.4288626697110508,1.3229553853010152
-0.8106187378162193,-1.3301748145771155
-0.4892413869621903,-1.1063397051023407
-0.688561751837119,-1.1223227017106918
0.2862994873866931,0.7382638205183305
-0.5366109987091482,-0.857524035577035
-0.2398758900715312,-0.5256694712761643
-0.9586617543536206,-1.64169450927914
-0.8252729735083324,-1.6246305380015773
-0.4276948174988186,-0.6016966631432132
0.014633158983413774,0.19702085356150295
-0.4868948541250805,-0.6162145861394506
0.02497007966540732,0.1796230166129174
-0.617367640442317,-0.9431063579857453
0.4169058708757152,1.3176373829264723
-0.9569624255556322,-1.5741575355420812
-0.8354001077411017,-1.5803247923265085
-0.7819207675726145,-1.3719426127473733
-0.4676327632618706,-1.106552192859802
-0.6875425128222264,-1.1611401328891553
0.3572348894034797,0.8245437734287433
-0.5280322516573951,-0.714311407396097
-0.23053473035619404,-0.4290653829105199
-0.9561113846569815,-1.540409657143122
-0.8258506279409807,-1.5603232482204403
-0.4314668956993382,-0.5446416343883282
0.022578108844862776,0.12448870320792055
-0.5996285411729324,-1.0103069621842409
0.44746617871911465,1.264030350573177
-0.8084187229776558,-1.4231393327559243
-0.49623025199430676,-1.1995065376955316
-0.6809167157561229,-1.196155557797168
0.26925624598700226,0.6871050263272762
-0.5318072793581311,-0.8244783955729831
-0.2281455067411322,-0.5496919502746564
-0.809170388313804,-1.405365221980364
-0.4897569513517519,-1.197941959837103
-0.689353770431655,-1.1733872902325881
0.26867913595106274,0.6625869428936741
-0.5254285687757865,-0.8317511839523724
-0.22633268787868754,-0.5490183669158557
-0.9539226734376345,-1.62585571644072
-0.7842462925596843,-1.637804731273394
-0.4068304391022549,-0.5813248163591083
0.04751871125787677,0.5806743925733338
-0.6049119556100059,-0.9881137614611417
0.4776941772989668,1.260553479350964
-1.0340108281609297,-1.8759506733932632
-0.7045921302211,-1.5780202937906174
-0.4539590332190676,-1.0781297329871986
0.5725838912620714,0.8746071617352678
-0.6110156166192664,-1.372141786907302
1.2268308567466746,2.044532006967825
-0.8146071147663054,-1.6114641843909223
-0.20890689966281478,-0.9135735293036078
-0.688022088885816,-1.4441260887519445
0.9100812588443629,4.026100774419521
-0.5057191728522943,-1.154238767303717
0.16675098879803307,-0.1708886191100094
-0.5910052419609738,-1.2512034944578576
1.178542840976549,1.8277532569600605
-0.8053362132073626,-1.546256259008047
-0.20283692194946412,-0.9733532070151194
-0.6827262005777592,-1.5306268238694718
1.0974721660107063,1.3981904988409524
-0.5288178388205609,-1.1878922833481296
0.2299160461945079,-0.16760194571698017
-1.0292208968160608,-1.8955445250287497
-0.743993014072832,-1.5290840081817023
-0.41328493425338264,-0.952552150488138
0.6727035995902405,0.6098659133639599
-0.8248181154484766,-1.674320417256891
-0.16772224517865825,-0.8588260750623096
-0.7050225718356539,-1.478566079637153
1.2460296456805064,1.8575369190326694
-0.5578243294921512,-1.152681041247846
0.2906002057222362,0.050769886146604326
-1.0316446168586462,-1.8264574951114312
-0.7285924009459744,-1.5113326279346944
-0.4382561991184836,-0.9268134673788029
0.7040395257480786,0.9141195584197752
-0.6185808906170597,-1.2579598924651196
1.4258800876828692,2.1755352392525054
-1.03340069954763,-1.735474360756591
-0.7813676604430084,-1.5157121821714423
-0.8166988246878562,-1.547550790347726
-0.2352793504948758,-0.9074945813830406
-0.71237996712953,-1.414877680871497
0.7870061733200165,1.3277534568686031
-0.5319012557059615,-1.0791814057107976
0.08630937324117627,-0.17586555196025422
-0.4930058770981003,-0.9375014716871064
0.4357675922796874,0.4455768001404385
-0.6398843713759225,-1.3495669111263364
0.9664106799468452,1.711031690436106
-0.5647078857821464,-1.1316949458331984
0.04008709879334271,-0.16369605311277197
-1.0322919991128527,-1.7616099379661867
-0.7880061186550871,-1.5179362910188343
-0.4562935038736614,-0.8496675855909372
0.41712437222583965,0.4966390037429838
-0.6350226051864288,-1.270918528500692
1.0041705247653825,1.8308858024131147
-0.8307406196923657,-1.5342499219675854
-0.3411337031292827,-1.02892188895068
-0.7093234645505763,-1.4259183705738117
0.7145448732892138,1.203547827731718
-0.8257055050148887,-1.5682379112182
-0.3299755484790471,-0.9254862986950405
-0.7018930576049195,-1.3797644043757373
0.6708552917743361,1.1801803011550633
-0.5412234402933822,-1.0142760037844578
0.010108316989271393,-0.26380559810294946
-1.029820122008286,-1.7287012945019542
-0.7832070858286904,-1.5711698914936325
-0.43308227888455114,-0.8618710925623911
0.4503203660248801,0.4897239886638723
-0.598789683518227,-1.189739807419496
0.9024901109772488,1.678349751884211
-0.614372281140641,-1.2071501308272516
0.8857750179431197,1.6315626271863202
-0.8206668613704572,-1.5838853147890455
-0.34785414814776966,-0.962868211182063
-0.7008070584904414,-1.3742445825834853
0.6622428297207273,0.9525702820561324
-0.5382248143963878,-1.1459532465994857
-0.011758448692513745,-0.4633242820800876
-1.0265838963047544,-1.8449148184173132
-0.7970640068998973,-1.6221847015268613
-0.43179004903720075,-0.9006677125238793
0.32892865489232914,0.27284035719700356
-0.4780047572526349,-0.9310234912822943
0.31250557116357214,0.37547853744365817
-0.6178180601098463,-1.1569967099294558
0.9174049836244257,1.614192438723501
-1.0330191142094785,-1.7664432450684229
-0.7950471201989346,-1.5326259266985922
-0.7978745432702592,-1.560811862097971
-0.30017844766471263,-0.9749571259700813
-0.690989781881926,-1.2841417489937466
0.7038253964105986,1.0351620293968868
-0.5274100612885334,-1.069777100483265
0.004058161276013772,-0.26026946415859276
-1.0246551154198098,-1.78281571290327
-0.7865836650337761,-1.593483572813906
-0.4232545386426891,-0.9555177743090641
0.3763436637748815,0.25004698038087964
-0.6156327410862082,-1.3112010322546608
0.8759063252303548,1.430325388033646
-0.8128039693838487,-1.597386688296505
-0.324278920331668,-1.1206258884736915
-0.6790038758004975,-1.4860047327852073
0.7844072388684004,0.7857098693718199
-0.5274302140239184,-1.162520620220638
0.003345352256391765,-0.47491403749449723
-0.8186171057164966,-1.639611953217457
-0.33762082676224536,-1.0825243675641616
-0.6871268594936589,-1.475141911281152
0.7112887485184464,0.8775996991279693
-0.5253240534878568,-1.1462242396093136
0.036084947004225265,-0.4467514979774836
-1.031564283886083,-1.876544138642776
-0.7946632729587545,-1.6518781482503464
-0.4014056274429106,-0.9764621328931391
0.3621921767428866,0.22588925244008656
-0.5978278388659837,-1.3248705185910246
0.9569807504813984,1.404616793132071
-1.0317091430040632,-1.9146988075956894
-0.7970049848573422,-1.6885552329594224
-0.40547500017213267,-1.1873228187790035
0.40828627297297215,0.3784514630004187
-0.6082797690482586,-1.4572840041544126
0.9573416929141939,1.5567407284107169
-0.8171188708239271,-1.7355798512892353
-0.321839869426198,-1.1261445717499539
-0.6863640961070115,-1.5920938629963188
0.7350887561987262,0.825519393304428
-0.4940713632957181,-1.3322628904823657
0.021083232622220116,-0.4414212934882579
-0.6013313761079838,-1.4642395365409488
0.905570429165376,1.3882080599331708
-0.8132768517976292,-1.7603900516853006
-0.3269177804340702,-1.1023850279616698
-0.6896415480437783,-1.5788808804491414
0.7007900054339183,0.9738813251410454
-0.5309401066814806,-1.3324957876272616
0.010113743480325899,-0.37392445646975564
-1.0313969562758813,-1.9133944303757937
-0.7836238899983545,-1.688578612006602
-0.4113226749988278,-1.2463263538094387
0.3839039532405022,0.3103159003145642
-0.80307670571927,-1.7507797049672702
-0.2796454060648264,-1.138324807962547
-0.6732550496460904,-1.6256030537447872
0.647291456738187,1.1187047197182758
-0.5239000267441456,-1.3174075361219653
0.022873578311288667,-0.2865214142725224
-1.0302608587677105,-1.918585393340139
-0.7903456527695398,-1.6846982079155624
-0.4302489668704803,-1.2399537967531251
0.3661691280967988,0.3615454486059629
-0.6064415392439846,-1.4930146393383708
0.8769473957346999,1.4665777057393867
-1.0277629208273193,-1.905990786601836
-0.8003872863079249,-1.676981845712562
-0.7789147841380908,-1.7152503604670006
-0.2752731535899374,-1.091602651355134
-0.7012108316605231,-1.5929252124899742
0.6859836736629256,0.8444012586079288
-0.5279949360681929,-1.344847713266473
0.006490185928836767,-0.45498835999707576
-0.4694457646736281,-1.2658664229653989
0.3077242825082276,0.14523028607500682
-0.6157859064699717,-1.4784644192701648
0.9207781544497905,1.4168443855557555
-0.5354047917306168,-1.3849311222580836
0.0072083162465897965,-0.4695854556679167
-1.0292848389271785,-1.9259643379700866
-0.7993282208870157,-1.7038922678377337
-0.41175496234082387,-1.2414111062667794
0.3604696965576034,0.2959238986409121
-0.6177471647292543,-1.4740059740410505
0.940603323321472,1.3654067038431532
-0.8193044844070784,-1.7402636013880726
-0.34252939833865,-1.1361019739180354
-0.680598754848612,-1.5771838438572932
0.6605955722251505,0.7941315527514252
-0.8034737900724017,-1.7310304016933535
-0.31546072670684766,-1.1500135866312906
-0.6653154851353229,-1.6161606040249556
0.6882361926846284,0.8137745009524218
-0.5131895469451233,-1.328077423146929
0.0209075414372224,-0.5043545521198532
-1.015858916714603,-1.8935586961539557
-0.8216703667426174,-1.679823443915484
-0.40846085725475756,-1.236045521793933
0.3962267327813006,0.2681959837636548
-0.6011845427101634,-1.466465175850811
0.9892598675325363,1.3472306439790915
-0.5888408665446971,-1.4773289059157113
0.9439441299523393,1.3467840019815622
-0.7932937745194509,-1.7102262779998472
-0.31999029874087476,-1.138319536820228
-0.664432124058027,-1.5409547480264794
0.7626806961540654,0.812046180631999
-0.5227984016160934,-1.3108625543216348
0.058262703137939464,-0.4920435285750884
-1.027711608033138,-1.9065783040291426
-0.7971500883563694,-1.6725162127003772
-0.3981651479886201,-1.2196064174696661
0.3816133480219891,0.20460534247805612
-0.46912971234052275,-1.2647017376754421
0.3215946801839604,0.14106927778885175
-0.6008717809537624,-1.4468945407722453
0.9553988440995643,1.3161664460257674
-1.0315661048989722,-1.900172862625603
-0.8068906444669689,-1.6686858150533754
-0.7738181240906532,-1.7005021217723642
-0.2807842607019938,-1.072560669205911
-0.6794014019913178,-1.5312578553292535
0.7137134087516798,0.9127346728379888
-0.5266678279594018,-1.2752462419844461
0.019906689927675414,-0.41691428681853276
-1.0266272295676442,-1.9121908201436313
-0.7874361344916143,-1.6590335496679305
-0.4007498241528034,-1.1931211034964593
0.3826203366260541,0.20476431099424303
-0.5889194101878831,-1.4963753156262174
0.9148959568912122,1.2702602070084752
-0.8030073331227616,-1.7147916791250488
-0.3393818987369628,-1.1649972978666343
-0.6665831911304746,-1.5556314861675342
0.6928325177377027,0.740886910117476
-0.45845910043210236,-1.2936283243900946
0.005564712381729953,-0.466198788636512
-0.8057152205764202,-1.6959433600720306
-0.3124946242071535,-1.1120637818005392
-0.6733302192049687,-1.5599977424091478
0.679559210934897,0.8573834061591259
-0.5052591955423003,-1.3117517529301892
0.019602688287941095,-0.46696254431687023
-1.0262648228914633,-1.8791616798876811
-0.7928935048496786,-1.6406853608573606
-0.41053013334873434,-1.200646628821005
0.37154001120740465,0.17017264138474458
-0.5940478882836023,-1.4370025447183792
0.9936878575068192,1.370602387775865
-1.0041743872590396,-1.830625147085482
-0.7728458834524533,-1.772943810276516
-0.5429752394678322,-1.1140559303133142
0.626998409216689,0.4655942701294263
-0.6977111938763214,-1.3692671621869128
1.380287065556253,2.353780621124271
-0.9020359113504933,-1.6886567945218414
-0.2997733531863169,-1.1021588531337578
-0.7906452051701498,-1.5319345980884151
1.0471531454205425,1.4823265814447892
-0.6399752471044317,-1.2579721232522854
0.17291877252000687,-0.24935369458242718
-0.7020979690460194,-1.355241511231163
1.4846540365229668,2.3843517598055968
-0.9012460618805728,-1.6574190390174601
-0.2812567421511631,-1.1008340213267016
-0.7768516580060687,-1.4913404017785155
1.0991957760858329,1.4583776124564847
-0.6242129192497095,-1.2714536376752748
0.16026261419205123,-0.26620305667275107
-0.9987684983129141,-1.8268286000023417
-0.777410034431194,-1.781418092453758
-0.5341612579995473,-1.0535013766378023
0.64683389912372,0.6029764698136522
-0.8992958213000675,-1.6566843765870873
-0.2882482912644649,-1.1101187583324152
-0.7853130702416825,-1.479151031557606
1.006370523717599,1.4570861370257435
-0.6344752761463223,-1.2584516523396387
0.1598571715587691,-0.32274375322904864
-1.006534422694908,-1.801560422685973
-0.7820103011801826,-1.761768356211152
-0.5227986376327185,-1.0968738710756332
0.6044948434938383,0.5468393670962166
-0.6987209669236705,-1.3585915426302324
1.4339728779983378,2.303600343981152
-1.010634008486406,-1.7808106384583202
-0.779611934920283,-1.7354163767631574
-0.8801021606290758,-1.6377810476739363
-0.2714910877752635,-1.1212302553575804
-0.7802123765051525,-1.4844439532181277
1.0478771340998776,1.4506208018848867
-0.6273524841990451,-1.2347178276970725
0.17233930474319403,-0.25092660150488205
-0.5527130503534172,-1.0645809687266814
0.6098293813575318,0.6548684532150741
-0.7034946794565078,-1.3541188813629528
1.47527377720959,2.5316361817593207
-0.6324918500056645,-1.2393930590935534
0.15947914686035347,-0.19277991504498215
-1.004752136818152,-1.8041389411630815
-0.7689476699121225,-1.7559731349908971
-0.5168183989516022,-1.0568472455971787
0.6111459883130005,0.6692065260919338
-0.693322379304019,-1.3382880840813305
1.5231468613872514,2.460542735140065
-0.891025188357428,-1.6332939212834845
-0.28751851214031576,-1.0850015233616264
-0.7669923896308699,-1.481030603120152
1.1153765422129203,1.5786737954367287
-0.889149456944633,-1.6319938641637795
-0.25714724093843533,-1.1115459548717064
-0.7781554368849555,-1.479182207221675
1.1312506887319254,1.617254144769562
-0.6228750131199517,-1.2181068739560368
0.22445052641194618,-0.1570776122225674
-1.0052356397441198,-1.8316281481202186
-0.8068414741370993,-1.7360354966493639
-0.5120964928078859,-1.0530513572894133
0.6246318717254563,0.7266935360658293
-0.6999630094985153,-1.3493909020384518
1.404180229677141,2.585642258851232
-0.7082257739845184,-1.3549693762899786
1.4526798112032693,2.521839257743871
-0.8934061720017403,-1.672108011641633
-0.29298203193828576,-1.0745577835657372
-0.782232753162604,-1.4799227599866103
1.0925691893130556,1.6746187097304315
-0.6228311909449616,-1.2149166834457978
0.17026483103779977,-0.16111828371227088
-1.0031912093609614,-1.826246789303372
-0.7696671518344567,-1.742785346681165
-0.5216708016667303,-1.0157438703195436
0.6413950566468553,0.7747504544763484
-0.5462132336911385,-1.062521858862047
0.6272583629144018,0.7498121293119024
-0.6965153718986321,-1.3233680026295593
1.4904361213637216,2.668701612008328
-1.0099608483064055,-1.8274017958774387
-0.7683540984182906,-1.7445259784029519
-0.8735562818830804,-1.633644970733334
-0.2592352483916846,-1.0675599185001943
-0.7678442851486063,-1.4393249680609868
1.1258892215972476,1.6084384809999652
-0.6069783015149173,-1.185484539324408
0.17456941275600568,-0.1741759313138495
-1.000651000806799,-1.8123603638680041
-0.7732169085738327,-1.756332066574144
-0.5089873196698544,-1.0140712940398815
0.6756056908661147,0.7773772072775635
-0.6933772430263203,-1.318891369578621
1.5000449433532839,2.7771587036214327
-0.887546384148588,-1.6388840587721467
-0.26026391119934666,-1.0924570007047567
-0.7685675563545454,-1.4727753687146052
1.1321970184170378,1.7096193473380414
-0.6030430813490273,-1.1641738681211502
0.20649455836064845,-0.1231384672154916
-0.8789294611513196,-1.6452970900511874
-0.23932271729377574,-1.0741669508062912
-0.762868794299572,-1.4619701801874272
1.1105061790344735,1.7049069797154774
-0.6042336849809868,-1.1793944788547264
0.20749884738120272,-0.16517091067954864
-1.0053950853084106,-1.7975039123576744
-0.7630866654220427,-1.7292598189694406
-0.4981861497345446,-1.0202204035138471
0.6659365549932633,0.7898266842397168
-0.6814159920317369,-1.325571853627584
1.4715157665601217,2.736933300002931
-1.0078899263384011,-1.8036687164039986
-0.7713129212622394,-1.7487318430560788
-0.505070678084774,-0.9152211381674111
0.692924804201365,1.7396101126464514
-0.6809735268981316,-1.170567311179874
1.5367064315372532,4.757261993951828
-0.8857585075391614,-1.6300904554185844
-0.26577197170812605,-0.8436919313851519
-0.7707862982021896,-1.432345081473149
1.1562430953184215,3.2611411421511556
-0.6069160010021213,-1.115690786219542
0.23228951232647477,0.45172390815399416
-0.6833877764184071,-1.2346227376677734
1.5284118384069125,4.833908880530363
-0.8806200616454801,-1.6301258585177514
-0.2634984737967565,-0.828099528036617
-0.7614369143940249,-1.4094795910226345
1.1835243587627469,3.251330286846094
-0.6140348089911531,-1.0875524681984403
0.22062090782874366,0.455128783963718
-1.004212602867666,-1.781072759219743
-0.7669959919894547,-1.7348143741665873
-0.4991630367974319,-0.8663984278926773
0.70462887742102,1.8591113683700267
-0.876576146626153,-1.6290936177365167
-0.2446377857702457,-0.7997177032528857
-0.7592658134336646,-1.4521035963020603
1.137402041361617,3.3537370543867757
-0.6011176678877809,-1.0717487482976082
0.23587637451418897,0.4519777444344795
-1.004357129156714,-1.803841902775598
-0.7738042026104994,-1.72576559090791
-0.501651460270941,-0.7934487957490153
0.7337984116615855,1.8775941620726606
-0.6825392243296965,-1.239171748157418
1.5248511034892651,4.898485571718295
-1.002526252803999,-1.8062099072872178
-0.7798175706506527,-1.7298275422714524
-0.8645761259873239,-1.587615143980174
-0.23918757099278648,-0.764335671439001
-0.7570868464112117,-1.3878797525003606
1.171009353644004,3.422243524731057
-0.5965889349107808,-1.0479982798631342
0.2685310681523376,0.5226794203473157
-0.5202948820623622,-0.8179031054074986
0.6911307027781765,2.000100837445683
-0.6850143270955,-1.2408650764898879
1.6243597465228574,5.183181221347096
-0.6014788270000618,-1.058381638024728
0.2683014253880399,0.5481151407435199
-1.0027392458729958,-1.8053846803878661
-0.7620501903938635,-1.7324593067874707
-0.43255366277773744,-0.7742030870403473
0.7334091294916757,2.0013035725506088
-0.6780503375094591,-1.2094330754775526
1.5719931680145875,5.116371898931589
-0.8899794291836391,-1.6147558939487687
-0.2526692906436644,-0.7736928896271419
-0.7613866161915037,-1.4005737405617078
1.1663110697812793,3.5476040911442506
-0.8783433312878373,-1.6241917541542117
-0.2508136260170989,-0.768060807840695
-0.7617238461646398,-1.3870896651761315
1.1764023522887133,3.547767282768239
-0.5980696965153329,-1.0103592853933303
0.22791222849004356,0.5790335076214326
-1.0014475021166884,-1.805192176534152
-0.7707715206012502,-1.7379297125489732
-0.4845197094387085,-0.7578683632784251
0.7236356158335978,1.9908006649355816
-0.6808755841805929,-1.1756946061176328
1.6585000922507596,5.2886869989691725
-0.6853985537637287,-1.2445915021286922
1.5755864920913978,5.327397352246881
-0.8842916761820035,-1.63360576705593
-0.25804253774296393,-0.7368097361444632
-0.7550141717745944,-1.3734466004542927
1.1778739309486674,3.568679702997675
-0.5934174031699947,-1.0250353935669143
0.2588494063303737,0.5659640152614824
-1.0021840627300478,-1.8093816759238954
-0.7639707754134502,-1.7582912345462098
-0.48422403367525535,-0.8069182964936861
0.7746117384147192,2.0940186576372124
-0.5171534064931278,-0.8194196581634385
0.7180795075326042,2.091772246442122
-0.6742605997422134,-1.1780977919073379
1.6385485288629211,5.39559803939855
-1.0057291412204576,-1.8166205550107626
-0.7730627252086717,-1.7443564985372964
-0.8589990386880533,-1.589284708651371
-0.208079779965109,-0.7603537384008264
-0.7553997582984173,-1.3965956179171906
1.2290053443755395,3.5828882928169157
-0.6003058313307024,-1.023058881625384
0.26056730043543186,0.6117989670338342
-1.0022754961303932,-1.8087126351643328
-0.7627611816435139,-1.7335773021981637
-0.48497318605128653,-0.8112007831300918
0.7678043156792332,2.1369242319888695
-0.676609392100489,-1.1848668508688964
1.6661434626933906,5.407460637804498
-0.8834163203257901,-1.6270131539682167
-0.2372275166226227,-0.7410180618674097
-0.7556845622224503,-1.3757829431259958
1.2289326485605323,3.700242749147542
-0.5929246177670628,-1.0278384512200383
0.2722457619396733,0.6520031561062754
-0.8781957558984683,-1.6259621441952867
-0.20351350986626515,-0.7171765147217292
-0.7531673294450087,-1.3819744233482418
1.2196589186203504,3.6917653320129653
-0.5885648145660552,-0.9862863512710245
0.26989543146900274,0.6436952190608267
-1.002673137174549,-1.7942650357527643
-0.762484906675291,-1.734457981994382
-0.4810918166768167,-0.7627014780741683
0.8028647401680126,2.143755157699072
-0.6730063166860483,-1.1975102720417043
1.6690862058210003,5.496313511407172
-1.0007737003159554,-1.7900095682661263
-0.7574745952243778,-1.6701838258502744
-0.5820797677344377,-0.8160068504227735
0.34762166517453486,1.7691968419225204
-0.7522868714646307,-1.2206659903760737
1.0388852044067138,4.878424392424286
-0.9134659206086904,-1.638382636341834
-0.39115275155056617,-0.678319773576811
-0.8068495839399208,-1.408410214952608
0.7147499986932541,3.4833531947217486
-0.6909427298532157,-1.0567895349532346
-0.026440825157858394,0.6585780055352373
-0.7438475184892199,-1.2038819211716014
1.0356244533771668,5.211997511325622
-0.9150704711070798,-1.6594327647790719
-0.3940102135802044,-0.5972511837345403
-0.804908439732666,-1.3485275079713586
0.6959224091341735,3.610587023068358
-0.6683512560586924,-0.9108129236903248
-0.010543269162870628,0.9768478161996996
-1.0035971765933591,-1.6256064806638946
-0.7846791848622428,-1.488604256316299
-0.5784905116045083,-0.49060623389923647
0.3444466163816977,2.7091782965447577
-0.8878214363752597,-1.3345938166891358
-0.38248122002917045,-0.2570904409459749
-0.7903524512653803,-1.1153088242841718
0.6698399732650665,4.76224055767276
-0.6579485356557073,-0.6129719520915634
-0.03539647782529598,1.332559801770663
-0.9986899164262342,-1.5578022808125311
-0.7942433874613256,-1.3036736322850409
-0.57302864470906,-0.47573770714813945
0.27390555637638214,2.8273113095773654
-0.7234552256766371,-0.8942618728589464
0.9906919853579791,7.442269016364946
-1.0011634758824868,-1.4990472380061324
-0.7959744106775213,-1.3365104316878826
-0.8777876337846473,-1.299999947950318
-0.39270700321594426,-0.2701522088599069
-0.7935747212963158,-1.1216038005711693
0.7206782866862099,4.61188464950542
-0.6755006671145032,-0.6445051646390095
-0.023179393564416673,1.409732725431629
-0.5865605796903672,-0.39941243710784413
0.34926350930814676,3.0468654275117317
-0.7174671144839728,-0.8148662708730599
1.07144119205591,7.493964116700299
-0.6636146898100942,-0.6000954167203789
-0.017194498865664265,1.3309781141152397
-1.002778354913111,-1.5805358687885382
-0.7823896954573537,-1.2581968770428762
-0.5779674186051829,-0.3414085109234051
0.3565598034136006,3.064016270623712
-0.7251083633182215,-0.7947742665408899
1.0682250443893566,7.775881613342991
-0.8978638775294423,-1.274307328423254
-0.3896410729861537,-0.22872254936360198
-0.7918857832773617,-1.1145185541050076
0.7418450417563601,5.094885704041701
-0.8961499497033136,-1.346005995804281
-0.3887471755119497,-0.21225053271143407
-0.7825311880505896,-1.113061119928967
0.7812619599427769,5.646214664287488
-0.6442188830448494,-0.5250399668420582
0.026496893303254443,1.5374314142372318
-1.0025973795890792,-1.5417065627353737
-0.7850558355273188,-1.279251970264694
-0.5686727703108434,-0.3852781624901256
0.4064782129922926,3.3078145046613496
-0.7173984122348808,-0.8888669189326559
1.1005414514838585,7.783157654585333
-0.728197881206892,-0.8660783192335901
1.145801781731591,8.128226128100149
-0.8953495488427146,-1.3350827584846372
-0.37304849773722554,-0.205065270626764
-0.7894470748763044,-1.1109685791265858
0.8006180535790351,5.51574534560347
-0.6493930455156854,-0.5663314873923844
0.04057082317496408,1.5223343897796693
-1.0055677081902732,-1.5880007600718602
-0.7753999730629858,-1.3970857492383288
-0.5591420110373708,-0.5819944864051236
0.4352980075601275,2.3100303272153333
-0.5716070042699016,-0.6697091975213526
0.4138320148258464,2.374717326911142
-0.7106421619167456,-1.109237851367818
1.1200567186034491,5.672402301950141
-1.009414238473709,-1.7726417168185724
-0.7789272530199739,-1.6504281273966608
-0.8837857212916982,-1.5799043530835954
-0.3464292508132068,-0.6228286396263587
-0.7741527024579369,-1.3198803483463708
0.8221701151755337,3.710006287055086
-0.6368421990719461,-0.8833568068550477
0.059826280092929784,0.7811814413726452
-1.0016477811361197,-1.775505309597423
-0.7801498730512867,-1.679436629874575
-0.5417899277264693,-0.6291599469586536
0.46213704511414455,2.2454022086232635
-0.7035979792342987,-1.0997195588659143
1.2060244572492094,5.504932233470563
-0.8924067347701916,-1.563286348976826
-0.32553832665370414,-0.643989070800308
-0.7837142664356589,-1.3228219024637846
0.8854263394772969,3.9487716839252407
-0.6338794288275021,-0.853912264620923
0.08762185364213149,0.8981418236749219
-0.8800975054726643,-1.56961090212058
-0.3241447744184497,-0.6041136890545433
-0.7818147193508629,-1.3001899851166396
0.8903186971249285,3.8142007315284303
-0.631503321027379,-0.8660627320126308
0.08945589266972487,0.8043770466421958
-1.0043973927037553,-1.7752991242302782
-0.7719944255335587,-1.6773047116616087
-0.5302474041034768,-0.6774209761017964
0.5377121532472161,2.2833638956183697
-0.6969468817795227,-1.1252755540009427
1.3522367503436152,5.626072552967381
-0.8230973212624052,-1.7858226212982715
-0.7516671133797002,-1.7272921280495903
-0.6419114323391694,-1.5681738850842672
-0.6156181429402855,-1.4535374279101074
-0.4707741308956835,-1.3254277771540361
-0.2902847691395422,-1.0529029389785918
-0.15391925997101102,-0.8239441424990666
-0.016012207213434326,-0.6335227118446286
0.12063630502950506,-0.4140819754241529
0.252107462233745,-0.23584130141394033
0.37100092028512444,0.04404024772131143
0.4439287131492956,0.17743179229227002
0.5562516409838735,0.34729351365894995
0.6553002942925029,0.534295972292048
-0.8278557849554841,-1.8275153349030415
-0.7065625729112396,-1.6006277522498182
-0.6058687817889902,-1.4669228692126886
-0.5300245195579846,-1.3169881861603263
-0.4747958575249115,-1.179179987938124
-0.30904848866529205,-0.9104275230719752
-0.15507929427245432,-0.6414663256833458
-0.032830265608758236,-0.3951145391244861
0.08379937362541101,-0.20411206725822023
0.20020820617704016,0.05890549494010161
0.3183660070876462,0.21224482753627738
0.4213361549398221,0.42346513369191
0.5170486974643659,0.6521163155786063
0.644150619800831,0.7666439414087887
-0.8135989591442282,-1.84932910158409
-0.7405667507641661,-1.675315254758548
-0.6275351703411318,-1.5103579918742225
-0.5308240888820124,-1.3324228236575766
-0.47676302335949505,-1.216421543348711
-0.2394339897120361,-0.9757894024197311
-0.12316687891402456,-0.731334410241258
0.08363480160428971,-0.5045135452590712
0.12194981028428531,-0.1818698749561778
0.2339331388809116,-0.06337151958726367
0.35817235698372385,0.10311778451391562
0.45435554742065254,0.28279360151795846
0.5806039871491243,0.4638055950823026
0.6466569766203943,0.6126540257869761
-0.7730154876838183,-1.8499469378146582
-0.6689492485940991,-1.6875717169211666
-0.5439836186645322,-1.535863994441268
-0.49974290494587803,-1.4094190311779848
-0.3646007637522215,-1.2728216704801463
-0.18573681192886377,-0.9518425689484704
0.0003962828860167855,-0.7785990809569551
0.1517094707723443,-0.5685436485254515
0.2671625377670548,-0.34086761596069676
0.44722393675101235,-0.17722516977078567
0.5589176369917516,0.0647735258303852
0.6935526433890437,0.2673562353739897
0.8071195900982239,0.41514549855536115
0.9174424680581045,0.6136127100145772
-0.7487607310436103,-1.8476000178146448
-0.6183475065741595,-1.6603676746825646
-0.5044317567906691,-1.456926407875351
-0.38219918911710393,-1.3347376328786595
-0.33973283425329553,-1.154738803797466
-0.1387171373278488,-0.8966909875598961
0.024719590710347794,-0.6931354641334272
0.17182344775351321,-0.4584642016285435
0.33220195713343237,-0.27297473006836065
0.48294249259051136,-0.10260571471407404
0.5942766455924805,0.0695078757602774
0.7251323915220155,0.2639405948526526
0.8387557172135717,0.42225258296093554
0.9383146751487429,0.5833054764460204
-0.7760371502211174,-1.826082248319623
-0.6707563041438313,-1.653910232523416
-0.5837325737149898,-1.4846762846413775
-0.4640432912795876,-1.2968768613126775
-0.3836160652811662,-0.6796483162455453
-0.2198545166190653,-0.9125393425781794
-0.05206474874648759,-0.6246717153171877
0.08185114358783896,-0.4144025903105997
0.26767906636559724,-0.16626824709213928
0.3961667993040159,0.025897922842824772
0.552902260862112,0.20990634961890486
0.694645963016132,0.39229045516411093
0.8589128384766961,0.575749500815248
1.025586787594459,0.6465274411132746
-0.8231024539633355,-1.879740982122711
-0.42359495842521744,-1.2144573970034844
-1.0232064178449987,-1.3652829315154
-0.173136758676731,-0.5965342656241217
0.32755341030347185,0.4010880662810958
0.5747037636368953,0.7640271628332207
-0.8468758588185907,-1.8913459550808664
-0.4363182964157847,-1.2067096728418734
-0.12878896493789666,-0.5716019887720274
0.14831251626417785,-0.07811764585494571
0.377412314324992,0.39611388148454324
0.5972249820738188,0.7870669241780175
-0.7842430682860244,-1.860852372824427
-0.42467398838764425,-1.2003401235511522
-0.1141587538297909,-0.5546817162093174
0.14928216951647144,-0.060429639915182826
0.39348774422659494,0.3811314920583862
0.6199470403026922,0.8150170497690539
-0.8233182884551073,-1.8835081653438368
-0.48836202692869984,-1.1982768258871792
-0.20409125652181348,-0.559773331658783
0.04887094084477894,0.01210361173490676
0.3533723073199605,0.5290817682136104
0.6432643055527566,0.9166089731453984
-0.8239452548708052,-1.88532002641453
-0.42999786315988103,-1.1214926773137277
-0.10489884661579868,-0.46712991550394
0.15718652036502023,0.09929047792256568
0.4999544706462581,0.3982369073395487
0.5972778684884513,0.9832476832765746
-0.7905170975234682,-1.8657017532985118
-0.427869967942787,-1.159926473650016
-0.11461501328959084,-0.519212402162447
0.16983908601751407,0.037242842488481254
0.42420857182874105,0.5253971148163652
0.638118570154996,0.8634772774341293
-0.802004205122739,-1.8658148670981411
-0.468086402713515,-1.219204590925061
-0.17869799147120713,-0.5788412975252464
0.09244978002145876,-0.04971688803773308
0.33363468325085,0.399101996253533
0.5554246838001787,0.8538865756574754
-0.5997549582036987,-1.5270390057922376
-0.21710520826535784,-0.8803211426966964
0.017595771891396716,-0.28484406639620113
0.26680368282429867,0.1910618991583432
0.5316884419756306,0.6319386320924458
-0.6111763334957931,-1.5020586224250192
-0.25104707506241103,-0.8617513266044985
0.06363861751771549,-0.282944665195056
0.3264498886633287,0.22213113779147592
0.5441198162327251,0.644951014982678
-0.5344604307036798,-1.4489199939926602
-0.25689614724645926,-0.8346312958547446
0.0314037389125027,-0.20643918058027555
0.3150891375394983,0.3275275953697992
0.4540111878149752,0.8015704129623338
0.7905977056578074,1.245297575003312
0.7357739699441309,1.2360393920937578
0.7367206038267987,1.2163836424570131
-0.6452535587441928,-1.4892027741896727
-0.3748512751472556,-0.8727164646929186
-0.07602626802819479,-0.23652388105141608
0.19114587131809657,0.2527618087382723
0.4293352936320268,0.7295487297789018
0.6844546140618414,1.1793994070802016
-0.6306707987316662,-1.4756824948424543
-0.2530100434950855,-0.7083643678181517
0.03655761092035581,-0.08582071853168657
-0.8030364105001825,-1.8721138105945436
-0.42283621169410723,-1.10252016952515
-0.09619002029416235,-0.38217885331008355
0.7873096638353486,1.4242229465818326
0.7583552667600023,1.3572177534388217
-0.6136924144384817,-1.596316643175229
-0.49087786689612645,-1.2376560640683134
-0.6922067845657874,-1.5989010706693023
-0.4878355595875137,-1.2227993035464038
-0.6814058728010508,-1.6131457995143874
-0.4911354631450269,-1.232410884831612
-0.6431342038559412,-1.5977747888257599
-0.4840351775504426,-1.3194527005204975
-0.6808111454112618,-1.5903449489235804
-0.5198207617671109,-1.2430322355372057
-0.7108434923797206,-1.6296383285358733
-0.47656646242382494,-1.2649096045297714
-0.6371481260388272,-1.654264631342892
-0.4724686515745746,-1.2030283276234457
-0.33956573029121345,-1.7283082992394538
-0.5601059409873472,-1.6022695267764542
-0.43040935114352996,-1.31402671247578
-0.3048880469070125,-0.9782458552185369
-0.16717401535965926,-1.1013954487726942
-0.13704424432577916,-0.9186913938262751
-0.10791053267176515,-0.8218953908565856
0.027674990891348727,0.03407626107856415
0.2945344121194735,-0.5455027737709766
0.27854013852986215,-0.2797468184745882
0.41965615712385496,0.001537584063232178
0.5204852367710663,0.27522190201212376
1.6732814646841931,0.5286163193005533
0.8066290948843019,0.6420419897349787
0.8776443939080659,0.884906302794505
-0.7632448518510982,-1.9149372564182023
-0.582028294190261,-1.7037298655692314
-0.4434967175800793,-1.5265539111362745
-0.15237130940133536,-1.1493054601534831
-0.0008255578032175803,-0.97544704538295
0.08324171583848683,-0.9226190456146377
0.10875154524900177,-0.794553074315592
-0.33941770904434615,-1.429090521657549
0.36234201489200213,-0.6405121006619883
0.49833781541383393,-0.2955638216948407
0.6356282302146418,-0.12650314185446815
0.7148473099741343,0.14639385720229875
0.8057076679203897,0.4016221451949013
0.9564470431377688,1.1481752252696689
1.086725311094729,0.8998682363414798
-0.7739723083104281,-1.8787409328941809
-0.5689798255300108,-1.6822821505731553
-0.2612806788815576,-1.305382907621605
-0.15425436887210514,-1.1413978739685786
-0.08524290887011216,-0.9663542483493723
0.024443274143731375,-0.8030397994911007
0.17452367788782797,-0.15623745427277086
0.25477299613132476,-0.4522605404595362
0.39221554671536973,-0.29926758437008066
0.5595266092007473,0.14759944838038647
0.6783364377787598,0.27911446310529103
0.7344607896964702,0.5295652475915484
1.0687678312611766,0.4729474309895895
0.8588700017818526,0.6379785193394818
-0.44845570986425637,-1.4439424062757704
-0.7623324331691441,-1.8432419666855657
-0.5869900389598272,-1.729431408217531
-0.4314569993091804,-1.4017169174720925
-0.2998013011958983,-1.3760109522409345
-0.1884559649712339,-1.2257095104651508
-0.054263972289096185,-1.040999643762077
0.04133377564443497,-0.7945243521391752
0.14282206614398396,-0.7517184517627865
0.2384360665934061,-0.23447454003086532
0.5426924494914888,-0.3663714106274026
0.4775237653397729,-0.2743164316967225
0.6615052094033295,0.05371230839131186
0.7656576382649657,0.5819665258786202
0.8247241646928883,0.5310497430665622
0.897388586751462,0.787087003567732
-0.7437676546810496,-1.9163732160468052
-0.5959624741627739,-1.7005945506615328
-0.48685935868109187,-1.5436209830462375
-0.3438377020389062,-1.362693304709289
-0.22335833925858722,-0.9874145839441444
-0.14947834241866242,-1.0464102028747464
-0.06194562588806307,-0.7168643050572501
0.07997321813099934,-0.3668757975466757
0.2014270562285979,-0.5531395730688579
0.28263164890238335,-0.3848515200231403
0.41784473827963375,-0.11339420740298278
0.5902110787560305,0.4623784012581625
0.6526598907658135,0.4386029929345335
0.7492053055469593,0.6940926761719162
0.8015765520564292,0.8796168142675913
-1.0231109702550738,-0.9763542546180599
-0.07061252164905263,-0.5547655882004348
0.49380682458983205,0.18805353264997193
-0.30671946242977355,-1.1258927705597448
0.6938124743961221,2.274798939848951
0.7201055786837486,2.0735036486915193
-0.6847126270491312,-1.0409681193372369
0.5077036062101618,1.6478845819537318
0.4453902231823449,1.2565727909777378
0.4249282266673454,1.237360910218411
-0.46071509021661944,-1.0598861345658948
0.43108122896046164,1.3078012417652618
-0.4491556513949376,-1.0805258733034706
0.4401614050814754,1.6677541949130705
-0.012280548644252876,1.1568980550543762
0.21024166430477065,1.1004419761381565
0.32251473112177154,1.149143114744572
0.33445871877564604,1.3468961102311643
0.5705037662869344,0.6865790768126627
0.6033438683425593,1.4468227526280302
0.6358363645625448,0.8704368366312762
0.6428116966811012,0.6762356088317141
0.6813888381481216,3.6982948428288545
0.6635840567985353,1.1086900658104926
-0.7756983759245585,-1.9521183187512297
-0.6674483936732609,-1.69693982244705
-0.5711716597293923,-1.5800974128192333
-0.4957762721007956,-1.4435351603819624
-0.43272874234798486,-1.2856121256787794
-0.2759074751888865,-1.0235805317499085
-0.1393175196347909,-0.8290833314318546
-0.023514190875052243,-0.5141332909295457
0.07940083492376637,-0.3827578190432164
0.2144833547955307,-0.18661667077242639
0.2851997749446571,0.05835886949000346
0.38307605002493517,0.18751467213598372
0.470869544402449,0.31529441600696545
0.5695399343233317,0.5802305594900408
0.6386152840957161,0.8150233713927628
0.6076981874921158,-0.7107515216943501
0.5367771278923344,0.6659860918731444
0.45814282373377135,0.38601995772790415
-0.830828155561621,-1.9434481636793004
-0.6867353045829074,-1.7033370181392857
-0.5902270865562641,-1.527764436372723
-0.4851543071608433,-1.3528450861496617
-0.4418402373111248,-1.2722996243897085
-0.26153327209014,-0.9389857028964792
-0.1415275355232053,-0.7644508641117831
-0.0013348722801951318,-0.5271940542721651
0.08615687879959222,-0.2648292616224183
0.18725582353346915,-0.09360363676246236
0.2732759557169283,0.1031228046413597
0.3579901720909493,0.2763630372095573
-0.8488712225790975,-2.02590005103435
-0.7280467811394348,-1.8743594321059271
-0.6316709640559566,-1.685014742296129
-0.5227945342719938,-1.5151846987913051
-0.4366611491725223,-1.2614324876423224
-0.35296685671870703,-1.173337592504095
-0.3111667537067657,-0.8244346491179255
-0.2890854356090776,-0.9268848128986864
-0.13827652560649362,-0.6332663941605239
0.0007042711930682621,-0.25070451550614725
0.0797812700395022,0.2093933572381999
0.31949562200213755,0.6634402027083488
0.4636553986729667,0.9518488003913221
0.6724351593188919,1.2594914060800109
-0.8124942931566553,-2.0579674889008515
-0.723041764812161,-1.8516029835989893
-0.635355915985356,-1.6966634673722818
-0.5420138002050939,-1.4882190515658864
-0.45757845410518977,-1.259145338489968
-0.37848560463632797,-0.9569222789566514
-0.2954131749013063,-0.8731403313151398
-0.2354652378651898,-0.6754009480292487
-0.14594678769014918,-0.2361651181032186
-0.08262283826505962,-0.2596228778976104
0.13081867566378003,0.23434781556589362
0.3683026070162111,0.6997899358061646
0.43365041821916994,1.2251703411203665
0.582143845981039,1.7845932170910237
-0.8301627849093889,-2.019194733602551
-0.7171682283377724,-1.770697115475606
-0.638496352921119,-1.5775723536866064
-0.5544356098053884,-1.4199888857745635
-0.4265414713229722,-1.124920645390483
-0.3813642526221786,-0.8430554837710238
-0.3230292938058048,-0.7895418390492188
-0.26098100713366174,-0.6698395151613237
-0.16977960942953152,-0.28072220988863655
-0.0254275729751009,0.2239256172208715
0.006323795653445652,0.407998557081
0.2570447842068543,0.8176228811751829
0.4025544035897205,1.315911041866234
0.5553198342537881,2.1846724729976628
0.5820442482899305,1.7638161579126967
0.5079224533175734,1.6345004935761076
0.6305802331725235,0.8406193135240234
0.6258382800376793,0.5867057087131116
0.07968595174698179,0.2881208845611642
-0.09978109811788932,-0.16206512023587683
-0.22907089097018424,-0.5658557642173594
-0.32310861900263316,-0.7517548276341713
-0.3796954236503691,-0.915085481370062
-0.4581506014698456,-1.116972938797173
-0.5511004529553177,-1.3640609279127878
-0.6234031375732206,-1.4476934034465376
-0.7399099976470831,-1.737191647779831
-0.8574826790475599,-1.9851712323487316
-0.8593316092858412,-1.9978837821711688
-0.7252017106792296,-1.7600158709004357
-0.6204958592255768,-1.481941151773907
-0.5538006347187173,-1.3448912670851119
-0.47483532755050756,-1.1214251238819517
-0.3885085315831073,-0.7761886627050918
-0.32391063168525897,-0.6782866296309522
-0.2594923770088698,-0.4857309246937324
-0.14543482725034063,-0.004469583143003553
-0.03802299062408521,0.2717875844469489
0.15069158046722353,1.3680846279724246
0.2825276069525291,1.1145622343863866
0.4689808146279918,2.5457542571166845
0.5679842771180349,2.007813577774075
-0.2963232183784649,-1.5346893160332982
-0.5358861672389441,-1.560896026232434
-0.5023053239069487,-1.5435811452690482
-0.4789643307251087,-1.4861875329666128
-0.4548262470775745,-1.4419450524084354
-0.43557074958962094,-1.3571393534527925
-0.4151724843654687,-1.3460843329693604
-0.4039712880142422,-1.4621672326821438
-0.34816551396113793,-1.2462733279525993
-0.7953641077408391,-2.015581344687933
-0.6302884868296105,-1.7519659501192488
-0.5985791931712238,-1.6950184559068788
-0.5648527452548402,-1.5761503233944376
-0.5279559929898378,-1.5437170411131387
-0.4985727252347266,-1.4922062979489004
-0.48779960090455965,-1.4924379620638464
-0.45945131219155666,-1.2669151672139618
-0.4496958460880185,-1.2693046495000058
-0.42705838022597864,-1.3020606764192229
-0.41750644879069176,-0.9085301978408307
-0.4030825936753006,-1.3871869449368464
-0.9063131444808037,-2.152881233790422
-0.8187157739007996,-2.043985938545753
-0.745344295656518,-1.9322306859779947
-0.6927697340498675,-1.9119552366575836
-0.6574214867106779,-1.821424281860832
-0.612369512698687,-1.6527442097024485
-0.5618541303475268,-1.6382772338471396
-0.5382140144505569,-1.5255542467770222
-0.5186468057690774,-1.5048864104414328
-0.4912976007546715,-1.4618141957981172
-0.4695715875693084,-1.3634148028032715
-0.3571608115167252,-1.3437518648403013
-0.42194472025246893,-1.3242960989074268
-0.41788571652704865,-1.2517186300978362
-0.4028731403208937,-1.2014890905471516
-0.8563572623945508,-2.1007848351802467
-0.795374484933857,-1.974590674368689
-0.7359588486695416,-1.9132074128076315
-0.6911548565495677,-1.8001222725606212
-0.6505624747933625,-1.6677253901417488
-0.6042014736722486,-1.6783222514590337
-0.5087434586588766,-1.5954079296518877
-0.5314551030018914,-1.4590114617218968
-0.5152027741888313,-1.5542490849256985
-0.4908824892597373,-1.4188076719231135
-0.4720867938218804,-1.4061451399596117
-0.45390225996178235,-1.247942860689706
-0.4276033518636004,-1.2774928460480937
-0.43514147455123586,-1.386082509278974
-0.42867438477138137,-1.3589916402963842
-0.8989061562515182,-2.1313667733970383
-0.7774392757115024,-1.9953367577944514
-0.7435682491746174,-1.9016167078813442
-0.6902911629657487,-1.7891805798736897
-0.6483389648806004,-1.7028176266068806
-0.5708650985766183,-1.7187474788129349
-0.5701896269070541,-1.581063216806344
-0.5451547049321858,-1.5154816563213183
-0.5150947140169544,-1.4551776943860002
-0.502088330654795,-1.4290612952142692
-0.425031547041911,-1.4470238226017251
-0.4618881512179174,-1.3240757811275117
-0.4446719588310972,-1.342963344898031
-0.42092691419869405,-1.343545134226695
-0.9021541153071686,-2.098398548333677
-0.7533797837241014,-1.9121438082133448
-0.7081104007357168,-1.814989732584402
-0.8625968461480735,-2.1317607531292855
-0.7854293163743535,-2.0121705364181746
-0.7336302495799447,-1.902208971094804
-0.6825167055821929,-1.7833687749835405
-0.6467714534439671,-1.734406869807752
-0.5720904239688754,-1.5480859734786572
-0.7772468607291226,-1.6592303584840478
-0.568322571115353,-1.4340143371141978
-0.42888432429282153,-1.1829007955907207
-0.36815932893190995,-1.0321760096382324
-0.26711648761396256,-0.9349244930614067
-0.08063605910035399,-0.6040166765999815
0.06610476204898819,-0.3170241078397237
0.21400389409458154,-0.12960203262088882
0.3381844652124639,0.1394416032060215
0.4898792247239886,0.37873280302096196
0.5981113444564,0.5843312337613187
0.7223416186128974,0.758671610011592
0.7853493216383366,1.0000265019444265
0.8955809617576566,1.0774904997522337
-0.7613288630246342,-1.6457802017567653
-0.5681164345523658,-1.4174945467566866
-0.45471934604007247,-1.2233279368630872
-0.33772303523319036,-0.9949678468118375
-0.25859203427585015,-0.9004891024718777
-0.07177076033225382,-0.33586468468092795
0.09080927278471074,-0.25459378987556874
0.23278030204545808,0.00511950106532677
0.38366508794157583,0.2299773488341897
0.4916591971859047,0.4039539436480674
0.6033075510805573,0.6429966671601217
0.6837178877323725,0.8392236314062782
0.7982586795054324,1.0242753078886027
0.9172060636501672,1.1429944034334203
-0.7541298384786332,-1.6744546432343728
-0.559203408012603,-1.4055093053882062
-0.4261770330743676,-1.2102512512112489
-0.31669856906809624,-1.021257828190565
-0.2233916164271456,-0.8735175392940815
-0.022355596572578795,-0.5317770048578452
0.13411191113140897,-0.2326993993135646
0.29157659601999475,0.015920411280897218
0.4026362381176971,0.28660179740567465
0.541664942462203,0.4902877225344329
0.66138087840312,0.716245601731667
0.7386241466151312,0.8869785417562439
0.8689969296733518,1.0983715647395558
0.9530358441536014,1.2409534136697715
-0.8354218039100565,-1.6770268961171755
-0.5419700360639337,-1.3984200956317137
-0.4161670838828277,-1.1871903977569656
-0.3043299311707366,-0.902968778694045
-0.1889498031939305,-0.8454468364935013
-0.024065724815698575,-0.5070057643736036
0.11171846533041396,-0.2131716767241526
0.30405966860897227,0.04662843003995221
0.40500361335164436,0.297766675598297
0.5567938894562748,0.5171980450817675
0.6510131036800927,0.7459898421979014
0.7473732014706821,0.9901692088608745
0.8557321887999215,1.1077326915060284
0.9503738278636432,1.248855041098891
-0.7499451877257075,-1.644280149320371
-0.5384054856999976,-1.4122737035772517
-0.4324075633749278,-1.1919713112469825
-0.3291431482985303,-1.0014388281917628
-0.20619007471932072,-0.8247692695968274
-0.028272905586311903,-0.3129568094063097
0.14003297697852024,-0.17392534791444786
0.2751033155999254,0.07337401879352146
0.40734041642620733,0.33074962857516405
0.5288379606502217,0.5468090678877122
0.6394142399086006,0.7423250050412584
0.7371049222036122,1.010380738820546
0.759871387642349,1.1495626193699728
0.870043875627483,1.2869000088627505
0.21982311000139632,0.16931974674209965
0.34788427272177824,0.55789053496782
0.48224357225077175,0.7239208588301884
0.6059544485778973,0.9894090900105259
0.7288447238558172,1.27133920136297
0.8281224801146526,1.4933780873719809
-0.7665900776397884,-1.739711689890354
-0.5897871599395017,-1.4714580028988626
-0.46778393091039183,-1.2246215593798135
-0.3606621658938377,-1.0613084508565576
-0.2786347020849634,-0.8629008078733014
-0.08198986681252673,-0.45048346912555176
0.09121767947068204,0.6407859092413914
0.2363094153765155,0.22532891202870325
0.34950051550207395,0.5592924506209569
0.5097376207908154,0.7761284814814668
0.6170249930321724,1.083636949667113
0.7021050844180797,1.2821287315269008
0.8124322800008662,1.5078073697189571
-0.7784721275314739,-1.7669033075883196
-0.609173057731302,-1.5064691625387534
-0.4820072422654407,-1.2571253831018658
-0.3945256041785212,-1.0600072029239929
-0.32228388554146975,-0.8595584822977909
-0.13123587101732942,-0.46913340620260946
0.026101713803141635,-0.13110470393363002
0.17914147995007412,0.18235541335565914
0.3137746602023883,0.4991922925327669
0.4386990211821554,0.7799562836340745
0.5636789689086347,1.0122265693164658
0.6735678313350483,1.266206097758252
0.799146975502452,1.5229347425493611
0.9336395246574666,1.7124517692679966
0.8751404797748875,1.5669243457938329
0.4310402506459371,1.5638281529765576
0.5773983173485532,1.5010812325407108
0.6747732072448717,2.3358890848392253
-0.30981151745249963,-0.8281092146407314
-0.3410740265891955,-0.8217140493407904
-0.4937452545009617,-0.7348366110052114
-0.3327624949526967,-0.5910702319338696
-0.3032010046269928,-0.7899511202839913
-0.28933026651061683,-0.6928231845644017
0.9212236057867914,2.626186761799936
0.8561759136576684,1.940489856241063
0.9641810383093407,1.8923280235646518
0.8869462974033878,1.8404233640442438
0.6989174041623699,1.4261137211740667
0.6643483154503301,1.4310366858957855
1.1180394384348058,1.4072037002348852
0.8547493581793909,1.4316879943471539
-0.7710078011440312,-1.7342627655100336
-0.6102189712459819,-1.5115462925780456
-0.4971557895156437,-1.3335788404786661
-0.38279582131593815,-1.15158715948404
-0.32080945832346064,-0.9737760606551968
-0.15474715654600013,-0.5759431741632771
-0.006356317011738666,-0.22650229564428212
0.09786694642363969,0.06944936936080154
0.21354155328021585,0.3022299735096326
0.31895642751635644,0.49498231088478234
0.4697994678770617,0.643947710000571
0.5830873372717228,0.863343078643404
0.6703103743592512,1.1040129008351773
0.8056010647162958,1.293494435790506
-0.7698390242139607,-1.7418649271983182
-0.6027130476872374,-1.521685918134796
-0.503703252244095,-1.3174475044816
-0.41326689622823526,-1.1330208572193856
-0.31234306933975425,-0.9563416436146612
-0.16640587856646255,-0.5971527557577716
-0.011516374961297093,-0.3254204713293604
0.13788045460805753,-0.042969714021614897
0.27322815754702034,0.20189583430914887
0.3983071929781363,0.44275599657790915
0.5117563451464467,0.686382970975014
0.6366002645167007,0.9350760222622836
0.7342818937601053,1.1676950760621145
0.840362908068811,1.3914732951822597
-0.769417755478804,-1.7201599258970346
-0.6021962304496885,-1.514227351812807
-0.5064757689185382,-1.3152255192011686
-0.41261978602976734,-1.1368930365421503
-0.33884894204849336,-0.9915396719979495
-0.16066766572662888,-0.6185486832781415
-0.04564621533774471,-0.32537159055942155
0.09267463215224836,-0.047373445809954035
0.22056635146139425,0.19692180843594537
0.31864649018042956,0.42757888493599455
0.40893742743547123,0.6593712616577339
0.5337007099903616,0.8829074327422028
0.6607531735960818,1.1027547457208227
0.7363095420380062,1.3148716686825628
1.1724940364570728,1.3494708138480105
1.0447344680445596,0.9960676627110188
-0.7788597876367772,-1.8322451653908238
-0.6230389297567258,-1.6548105525037173
-0.473771514343904,-1.4764113047563678
-0.3951982803326762,-1.3103513465907957
-0.3305071175152779,-1.1638526038775172
-0.14202237369977055,-0.8617015541740085
0.02106897283539777,-0.5585405230752202
0.14906588390377407,-0.3506039023542445
0.3610951749314252,-0.0529040022855706
0.48109986493621404,0.28997084749961394
0.5052470585286456,0.6289321190410848
0.6531031915324274,0.9333447014650702
0.7541426622024844,1.211722465166746
0.9204372148607404,1.4219368507665753
-0.7505291941586787,-1.7362747082671761
-0.6083845520883174,-1.4892141639517966
-0.48181284386094625,-1.254384132645093
-0.4165482930134822,-1.0948675500152203
-0.3193390111364458,-0.9432948083115757
-0.16554059152858497,-0.5899787257432785
-0.031078400036256837,-0.34323470280644836
0.13762341172001769,-0.0696523615023136
0.25513242154247173,0.19476127288747985
0.39085750589921053,0.4056796311094408
0.4999706335826014,0.7032451600081278
0.582882255681033,0.8592086934816496
0.707960930453225,0.9677461076478864
0.8694337933850705,1.0741971462680908
-0.780246372706551,-1.8323576269215869
-0.6172595029164729,-1.6384705707231015
-0.5023991859437135,-1.4484475972264172
-0.3876615430934625,-1.2741248895747692
-0.32395710024256047,-1.0999240936783645
-0.15903746089751108,-0.7473911010442498
0.0029462411875228467,-0.47513641809055174
0.15361060736751975,-0.19150884412015912
0.28652850992134704,0.07984110351020474
0.4005115122951921,0.3384910640452939
0.5130863642909919,0.5671803196901584
0.6281897501669033,0.8107986602538835
0.718886870480728,1.052463815663396
0.8409715110402792,1.2380461755457863
0.8878552573745243,0.7765264173556039
0.7409182171585661,0.7823057091747923
0.70913907741778,0.763760376954415
-0.8256677989370926,-2.1253492823107454
-0.8055354025062577,-2.0400835007515012
-0.7445748294341128,-1.946674399549611
-0.6940404792529612,-1.8525373396935731
-0.6369026446497077,-1.7623749107755935
-0.5938428325662157,-1.660400432443206
-0.5440518754157019,-1.5604602309504576
-0.013327065699618834,35.42577548873231
0.3147735927267299,80.93319148205941
1.7796628457609196,56.276057144902055
1.1931616289825624,53.74380185572275
6491.205879362393,-1.3795685702548925
3.181083659008166,136.88041088287
-0.7132436226877821,12.382595008796189
-0.7838481015557094,0.417128759981864
-1.0396840607783844,-1.993890636189303
-1.043627236517248,-2.0054214187803043
-1.0460381645120145,-1.995999637618539
-1.0459575399110437,-1.9982022210906771
-1.0435775336094484,-1.990452415898174
-1.0449026563175705,-1.9968618096277784
-1.0440578506916203,-1.9998416901528246
-1.0440653362901624,-1.9815906339652927
-0.7600691222674727,-1.4252394107419586
-0.6792409067145664,-1.4695262143387637
-0.5382585099370839,-1.271956378973262
-0.41428584611487584,-1.0727214305997383
-0.31194632465574956,-0.9098537498339456
-0.22849887430074478,-0.7436424789012313
-0.042982304404071026,-0.39678460126710957
0.11462263100667813,-0.10703378563732152
0.24406228719158274,0.140805194757538
0.35516710998765255,0.3863828523967045
0.4771084154162092,0.6044837641444718
0.5851627142955734,0.8032881581159765
0.6863383538978972,1.0268992708350106
0.7631725067138287,1.1900283505764206
-0.7087314312952704,-1.5460314077697088
-0.5205291916878818,-1.3025714441652794
-0.40408698742731686,-1.104592196805569
-0.29627774044086985,-0.9442086277833075
-0.21974241372218895,-0.7867681810248599
-0.025026143846123894,-0.45558930361242933
0.13495504565346073,-0.14054503088757764
0.2659730724557078,0.13729035749927887
0.3807009688605568,0.374057099813831
0.4803725199270922,0.6028744954728524
0.5843442979253092,0.807282852781714
0.6957867669722274,1.0127256706767702
0.784662630685015,1.211359634244982
-0.7149159410781704,-1.6056803835530908
-0.5197050075852198,-1.3437696462642446
-0.4084813946055383,-1.1256156253953278
-0.3138031326307249,-0.9636398139931566
-0.23104740733724322,-0.790411791377724
-0.03839394136948249,-0.42162209160218983
0.12497614686167091,-0.10026202620991148
0.24995478280856287,0.20297206111611
0.36679375040202866,0.45747290121033873
0.4931296375109858,0.6803266097766516
0.5853292185761135,0.901477432028758
0.7244333843234066,1.1428285661330482
0.7768074191126503,1.322382243311728
-0.7061007341134405,-1.5357302953509644
-0.5128168456880828,-1.2591344705583392
-0.39269085156257777,-1.0322775837105753
-0.291461229390633,-0.842921912717554
-0.20958465903278506,-0.6940981633600161
-0.008121421590451705,-0.317876780364272
0.12849552079920112,-0.02123530934650847
0.25736402635989764,0.2663279991137188
0.37853871892050706,0.5329429445408136
0.47738728506194794,0.7716035700129953
0.5771636901398277,0.99056285725894
0.6708388599223317,1.1862860798058477
0.7668904132571807,1.4072840361002776
-0.7112586210380394,-1.5661889102268256
-0.5369247011782774,-1.2572076780753618
-0.43022672928687183,-1.0582620616380203
-0.32901158381170365,-0.8901170126157318
-0.234484900517185,-0.7551174569515091
-0.08401350521131151,-0.430387292721714
0.07447854057887515,-0.14065925160138365
0.21340054571369005,0.12150943201443948
0.3287021194189117,0.37267678031825474
0.41595796553129993,0.5965091538924236
0.5277753492214591,0.8484791615718739
0.6105037603456743,1.0185970298461013
0.7063897323969978,1.2153127137399042
0.7078930338548249,0.7558727460324943
0.7265619922836418,0.7818297167529649
0.6813002399436664,0.8046482590170425
0.7049343059078058,0.7906312395825048
0.6062494931318497,0.798395249710832
0.733581068409283,0.6556155681246614
0.7832690687040281,0.701551586154433
-0.17084388098225822,0.8719718627050121
0.6201985905373905,0.8138193507724603
0.4754715165262561,0.7577445444119109
0.42053209732464947,0.617556385836191
0.769088626075522,0.7878703001264478
0.7358783429579491,0.8455259902674876
0.751996368852795,0.8429477699286938
0.9077081040758036,1.295093084815642
0.923527172702249,1.1513348619429848
0.8937325920716285,0.7118119785055437
0.7870147308105951,0.5656052628444694
0.4634437890820772,0.6453531104652066
0.7415709648560195,0.7112809645378368
0.8528306726277611,0.8551488415449411
0.6677368859277221,1.0385087969750546
0.9175375650836181,1.752704715654035
-0.7818753998058768,-1.7307110201588476
-0.5877542570117014,-1.4653290495362579
-0.4696527479909559,-1.2029881786909926
-0.37863714348116884,-0.956210207550239
-0.304010164714693,-0.7635114178957487
-0.12816020052181792,-0.300713051026472
-0.00012351282879519143,0.0784206066222562
0.1324632680371105,0.47320155597269536
0.23503631861835872,0.795519713271124
0.3601215484493864,1.158040172511591
0.5067928851186473,1.4394201423921555
0.5904897028134383,1.7526468553216181
0.6766720165419827,1.968972680751848
-0.7477024630240388,-1.6497501190557031
-0.5868098973801724,-1.36105498320419
-0.4785515393751759,-1.0730268096675382
-0.3793993278361044,-0.8691959835887786
-0.2979247818455848,-0.6365481743563455
-0.12381312576989056,-0.2018240766644957
0.0067117510383729595,0.20275263850285968
0.15680388473871576,0.5869229255468611
0.26461705583392525,0.880805702079213
0.37085329654733834,1.188865850987631
0.4762618452648312,1.5189825048779664
0.5840655117605217,1.736352582229739
0.6776188598754983,1.992647204684131
-0.7459011494660858,-1.620692322242597
-0.5754303276243797,-1.3085280653956377
-0.4744228099390996,-1.052058497139821
-0.3838671086074503,-0.8292522923465573
-0.3031445889741089,-0.6318804953891582
-0.1329816588555222,-0.18394688374261278
0.014932213716859044,0.1905112574266486
0.16212226759686144,0.5531122849807146
0.2730962006700566,0.8955953744414902
0.3773835730406385,1.2009530254934262
0.4946806443477859,1.4730681818466533
0.5668596742331174,1.6938744521937004
0.6385227586402665,2.065584673815367
-0.7519017734427216,-1.6435187162884506
-0.6062523993453314,-1.3356613844506138
-0.49731049125690807,-1.0890540487439009
-0.40340530061047597,-0.8609874530747788
-0.2948902390062474,-0.631511058160444
-0.13634807830039447,-0.17675415947486386
1.5003709967000667,16.200779380812126
0.5377664294098706,2.060899338097668
0.6924370111891215,2.515866384734649
0.6686124005568622,2.7484126737795997
0.8106573157548599,2.598678726931769
1.6635905727550666,13.530984259883432
0.6611765649996205,2.8926106302850094
0.5771218658780207,3.243745707787932
0.6854813840850574,2.5213589282376403
0.6749222509727896,2.369169547721512
0.8716970563333802,3.0740341198902636
1.681811937950632,11.84028293060912
6.072846957771963,393.94912098999947
0.6270042983374312,19.772580726558395
0.5692382665086516,0.11035602716893539
0.624399529459747,0.09467193159076909
1.1470254552994654,14.120798969703538
1.0269887019901356,9.063449114411714
1.1876267251083301,15.163301860000763
1.3730813754166018,23.587710930059036
0.8277732010390121,48.175129277039126
0.37478768569591325,1.3928899116977624
0.6281312325926437,1.0702882504229687
0.7342134344951611,1.139683765498213
0.7328094504324093,1.2093730907385956
0.9298231817549009,1.807404554262089
0.7244904694319251,1.4852809293208136
0.8998408369909375,1.5987163930118875
0.8939634331992136,1.5772685382155875
0.34062552755251396,1.0632233547226837
0.7036288955584838,1.2343975688194164
0.7035323720284995,1.2388814683244926
0.7030806777312467,1.2617544744659521
0.673658526841766,1.6522947611665417
0.49258711654058496,1.4584486328215627
0.9092045791947571,1.6650125133858351
0.8913837218508579,1.6315820509683006
-0.732117252837126,-1.7229319936313183
-0.5790653035608531,-1.4713570951159691
-0.4598215268433447,-1.2335778202408612
-0.3841970540113494,-1.0610382155137275
-0.2912791597298194,-0.8714500396550877
-0.10669365631873984,-0.4904595308863113
0.039964141641477546,-0.1522748098623911
0.18728376646195777,0.13950514301590372
0.34427728271458213,0.443934699017923
0.4627706201013527,0.7548364593943206
0.5353827873468183,0.959005990973413
0.6704483028850706,1.1916789733597724
0.7593064982318157,1.4357622456853478
-0.7293871660051233,-1.7067261309530108
-0.5745149548530873,-1.4528650696365302
-0.457584279145818,-1.2289485486947396
-0.3532259820437643,-1.0275114632391344
-0.28874784746798865,-0.8629126398445883
-0.07023689878985118,-0.46288128395381356
0.05229318718991882,-0.14252417900785128
0.19780368170673446,0.2051857861586776
0.3189235173568289,0.4718150915152352
0.4241450180473042,0.726242738182743
0.5286645187828928,0.9908971004398401
0.6425905658935264,1.2337499893002992
0.7761942656608073,1.427889328285714
-0.7375378150998549,-1.7109518330087758
-0.5800285278020407,-1.4569205040973634
-0.46442516729233413,-1.2394934285427825
-0.3723840804167114,-1.0387549841257746
-0.2990748844256872,-0.8127950134363902
-0.1518588031416223,-0.46050760228900767
8.681669681653847e-05,-0.145046687888048
0.1617068473345039,0.16640602833284207
0.2704312568907159,0.45678405356136115
0.4221709970033122,0.7257969007600598
0.5024613688684615,0.9669198108614541
0.5920058002807193,1.4770362579120717
0.7179103508352244,1.454967951422228
-0.7410285886776352,-1.7024817005854371
-0.5712232913442078,-1.4221167109012987
-0.4621945160415281,-1.2055563302877188
-0.36361318381332325,-0.9996663532126919
-0.2823339584021576,-0.8043496606211198
-0.10624219216999226,-0.4005631543141431
0.061564864328228386,-0.03883845292744151
0.17882227132010375,0.2661277222084059
0.32793693364066356,0.5779421737689254
0.4516771228982862,0.854839073334881
0.5042754087247915,1.089362874570558
0.5993059823849484,1.3349941873735038
0.7552178766740484,1.6083948764353173
-0.7274198164392545,-1.6766615794609552
-0.5656846552751068,-1.2828611219848713
-0.44816725098381444,-1.1620453930926877
-0.36469942012871814,-0.9675587504904231
-0.2833612596553034,-0.7714632953073006
-0.10396616268521836,-0.35731641541561865
0.05270242829423466,0.005406414937464132
0.20065403612384125,0.32535117624541193
0.31338798573647575,0.5979552873585843
0.43904388285060036,0.8867877792999574
0.5460610569222984,1.126789971017854
0.635339602632155,1.353453620953023
0.7390987383905735,1.5890354053025604
-0.43269735554317723,-1.1910496418125867
-0.4612033932315918,-1.3213638644744452
-0.4565989543043093,-1.298431428825271
-0.45038526725080374,-1.289959381348937
-0.6403396531299744,-1.4729493725679061
-0.48462348476115036,-1.53472479543861
-0.4872005309315003,-1.5257208503478772
-0.4947423709005837,-1.3134464409800926
-0.4811057392833546,-1.547398538249146
-0.19495691282194322,1.1251928268327671
-0.25357802124698886,1.197881423822175
0.45162618997982007,0.8413501821270397
-0.21206151634352627,0.4749531659037484
0.10116602723412382,0.8178772175601594
-0.1258287516996749,0.6702863037252866
0.7913205043239703,1.0206534550309938
-0.18251995254687264,0.4602592363032247
0.11518744864886132,1.1032179138312392
0.46771958949712944,4.2871077183092
0.0763712787303118,2.4701571708839913
1.0369664992409389,2.3144162486133695
-0.16893316643130457,0.688203637233034
-0.027302265531160663,0.7116974588230263
0.06460436719381468,1.0758972811081524
-0.11765978111516107,0.43929703992927643
-0.010410895264580722,1.105579012456128
0.00580030257417441,1.0620202990079104
-0.0032324877539555708,1.135138927392811
-0.08845018592641724,0.9680841177607222
0.9692613022077871,2.2815174420363853
0.7004297370751006,1.2939072612013909
0.3718745188737407,0.8647381723776255
0.31055231752334433,0.9499067236108845
0.31548805443370553,1.28132634841384
0.7985183130396009,1.5657458756819858
0.15680534917217637,1.2128121185268856
0.01010691440605882,1.225128700817192
-0.29970182196178013,0.3233504375829556
-0.2585374333651713,-0.12627765873790325
0.09273267823361697,1.5775942507302294
-0.17745765875155556,0.9471294382805446
0.05775596459628185,1.2853100785135432
-0.29060960992443186,0.42180568594780016
0.24580176148407074,2.097703584690808
0.4245695209359234,2.293636263992366
-0.3095601347414764,0.07841687993640284
-0.3038821758670428,0.09890825568292821
-0.30959372156071774,0.13127084112923
-0.30420457848029847,0.11653736101415252
-0.29475289535260085,0.15566753250465099
-0.31131330162024334,0.13966916628807508
-0.31707637969695285,0.13501296898136755
-0.3007893575176792,0.15809550473977269
-0.305749316280997,0.14285776962825297
-0.31229957529042146,0.13618730239355487
-0.3008237586468751,0.1499360641891631
-0.30466399968350494,0.13325784806012125
-0.31215310413370545,0.13822512459061193
-0.29824620535008994,0.16823108080274202
-0.29712097153931444,0.16580195055526942
-0.29682662994816056,0.17626484813493398
-0.3018039245893955,0.16232226455053983
-0.2955693218442272,0.16075312657264867
-0.2972656386650244,0.16515975268385436
-0.31002037246026104,0.1512047709606688
-0.4269231760915283,-0.08987168216994823
-0.4163956877832352,-0.10510076670056501
-0.4154624822461796,-0.10275432291542769
-0.41687901513624637,-0.11460932841625715
-0.4048221145457333,-0.09687177384599649
-0.40900019010115324,-0.11351093480128288
-0.40421529251007127,-0.12053653094166378
-0.40841702348424946,-0.12144595907537686
-0.39766770605367263,-0.09343694405816849
-0.40440646904427013,-0.11566801094802615
-0.39765179213286583,-0.11532956036049247
-0.40250622407553815,-0.10342578429487631
-0.4042739639200261,-0.10646664908880576
-0.39518461174447167,-0.10787101497689239
-0.4143059404533068,-0.10500509014339116
-0.39695581648183154,-0.08476384188379193
-0.3999804881813682,-0.12202370028927645
-0.3979728982120254,-0.12248198329324828
-0.39790952140877495,-0.09557829975400339
-0.39603675731358134,-0.0994975903287667
-0.5286071885378425,-0.5263090105102277
-0.5175304875002312,-0.5422701376500951
-0.5164216049134321,-0.5533827476659414
-0.5176211819989979,-0.5623261767973509
-0.5034384517781771,-0.5389527400822824
-0.5083006130894206,-0.5582332205956935
-0.5080398609694989,-0.5554131468723615
-0.5062852338758915,-0.5519158809813944
-0.5111043599197505,-0.5600475681850374
-0.5053426784480088,-0.5478291353358289
-0.5036124205016077,-0.5674500454249092
-0.5047568075378843,-0.53788921692586
-0.5033172602272653,-0.5498156825762371
-0.5012884834662414,-0.5582979657445459
-0.5013219642947091,-0.5725580599103046
-0.5026095136577491,-0.5494385195337177
-0.4976725933680748,-0.5635915036099702
-0.49868175767145206,-0.5722959813517119
-0.49981471166463254,-0.5440430724038914
-0.4957375297080539,-0.5804803690186622
-0.6274591318233681,-1.0597734177146025
-0.6259599707809573,-1.051012650275774
-0.6208695598314501,-1.0534236443806104
-0.6197967154704687,-1.0693624942033826
-0.6158491545522754,-1.0650489433232537
-0.6141289649701138,-1.0637539336476756
-0.6135143470865845,-1.0537693289893217
-0.6143976414953967,-1.06483574467871
-0.6136896083007496,-1.0637895347628978
-0.618493369071519,-1.0673271468524883
-0.6158525936300913,-1.0768172766909276
-0.6123185808084552,-1.0597851271336187
-0.6076483825352427,-1.051704901000418
-0.6061751617481296,-1.0559433419395678
-0.6168733644290088,-1.073485461950541
-0.6092146759388747,-1.0737516625308432
-0.6070246505122179,-1.0667115387962525
-0.6058387996847655,-1.0760755029429123
-0.6076831473017638,-1.06240933192041
-0.6041726466821266,-1.082061081942348
-0.7641116235118396,-1.5643954565889988
-0.7590271713942986,-1.5514592604040205
-0.762572540653628,-1.5714413041064499
-0.7629421267299251,-1.5513064646257066
-0.7605029538087866,-1.5521488898085452
-0.7651306737523723,-1.5650244699629117
-0.7635447618752067,-1.5611012778617852
-0.761603532692896,-1.564655279310626
-0.7581765877388651,-1.566686276783374
-0.764227514436092,-1.563682984087241
-0.7633518895076912,-1.565363420630656
-0.7567063223943649,-1.5663708903370788
-0.7595786561110748,-1.5417926899314673
-0.7595313093947889,-1.5620224325566296
-0.7571609896992897,-1.5583338796570665
-0.7599048632209292,-1.5639267657314162
-0.7605012003721606,-1.5639107806520811
-0.7576351604573492,-1.5602782176647934
-0.7643318870763425,-1.5572723800265669
-0.7543490853634334,-1.5670160443762224
-0.24934423096297054,0.3514889088818904
-0.30766380261827336,0.43902287280011526
-0.31082149047852686,0.28634732451567174
-0.299941669614784,0.28419269771383354
-0.2936473331789006,0.30454773520808603
-0.295591544306094,0.2974019978349331
-0.2925106962963602,0.2978503139784385
-0.2990016166194254,0.3205464043419785
-0.3047742528976039,0.3362174606982677
-0.30420487017031533,0.3254023040894231
-0.28976641650232227,0.5858165163216351
-0.31362714513318046,0.3359531154412995
-0.3001243845950116,0.3458192204538772
-0.2975307746628805,0.33897614844532525
-0.3022787725054141,0.29868084438511916
-0.29531558297741534,0.31768805297709596
-0.301040767296779,0.3242159506914854
-0.29685630450507583,0.35023927570685837
-0.2962994378203635,0.34024569057486004
-0.30257200575824766,0.3478043885658834
-0.2939105755358602,0.32660283416243335
-0.2619072484207785,0.23236576237740042
-0.40522012872916624,0.15584705762510442
-0.40296508270067877,0.1918263444435877
-0.40134419782720027,0.18781490261777378
-0.3881668225246248,0.1746125844466141
-0.40188044489149044,0.1770589463088772
-0.3896373759291997,0.1717107901413949
-0.39517284668845715,0.1676307187746685
-0.38797812337935234,0.16609891479644945
-0.38993791382559395,0.16305766792715737
-0.39401515766879813,0.15745570713428736
-0.38921791768893627,0.1696723328126939
-0.3907882986691509,0.156019867278806
-0.3960530543627725,0.15542375906893824
-0.38943956542434666,0.2031580488373741
-0.38935525867731524,0.15966252126623204
-0.3931024655777583,0.15957087548276283
-0.3836187063511215,0.16950024849855738
-0.3877753803182473,0.15978390142970733
-0.3926882577183458,0.16631000861252943
-0.39086064846920227,0.17150163337965196
-0.3444355111712819,-0.18847500059672095
-0.48230036097916607,-0.2560605920297185
-0.4738667812984195,-0.25246837553154994
-0.46475184283106147,-0.2485882569301311
-0.4638346251034411,-0.24887815247236006
-0.4658966171824719,-0.2565864989023751
-0.4589676614839349,-0.24465772449726347
-0.4621060208762562,-0.24328707635413532
-0.46283801466266977,-0.24250206988537493
-0.4629069870902236,-0.23497141140679462
-0.46437443373658766,-0.24929099786400216
-0.4575198362375972,-0.2478514987216316
-0.4600699409462192,-0.24666229545502993
-0.4590008558253835,-0.23545225482408755
-0.46140621835585915,-0.23404564531653466
-0.45877533128092773,-0.22069608603848684
-0.45768206441120873,-0.22024612076371874
-0.46176715264392887,-0.1980852405598536
-0.4631759135264883,-0.2110409455713254
-0.459608443831184,-0.1922197160948807
-0.46087091745854175,-0.20043476887634454
-0.4647069956421857,-0.5554348663826123
-0.5714493907528354,-0.5957007118704853
-0.5679164743247452,-0.6036300510009136
-0.5650376070763921,-0.5949750941055427
-0.5613130175042055,-0.5946233974984956
-0.5628703778229657,-0.6109676197381015
-0.5538807868724532,-0.5919902428103432
-0.5604822491716572,-0.6125175914193841
-0.5580653441490154,-0.59420208233583
-0.5592732535724385,-0.6172580377800809
-0.5556392526169223,-0.6062316812352326
-0.5551772053487779,-0.6116494664533025
-0.5565200443133911,-0.6150304962192121
-0.5554534538959404,-0.6117436253719961
-0.5537747260978181,-0.6145065378591693
-0.5548922486043497,-0.6302741982777744
-0.5596349031763656,-0.6256475969559967
-0.5623748955895138,-0.6223025336556159
-0.5604111081511906,-0.6261989230338256
-0.5590181319405848,-0.6268514620584842
-0.5588793603848901,-0.6400235401029823
-0.5999040829993708,-1.0706467415320127
-0.6929586687664108,-1.1200175768856586
-0.686951162567708,-1.1206738762368313
-0.6862341193656311,-1.1226129780259448
-0.6805299064630911,-1.1032136109750192
-0.6791541361245641,-1.1236335570095763
-0.6809707667685094,-1.12622579307602
-0.6729548409526961,-1.1055301447582404
-0.6758446655478733,-1.0976719656540668
-0.6749116780924382,-1.1143596857114537
-0.6821757877607769,-1.1129014489115825
-0.6739026996560381,-1.1103763517658425
-0.6790535278547847,-1.1075473820305932
-0.6743164887356125,-1.1124476675285864
-0.6745327311611027,-1.1023473745921413
-0.6720114392359735,-1.1004365939332035
-0.6717795347034298,-1.0916328227146341
-0.6713291973326179,-1.0821373679978747
-0.6683695568180865,-1.084780652169437
-0.6726574248716618,-1.0777192373866078
-0.6742144141528817,-1.0751519834295824
-0.393603871795146,0.3323113862877129
-0.39044803454901816,0.3986044951056334
-0.3905046570175503,0.42846260391472507
-0.38600314800209107,0.41606438379841587
-0.3820846411349091,0.4577382749125883
-0.37965220749873607,0.46698328094153824
-0.39266604351458456,0.44449868908426954
-0.3859610710200252,0.7829020670116953
-0.39381973828103345,0.49574611442562816
-0.40310897606023804,0.45490166726942577
-0.3962395068053097,0.4381687908001242
-0.39492814886590355,0.4165463347662233
-0.4008776122663532,0.39928741301032705
-0.3953943982808401,0.38869035246153766
-0.39778207972813157,0.3693729002051492
-0.39233723646770075,0.35146090453144857
-0.39724671894392793,0.3324072978189691
-0.39447913153515085,0.3241387120188079
-0.38862654081229925,0.3310255282914893
-0.39026449318464895,0.3144783113788467
-0.49233804145520693,0.35787624717776007
-0.4866734819995542,0.3556618303708184
-0.4818343537742243,0.3903622763165789
-0.47607822028092983,0.38534164577401925
-0.47794071918203596,0.3981781024211965
-0.47483815501697924,0.3688392703344327
-0.47545217627728886,0.3795991040287711
-0.47489419278984885,0.37723485204382784
-0.46928054845807854,0.3634768004362418
-0.47482446272415957,0.3819424163417579
-0.465800877580231,0.384457607953906
-0.4686867306159731,0.36328216143547715
-0.46576271376826023,0.3885060820729899
-0.4768330263029007,0.37167405998964426
-0.4688956443791571,0.3639496826948326
-0.4622532032548938,0.3619068648166978
-0.46805816858972077,0.35001113657120014
-0.4612208145482797,0.34846898647140606
-0.46605917196888746,0.3079793051114295
-0.46107557567904056,0.34086952201697857
-0.5657018738535035,-0.1150880140811274
-0.5605374571625507,-0.11288412133976289
-0.5557887983175116,-0.0786965879315929
-0.5500271324612019,-0.0676628781413034
-0.5539450651831249,0.0035650115214906353
-0.555762492493655,0.03162150365067157
-0.5655171012216713,0.061007038753482956
-0.561465727065864,0.06112904930918289
-0.565549503363943,0.08635168150938405
-0.5553197500037046,0.06559523505229098
-0.5577195629716426,0.10291176100948579
-0.5619465245311419,0.057462045297879516
-0.5591120456228852,0.04995938579770859
-0.5584286715639575,0.09848094218824616
-0.5534784508645046,0.043399697855584674
-0.5626984698499534,0.05953371742606556
-0.5562370954849132,0.014563838082787883
-0.5537531948754213,-0.0011370090030550783
-0.5502370894253487,-0.005210564384201921
-0.5433926882246205,-0.049298371946802144
-0.6429240095318633,-0.807596153354899
-0.6428608532322276,-0.7731517704460548
-0.6472308730389007,-0.7278302093347861
-0.6512962626268043,-0.7163085520637391
-0.6438814194011081,-0.7197874564566791
-0.6439860363079092,-0.7001856510769701
-0.647998636026832,-0.6942276401509287
-0.643147506029413,-0.685127451912242
-0.6442829533764041,-0.6647625710350858
-0.6413207167277937,-0.6517288619703131
-0.6434374359817455,-0.6578920856387631
-0.6461832367907715,-0.6487115459554789
-0.6394367678776826,-0.6538256600115229
-0.6359289117462027,-0.6502402925323658
-0.6412658843622326,-0.6411185666925456
-0.6433279965833407,-0.6284377281615401
-0.6376882335373835,-0.6170647885339701
-0.641323190932841,-0.5996854249392618
-0.639621255182171,-0.606706824766089
-0.6431179467638473,-0.601934089614555
-0.7596078347971753,-1.0687114794794406
-0.7547553007693009,-1.0581790124280304
-0.750543058667029,-1.0356484492421896
-0.7500495468028062,-1.0247465782506595
-0.7508559152773331,-1.0371623458758252
-0.7484530065463008,-1.0424807625030237
-0.7495275229851543,-1.030331095789256
-0.7467080297235749,-1.0404770431162735
-0.7451195390680209,-1.0286175777664734
-0.7540511693304552,-1.0226004080495767
-0.7451353030575325,-1.0062930886676293
-0.7467545937284699,-1.003565260095928
-0.7488513312475794,-0.979808443417489
-0.7470874968242368,-0.9664696635584664
-0.7494056775429803,-0.9727807004497526
-0.7509159389228505,-0.9659763958852334
-0.7488509782681032,-0.9609280104353572
-0.7546069077567363,-0.9672003955013118
-0.7509106971444753,-0.9601817812393594
-0.7532486082027807,-0.9357358558200322
-0.4167707641880173,0.5562528370979558
-0.4221691967022704,0.5861911142015086
-0.4232000206815555,0.6287516969730458
-0.42071805637687565,0.6127238148411338
-0.4170323621870622,0.6333025803997476
-0.4201395204757269,0.658893125688599
-0.41353718601025735,0.6813012463964703
-0.41822722926849,0.7153359135570021
-0.4213798546074673,0.7248767882037457
-0.41478722586387295,0.7151295670858044
-0.4200280030748683,0.7254093363609551
-0.4172642288770336,0.7493453637957819
-0.4196711348386851,0.763006041284219
-0.41953941191588745,0.7695450585157417
-0.4238425060881774,0.7369936604676639
-0.4219690087715636,0.7071903395889012
-0.4175641698233936,0.7655121426478431
-0.40932539374353427,0.7603174084526081
-0.4066357708425148,0.7726837316832884
-0.41057519584357466,0.7897778979059644
-0.4147918072674076,0.772597223629969
-0.41037431942219404,0.8123140002236746
-0.4207376154949586,0.7733627011783029
-0.40928342273941076,0.8103464962287494
-0.4122885461472246,0.8200037226881021
-0.41230065263028337,0.7919169055242896
-0.4150913576474281,0.7785087023597226
-0.4173735306266566,0.7823309796959117
-0.4158415882054343,0.7854894113847462
-0.40913624105161295,0.7822199972995136
-0.42082745795954124,0.7859076047441296
-0.40767465900714706,0.792604494174088
-0.4132723856870282,0.7878437695692044
-0.41124421461281935,0.7885279310754587
-0.41352968012083513,0.8009452118650362
-0.41431698981749787,0.7914596826984812
-0.4080998921167962,0.8049412021137932
-0.4097071928489633,0.7907903134738685
-0.4103502821402076,0.8052821156002348
-0.4105529046381142,0.8187008061050409
-0.41270275121246014,0.8018093569563765
-0.4075884755690995,0.8244619810854423
-0.4084623430728582,0.8222585223205765
-0.416898524692937,0.8402112343885222
-0.40802757631947506,0.7979374842526867
-0.40955570806404606,0.8685987125657595
-0.41062267671935626,0.8477640072685821
-0.40665016291415274,0.8448282354112704
-0.4105917881514515,0.8204249303315552
-0.4082556664710716,0.8371172194436327
-0.41195752471461994,0.813411293890205
-0.4090086661245549,0.8149834433459489
-0.4085071476994193,0.8273040874323656
-0.4065032989857186,0.8333648179075235
-0.41392330629224955,0.8121317239605153
-0.40357046766515176,0.8120954021026887
-0.40187156788021594,0.8323247442926625
-0.40112218714150516,0.836441166878866
-0.40424742967399074,0.8543084996714865
-0.40134178396930525,0.8120814355418571
-0.40321236417596895,0.8133014109327752
-0.40206186033713276,0.8452061251818987
-0.4075542208924813,0.8269984743432117
-0.3978032030483083,0.8719370447083095
-0.39675650089027625,0.8413525926659597
-0.40620173334468024,0.843567693377691
-0.40497445821455613,0.8338198432048063
-0.40393503450649837,0.8441992967145173
-0.3996304879445866,0.8364817931644342
-0.40340000821502,0.8870542184670047
-0.4050024657855468,0.8564228521277397
-0.40556347014637273,0.8563273390547186
-0.4053488928004789,0.8523294546973261
-0.39492159241202096,0.8954796227772419
-0.39376386594951657,0.873137189753801
-0.4018063212964651,0.8569690262817597
-0.4027873688174578,0.8567144814418579
-0.40400643014208776,0.8580443881795545
-0.39694573275956935,0.8467986368445715
-0.39888167602879676,0.8349961078393504
-0.584063110184507,0.46322912470084804
-0.5275949981765599,0.43632250924683086
-0.516330437103417,0.5024461228494592
-0.5075134502319614,0.446563821605607
-0.505747669933931,0.4366014979433202
-0.49546652869307495,0.5996847436686825
-0.4927670608528101,0.5969224006954565
-0.4598860729521166,1.7831478598616861
-0.49471730172641804,0.4970433220611646
-0.4871406819143684,0.5117199664271668
-0.4877088130755439,0.4805018075328705
-0.48726511556200175,0.4535822473544962
-0.48586634481867524,0.4811641763523978
-0.48566097381052653,0.5067669920985403
-0.48362025382124924,0.46644309841352755
-0.48027730977790617,0.4772073507351707
-0.48204061852025487,0.4866062840371304
-0.4831758045019292,0.4550147770938269
-0.4797144456829835,0.4766255346221047
-0.47840054101895774,0.4992743078849638
-0.47765808582593877,0.5062664482984958
-0.4822819318223577,0.47434139258705504
-0.4744601934378557,0.46197505024229374
-0.46907791367410795,1.0466414936765611
-0.47721892320269876,0.506967709775721
-0.4769861555652555,0.5217632168901842
-0.47373913166818166,0.5172217059487774
-0.47535755513032224,0.4924196940794468
-0.47137531525374865,0.5440891932859251
-0.47397225200716897,0.5245949631433422
-0.47678678550628706,0.5244710305377951
-0.4780618251821715,0.5338940155468472
-0.4719104024905988,0.5355640747763337
-0.46601956217078533,1.3942575821586425
-0.4729305979911157,0.5408073347303541
-0.47455500211053464,0.5345018842185774
-0.476239471657378,0.5091288618442118
-0.47150912656314886,0.5326596440785905
-0.4703477586415728,0.5452679180149993
-0.47430043273498523,0.5120097572184481
-0.47481940026832203,0.5587153963781242
-0.4782974491101743,0.5250899572826935
-0.4758559974320099,0.5159047104353816
-0.4677977933762709,0.5294994176430645
-0.46332267264233934,0.5621676180801096
-0.47643008520938895,0.5277385395781578
-0.47352636803635106,0.5050571939467732
-0.47517468551790537,0.5062950989466808
-0.47059876376934423,0.5129398067345585
-0.47382051118560753,0.518383541759859
-0.47211391302566463,0.4813974853982766
-0.47084774354929276,0.5056482663155073
-0.46875230747714947,0.5334456722601837
-0.4727034098514881,0.5067835320419207
-0.47729430981385224,0.4754892928993522
-0.4743060455103552,0.4654542027670521
-0.4727620625839084,0.4596816908717101
-0.46517165592998777,0.4453400629156335
-0.4607845010757379,0.41935759618666096
-0.46374187947532375,0.3913491876139971
-0.46196191967250766,0.40573569335105925
-0.46343463069358387,0.4031369202561595
-0.4655140042653726,0.40892768017725206
-0.45990438792922766,0.42717070746423286
-0.4645499801413367,0.457514107792332
-0.46608268160210936,0.4746996460342557
-0.46865509879804784,0.4847450431862897
-0.4674608792087084,0.5426716617417444
-0.4701946839006133,0.5177088379273564
-0.4737739463929962,0.5313250240713994
-0.4710851723197977,0.5148098983280454
-0.4691202413770359,0.5423169890428772
-0.4726987928657233,0.5295230758897862
-0.47245351678816794,0.5587824299158375
-0.4731909332760576,0.5403440237334411
-0.4719789838437063,0.5729050708855712
-0.4714429837354957,0.5527388854007529
-0.47059690142670035,0.5576453675755959
-0.47157419739659856,0.5445721895447497
-0.4744309893025674,0.5538919752602469
-0.47977052541227366,0.5441180191046024
-0.4716210631406735,0.585937235151379
-0.6747045882641779,-0.015171735553639876
-0.5672744903769633,0.07116864371850168
-0.5638567410766785,0.09975778043492939
-0.5673399404449845,0.08678328525829676
-0.5646196191821397,0.11024394970192347
-0.5547042052043967,0.12093035430866778
-0.5659170507950747,0.11367529526981895
-0.5559025717465587,0.11928088802779929
-0.5631027778853315,0.15158359877662836
-0.5611905185352757,0.13435009472896547
-0.5627485545406551,0.10296230319427219
-0.5580745206761938,0.13520843477231942
-0.5578743835295754,0.13405470428902105
-0.5564441901432506,0.12586888327878648
-0.5580534558009663,0.14158480359498865
-0.5586055445247888,0.1408769866648178
-0.5544902104184313,0.130624852286445
-0.5586324486599143,0.11639583353729593
-0.5596124569670958,0.11248117955048592
-0.5557872367088017,0.10936521908710933
-0.5580486658089857,0.11274423015869944
-0.5524005575236235,0.1221122507485069
-0.5505211971047256,0.0982352219876716
-0.5493078889050856,0.1313159402423632
-0.5554082116700261,0.08442212756616357
-0.5594977771139843,0.07937570823967849
-0.5550399164618453,0.08199747365074356
-0.5503631381551108,0.11079047356681276
-0.5596858228595321,0.06306798245595474
-0.5489989496213091,0.1069731724627026
-0.554309131930653,0.09541813379576886
-0.5538462005426839,0.07449294060975525
-0.5533742471973944,0.09433751261680651
-0.5584709557173287,0.07576105068141464
-0.5575476441440301,0.051649667798121246
-0.5563086412228744,0.06437178105230973
-0.5585084887831822,0.0686747555090344
-0.557159636448365,0.06048054658627772
-0.5544677881805455,0.10044164214594481
-0.5590691545004739,0.08191654135834309
-0.561172910265997,0.060182744945262934
-0.5593484181508928,0.04810031751722171
-0.5610299786681447,0.08787788385076606
-0.5616279641748169,0.08157956573406638
-0.5630228114112144,0.07079229679220861
-0.5528370818598131,0.08054343447902229
-0.5541275802914045,0.08226637071803472
-0.5581783520717832,0.11999386340296142
-0.5567286859766452,0.07381493742971595
-0.5570336491127169,0.11246025066396365
-0.557532416637824,0.1087641894820181
-0.5573727695715673,0.11759196971872893
-0.5570065447647397,0.11004321560751434
-0.5579941050540244,0.12877500577242357
-0.552280000864977,0.12716947071776336
-0.5550957024198292,0.12542313954072698
-0.5545506436406871,0.11232412602513925
-0.5537815606796518,0.09960079059118104
-0.5621059035566772,0.13025462988166686
-0.5589145954886524,0.16407963018418287
-0.5634362710427144,0.07468391026459403
-0.5519121221098363,0.09515405684379302
-0.5579486535959507,0.08158330750769943
-0.5592316562459099,0.08352547365493296
-0.5575311891553922,0.06942275113679325
-0.5536643759749317,0.06375374076445178
-0.5526005159248435,0.06438651820766067
-0.561587191795974,0.054836271083938126
-0.5540602264304431,0.08699061326644636
-0.5551846490615288,0.03806349385311286
-0.5508951173569782,0.08079730718669659
-0.5467135529488465,0.0947756305013609
-0.5547401296396293,0.0536673562627516
-0.5623309148705211,0.06746116760301385
-0.5572837142876599,0.07368874637315431
-0.5543218181083509,0.08325807189428519
-0.563270989335615,0.050209943731364615
-0.5617665817792031,0.07119748978023482
-0.5604213205194166,0.09013218294417386
-0.5595045566737626,0.10117966332835843
-0.5640690047156225,0.07952809289221935
-0.8789092665327596,-1.796243675540554
-0.8813726330138054,-1.7814250752491365
-0.8858317932575422,-1.7823102015219725
-0.8799136962699268,-1.7528181219961847
-0.8808707956844726,-1.775674080699232
-0.8783183033465048,-1.7737117841836825
-0.8802898200544709,-1.7692718447902949
-0.881388323907111,-1.7737649503808148
-0.8825327245958497,-1.7570126178807277
-0.8777306996504375,-1.7624476071303918
-0.8787880220126767,-1.7657819458252533
-0.8801213990858454,-1.755573797752939
-0.8805875214436643,-1.7667623852493362
-0.8832146724324776,-1.771171842195506
-0.8796139887323693,-1.7708850264751508
-0.8784935551325778,-1.7765823100902403
-0.8808346335439097,-1.7906072304234895
-0.8773460130571343,-1.7775982663647982
-0.878042898755153,-1.7910348686470314
-0.8775805096853364,-1.7885628927801782
-0.2772894671426275,-0.5981343215166588
-0.6424933642117044,-0.8534188986958837
-0.6398465530932286,-0.8557357085676445
-0.6396797018505852,-0.8353893011289977
-0.6340665829799031,-0.8332542964995415
-0.6373589123868003,-0.825657351819733
-0.6342191933183199,-0.8028376341012693
-0.6295854390991141,-0.8099570723436724
-0.6338758539589713,-0.7911295341065205
-0.6324195246249124,-0.8023275575392508
-0.6286736940214457,-0.8002599907886234
-0.6238437911640988,-0.7860852358454999
-0.6244545092478728,-0.7978521205656048
-0.629047525703918,-0.7935738167867872
-0.6309202790006608,-0.7846709102023542
-0.6293636682338658,-0.7569337389310569
-0.6296230549984434,-0.7746463054133739
-0.6269298444130531,-0.7647267097459032
-0.6322950320799438,-0.7690963380865583
-0.6280781849062679,-0.7743058348339297
-0.6293049340998882,-0.7677313355177512
-0.6257161001058399,-0.7735541410016387
-0.6275423117294455,-0.758484430139718
-0.6278578164167166,-0.7723285669204094
-0.6274510899095473,-0.7642112742742431
-0.6283838333094235,-0.7528491755955163
-0.6210977048447425,-0.7667609795138015
-0.6219892979740148,-0.7888493835674915
-0.6159881675055368,-0.7995289931129228
-0.6156234606959867,-0.8069375710773847
-0.6139484860739584,-0.813222531454374
-0.6148673409440868,-0.8192006888886834
-0.6088022533352357,-0.8216731966630717
-0.6099511677681967,-0.8107601130126714
-0.6084070254969364,-0.8330480745223876
-0.6106192805428805,-0.8210327911216098
-0.6093450605680318,-0.833831756969307
-0.6055454330079406,-0.8264805907304846
-0.607464749450859,-0.8338165083038307
-0.6034838957223866,-0.8336566402077334
-0.6028575873358938,-0.8365288795439416
-0.6031498382800323,-0.8273033240190661
-0.6027724334342586,-0.8326935664002175
-0.6074957054946268,-0.826026407110579
-0.5982306479355597,-0.8295273588992291
-0.6035503991049851,-0.8350239897862737
-0.6043041530802173,-0.8445755107967605
-0.6051403785334318,-0.8462225526767995
-0.6039532140907427,-0.8521804713863568
-0.6045537788484114,-0.841589325290834
-0.6025079399699707,-0.8566153550625673
-0.5968167276488612,-0.8521754933979115
-0.6040836783928567,-0.8530392106280307
-0.6015452210431868,-0.8560248555409187
-0.5949400560833162,-0.8689975101090996
-0.6039979211886335,-0.8645041213936007
-0.6020392055882894,-0.864633294111713
-0.596615451132943,-0.8589957646253357
-0.5983024949739899,-0.8671162236950403
-0.5981416664288082,-0.8608687059080209
-0.6007078829719145,-0.8531496667694984
-0.6051522012130784,-0.8395276934233467
-0.6014397871588402,-0.8404886396928362
-0.6051918160888281,-0.8396519600938479
-0.601455514104473,-0.8517519159698581
-0.5992843241847348,-0.8439619192888368
-0.6007890485328982,-0.8406778895220759
-0.5996289920720392,-0.8435429363748475
-0.6011467903526455,-0.8504501271219462
-0.5962236299520279,-0.8573178124407139
-0.5969219477857823,-0.8427410705616389
-0.5984759965955363,-0.8571112402347152
-0.5977100676993694,-0.842437584556541
-0.5956992749149386,-0.8514423055873346
-0.5931767104746251,-0.8624200243321993
-0.5939700525146913,-0.8532819393137694
-0.5948072602658002,-0.8360390973023972
-0.5945017976724064,-0.8459618780010569
-0.5986584908799822,-0.8475125340584184
-0.5979870675661941,-0.8349733487891462
-0.5953868241749478,-0.8478112642340139
-0.5070501044762517,-1.1629470856569433
-0.73851394413422,-1.2933536271381696
-0.7439599587944105,-1.2891187874764396
-0.7458520147392573,-1.2830436265209537
-0.7402654440750991,-1.2818587847771088
-0.7436795283633402,-1.2837457030033315
-0.7441954810970233,-1.2622963089179255
-0.738139653246388,-1.2554596864352503
-0.7429923728983383,-1.265752232013484
-0.7450570105272116,-1.2627068266179649
-0.7465681462935961,-1.2519524023693653
-0.7415241302828798,-1.2521455295660011
-0.7441741030867897,-1.2568289811839293
-0.7416945792229315,-1.2222164411920542
-0.7424207642919055,-1.2126535947849622
-0.7476371999922131,-1.2285017770885622
-0.745214842787521,-1.2226384927069052
-0.7437949035540912,-1.2217550215353818
-0.7420421267161301,-1.2270969357815527
-0.7433690037479865,-1.2260953017184055
-0.7449570648968563,-1.2295690274594182
-0.746875594898605,-1.2451476878725385
-0.7434354291282129,-1.220872788707173
-0.7455356812532122,-1.2535190063939967
-0.7439709682253434,-1.2292178021497797
-0.7439686505736282,-1.247261319819577
-0.7433001146832844,-1.2261625153296838
-0.7428745261556986,-1.2475148352060847
-0.7416731921680512,-1.218007074837681
-0.7396005957861596,-1.2105846582168558
-0.7392442708526841,-1.2091881574855576
-0.7418461210087917,-1.2343884952779862
-0.7444676889812344,-1.2203512657320466
-0.7444238862272714,-1.2257683782473097
-0.7457237386349708,-1.2272176795855065
-0.7428349956908341,-1.2298698901320644
-0.7410795890023796,-1.2235613135140684
-0.7408935755111479,-1.2059277226700607
-0.7425337899391135,-1.2157052366825432
-0.7444557543469132,-1.215248100815656
-0.7424665389243457,-1.2251090595093161
-0.7434350319497167,-1.2237925539054129
-0.740439892918505,-1.2188505910767777
-0.7426354098375281,-1.2312453322815224
-0.7423470620106345,-1.222018947355581
-0.7469953444784019,-1.2299880486244312
-0.7464245796752547,-1.2292357468675195
-0.7435478589422897,-1.2225914867212553
-0.7454346503738496,-1.229631733164374
-0.7441890748973075,-1.223661190062041
-0.744337513979091,-1.2280410345898238
-0.7410369403837995,-1.2362869911902796
-0.7444373351435103,-1.2350008859751205
-0.738239067348558,-1.2250020360097813
-0.7433428694902458,-1.230087533417448
-0.7423634043352516,-1.216777534753108
-0.7476817692374724,-1.2228890800703145
-0.7451821373518168,-1.2176216440584295
-0.7458975844606551,-1.2063136446181721
-0.7465146716820349,-1.1953889775051938
-0.7477170369450409,-1.1882369944778273
-0.7494522598503748,-1.194563420990134
-0.7492571012808701,-1.170789394834587
-0.751769115961096,-1.1846744430374367
-0.7534986683585456,-1.177033974990598
-0.7504673091178024,-1.1795471068331427
-0.751049542597386,-1.162591210382838
-0.7464058149997926,-1.1743465598254295
-0.7491373853581325,-1.1721815470855097
-0.7498017747366473,-1.1866523726286011
-0.7521822646332065,-1.17651632081072
-0.7499307442205186,-1.1745563575718467
-0.7484474427204513,-1.1626318570893899
-0.7504327535277557,-1.1699917123597636
-0.7498401958052302,-1.15807589758472
-0.7505836248345391,-1.1573498872119687
-0.7511089843512411,-1.1581672611415483
-0.7483691202027811,-1.1431243386012744
-0.7523876846567324,-1.1595679498372193
-0.7534894906601679,-1.159777941665735
-0.7554398178906243,-1.164597596861263
0.2846929764834968,2.413711457506379
0.3301800902689703,2.541352722032155
0.26783913967316764,2.8829790202587993
0.22297042649124332,2.802641567042881
0.0908205309666672,2.7254347115393385
0.09202921092043104,2.7426825549210903
0.06419539572438115,2.679950057594922
0.08025356267079842,2.7128796906627977
0.0950556499079368,2.726832523482107
0.07806314855419472,2.684160145718655
0.08925799879437057,2.6854000101253503
0.09262840471652878,2.7038578858106668
0.0654808955160211,2.6419282915000903
0.0909438838667288,2.7115890034453938
0.09711436785328009,2.7054068332290115
0.0546756810242256,2.6131446455908
0.07755522419054539,2.6655374390745985
0.09672436434271481,2.714236130780897
0.06361542073362125,2.6875215436214135
0.08141259546305768,2.6824606058119627
0.09242462731654721,2.689709772548153
0.06061351923346969,2.6266051386916933
0.0817016830959234,2.6598749897334355
0.09686419213658382,2.6539295073490585
0.5277097901519333,2.1569320999630173
0.2527454199633342,2.025392911437838
0.13458962895299398,2.2730530448708532
0.13457603560060927,2.250201188362255
-0.0018910266244134277,2.171460461914409
-0.031636976648117376,2.1344952504504677
-0.012565130348045406,2.1681374575430614
-0.0177700233888185,2.152470369259579
-0.012044538225334578,2.164052098928394
-0.0037244487244216806,2.170497797560999
-0.012946580881397773,2.179923966964691
-0.007503274249166414,2.186439934499053
-0.015218972624279958,2.1540315773309926
-0.010536739897388459,2.1949803560834353
-0.007039849249175889,2.196382715343839
-0.013932127671088534,2.1771076462161036
-0.006870746718620646,2.179753501764045
-0.013027682220633885,2.207669756832623
-0.010130998627302268,2.2024213149364624
-0.02288443971309828,2.1750700734264488
-0.00826465829539269,2.1721240421548016
-0.028186454922936033,2.15990472211329
-0.007590686315985584,2.174396797928198
-0.02744788274150023,2.1157180652769405
0.30658829654592457,1.5628214206156643
0.1013946812306824,1.4412370485878454
0.014024570124551605,1.654893576722605
0.014600272922098645,1.614438138292676
-0.12946384787182258,1.521065213375441
-0.13404692743955476,1.5148693500476798
-0.1447578509055465,1.5205416064945734
-0.1277461445765658,1.540287913360145
-0.1390200252146721,1.5316107434291923
-0.1387191646579038,1.5101673072074113
-0.12532648270613683,1.5189006764724593
-0.13418664588413576,1.510075253218104
-0.13386458574149845,1.5243774904533565
-0.1168007655337191,1.5424659138220105
-0.12128006614949244,1.5249683735556194
-0.13961217120545233,1.4784443638332403
-0.12509893856184762,1.5218501979825338
-0.13485232736297526,1.4947465205302035
-0.14229204215888658,1.499709279081971
-0.12266340862426711,1.5494472752020503
-0.1348893231324867,1.5087121605181988
-0.12820768693785622,1.5241322416987042
-0.13182096102387397,1.5019985439949797
-0.13754161981456836,1.5012567485904904
0.054355771139203646,0.9675832557102608
-0.09537688593132732,0.7809408215608198
-0.14698573654435154,1.1115680473136533
-0.12595662451832795,1.1128870572449803
-0.28095227162197534,0.960240783080238
-0.2832645931423386,0.9947836478133536
-0.2891059570401825,0.9971824860772385
-0.2852735649171115,1.0281674324144843
-0.2765801628903713,1.0027701760579062
-0.2819820045731247,1.0023763879564824
-0.28256457269476526,1.0121345156879311
-0.28675580305777243,0.9837135910061341
-0.2900398622343192,0.9966530017672666
-0.2851402230023222,0.9968004937615764
-0.28225335964837883,0.9941703001958784
-0.2799061684457263,0.9982822235929443
-0.2778333968937044,1.0028019647666928
-0.2755886007602682,1.0130678202224925
-0.28548759460916556,0.9802321649502383
-0.2821601974361461,1.013344440649468
-0.28018120673512603,1.0150978580741195
-0.279252602484915,1.002256001291052
-0.2805140029600408,1.007428461782409
-0.28196136208565165,0.9908791946675239
-0.26434921106831916,0.34533397835735696
-0.3568400912837682,0.23285112348389342
-0.38743236934617886,0.3620406822323748
-0.37604254124233416,0.30662077428288886
-0.48959225349313407,0.25045598694235266
-0.48931188370034595,0.2408144405065637
-0.4896053860477817,0.2588058104809104
-0.49250224080603155,0.2696052496047872
-0.48590636714441915,0.29364096323900074
-0.4856738572672705,0.26325861469942274
-0.48270636184421584,0.26100121827240214
-0.4859743041338864,0.2676136506514842
-0.4843030177651958,0.2675813673956115
-0.4867911130147249,0.28288568866450786
-0.48617320983590495,0.2748022734238323
-0.47993927251286284,0.27353184224397137
-0.4846918044685284,0.274785439111864
-0.4825183862659709,0.275187779529024
-0.4751233974802214,0.26484344559572953
-0.4790852107044115,0.2604202728315717
-0.4812133471387494,0.2704275874320086
-0.47943929827756626,0.27877621109311373
-0.4777344502344659,0.274050213251181
-0.479804655553085,0.28342463069107543
-0.082385910160297,0.6660590900972665
-0.19678083046899508,0.3164278006148162
-0.27766421906022326,0.6172993117116858
-0.26311127105007037,0.6295516275702042
-0.3857111015931062,0.5186537665521584
-0.3889685481502757,0.5296923025117883
-0.3872953476830799,0.5393226415294459
-0.3891458284919181,0.5375348562531246
-0.3822181837274535,0.5429935904302337
-0.3862494014179104,0.5490855186150914
-0.38248405771715843,0.5283609104968565
-0.38499249725628604,0.5507564352189884
-0.38619724990484766,0.5395092455027413
-0.3804758730338832,0.5425099433513971
-0.38480635274447705,0.5317558564516534
-0.38636547275247524,0.5204770632553144
-0.382815537129474,0.5264901365576333
-0.38514149263541286,0.5371167542763804
-0.37725528426693244,0.5458016310427418
-0.38022991820114804,0.5460641348160273
-0.3811431861596094,0.5247685606307111
-0.3803956798973772,0.5314506255178193
-0.3894468193583914,0.5292007590430372
-0.37861590843907067,0.5139333714738332
-0.4587110542102494,0.5255545139460913
-0.003994884859744086,1.075205820298123
-0.07472666768418179,1.2402690698839283
-0.0650028601908994,1.265064409606971
-0.22044167167171846,1.1259802924348914
-0.21807714691959923,1.1235340075091664
-0.2195182740931228,1.1324107429080785
-0.21086011972143792,1.1508035627916544
-0.2139036644384324,1.1417524185725418
-0.21688535501347234,1.1188755894537932
-0.22462083729732835,1.117564244392164
-0.21366649044247293,1.110198671378215
-0.21275371406367782,1.1385915943509526
-0.21633532754628948,1.1693639573517232
-0.21996389724701915,1.146732121100194
-0.21517448348855706,1.1595163013906784
-0.22130197694261838,1.1455735597517993
-0.22188786200024596,1.13435482757541
-0.2153685190543645,1.1328426326989374
-0.22547998270609998,1.1431389224981283
-0.21648660495541466,1.1383165098074202
-0.221353371385682,1.1488680294109603
-0.22010387497597467,1.1200438537298834
-0.21322887210715724,1.1544154622332212
-0.07320582130930597,1.3899254752059136
0.20794470991894454,1.4344151234324232
0.07493508072439248,1.6675854843367386
0.06162815803045674,1.7358495151552742
-0.09459889392961085,1.5381431414674007
-0.09019596063094204,1.5929631438862377
-0.10647936885097342,1.5685134358724413
-0.10477667035923077,1.6004007194820578
-0.08870629015474019,1.63563714729547
-0.1019961911162518,1.6266778977114942
-0.10193987460976789,1.6894074308886315
-0.09451903997708794,1.7583312184768014
-0.09882525996683017,1.7785339927554358
-0.10683893120551352,1.8140454348398058
-0.10336581163834274,1.8491122423449415
-0.10157743893755938,1.8628691631382759
-0.10517401050804848,1.8835141620157578
-0.09953802246825694,1.9025427757387747
-0.11319695412363517,1.8885807809203439
-0.1064136989320395,1.9036253834441836
-0.09921733697098972,1.9190705792624103
-0.10017824300937356,1.9210209178628073
-0.10087440511081158,1.9232104661973703
-0.10787105030848387,1.921038819346163
0.6211247350574097,2.5826117584959767
0.290739228089555,2.4616744597351494
0.20777281406378312,2.591652823846596
0.21460612655646627,2.5833897029300568
0.04541589177497074,2.4161723462812708
0.028369261192576545,2.427392161951376
0.025695009060878737,2.4183718608500655
0.025564803512452827,2.410463925342783
0.02735340488669824,2.4292703495244408
0.02635277243916334,2.420747411554738
0.04593338826607929,2.4078134426136018
0.03396931158695771,2.405561605898729
0.02562447339170948,2.3869562306475998
0.0330170778199268,2.385237860922782
0.029903542312488263,2.3709069739315756
0.034383912472869316,2.3973127081869117
0.038728742921019355,2.3975012779657163
0.040554278494790874,2.401149147849034
0.02408103671888928,2.3853396890906255
0.026354471734677642,2.3593170958848875
0.032681478807829345,2.3768432166387785
0.03241879421487992,2.339023476789902
0.029117316396727877,2.374031685033685
0.03955777729411225,2.3586407304133106
-0.6538439647143419,-0.7813597374791554
-0.533112528121426,-0.5728034112018128
-0.5627411737513823,-0.2980595434012628
-0.5505454887004609,-0.3691928605841437
-0.6337366454134237,-0.37018873941234554
-0.6369037426339085,-0.3748255011560635
-0.6387472050475919,-0.37390370151719576
-0.6296013659333638,0.07233125495767628
-0.6351468040209167,-0.381115848425282
-0.6345928152099359,-0.38998701662037877
-0.6378048179778817,-0.3898296218033032
-0.6318080824734422,-0.37786975029966485
-0.6324062438273843,-0.39419521312030065
-0.6386093380593153,-0.37516932386533
-0.632849362011029,-0.37311695182767424
-0.6349605915234904,-0.3795144332624011
-0.6350968612908806,-0.35514218982092627
-0.6314170520517661,-0.3663330629974356
-0.6320264092138907,-0.3707971337721563
-0.627148703444983,-0.3758088403823485
-0.6333925356425999,-0.3474281644339813
-0.6294313346295526,-0.3663910857669474
-0.6388995999479514,-0.3650357398805651
-0.6330981106426894,-0.36506230471228746
-0.02039897159285564,-0.20703460569116994
-0.5707512778084076,-0.4463886371810515
-0.5711384203221426,-0.6080115489210267
-0.5583378866693147,-0.6400849000534361
-0.6463686002380526,-0.658784754963194
-0.6443248377991555,-0.676118794519619
-0.6507976507694814,-0.6883541711855755
-0.6469419519250444,-0.6677153276515759
-0.6484930954073764,-0.653805877473626
-0.6504915319890405,-0.6752088646989837
-0.6477713073275239,-0.6698011447276512
-0.648087344585855,-0.6827240966174326
-0.6438192292750453,-0.6538652421427242
-0.6423558064077459,-0.6729636126686422
-0.6447609779772376,-0.6557877937777163
-0.6432546343475213,-0.6734308607120048
-0.6431632030636278,-0.6621156228586815
-0.644905629318735,-0.684096969161808
-0.6432300526833743,-0.6656037720179506
-0.64134997914137,-0.6583037149441082
-0.6373846585126809,-0.668496744596265
-0.6453021970114217,-0.7018763058939695
-0.6380888790075618,-0.6939775793967451
-0.6403827646199738,-0.6819118818844156
0.5342979538757561,2.638622639306288
0.26513552382624983,2.5578057415923765
0.2574650659112382,2.7257398781700597
0.27977482263768716,2.762204055051773
0.08212761236376098,2.5689875763852954
0.07751873952112831,2.5643712349852064
0.07177144079934206,2.5838371571037304
0.07555500005188986,2.5784028112626522
0.08141979075137196,2.595723567809475
0.08353920146396432,2.577960483213464
0.06948549877470189,2.5616679492177328
0.0809002495020269,2.5690753672166404
0.07126569585939413,2.5601920105722913
0.07540580767603366,2.585905394771615
0.07599577374459654,2.536641027511345
0.07869523210673501,2.5777396080658246
0.0788492027112856,2.535141712864494
0.08252869843847044,2.5376670853497174
0.08249465277643298,2.5524546227834595
0.08719737794399207,2.5442461670626515
0.08565015860729552,2.522230499278834
0.07533984288792495,2.542444689945297
0.08397258085197867,2.4912597318458443
0.0894926693180429,2.5162575809654633
0.584071207519982,2.0166101541110195
0.2638928521445427,1.8470117403890824
0.17323253334334987,1.8949891872856648
0.18156177098014992,1.9151991545717306
-0.006770252298479829,1.7561362476673017
-0.008341255143508364,1.785172088928482
-0.0021493627501230073,1.7649887262246222
-0.01414811964455065,1.741113525343447
-0.011163476098159597,1.7450378159841107
0.0001272267422988138,1.7484369658924634
-0.0069902590723321945,1.7296047485270896
-0.012372532911106071,1.7601979583931755
-0.002957087737602726,1.7401618997860562
-0.0008612661109129727,1.7571086867595531
-0.009035454400960874,1.7687781296172453
-0.008161581794074557,1.755563282566145
0.0033525191444399027,1.77457082966053
-0.0009715950472463097,1.788204998352698
-0.009915216799109894,1.7790754814947964
0.00011749218795586991,1.7871803409135378
-0.0033730971324446024,1.7929519609598101
-0.008301168185663621,1.7923980180530703
-0.0016529170115038294,1.7794986268188355
-0.003581852911043293,1.8060079911143452
0.1932166435786279,0.8980644078423472
0.1270677444806434,1.0428342604534984
-0.0060170828107920515,1.2090814634621025
0.0007456484595259605,1.2277798133620512
-0.1694488104918474,1.0731493851581098
-0.1644887597952922,1.0674450561148954
-0.16709106332815288,1.0759941199340628
-0.1691703772380751,1.0810609810519631
-0.1626427465113548,1.0745493707904268
-0.17087297531038498,1.0922233302212359
-0.16122452178642793,1.1008022538372273
-0.16824359190441196,1.1036958181324263
-0.16643484137342185,1.0708493056385313
-0.17142453465565544,1.0717008960593473
-0.16195793516446555,1.0687565765003944
-0.16927179688893867,1.0687748223157967
-0.16633329826834625,1.0664002852628711
-0.16339320657652562,1.0752705763732355
-0.1641626756473869,1.0982025174513128
-0.1658021569993367,1.0991413870212692
-0.16247538833276937,1.0762921351721189
-0.16305111528762734,1.0892409758031651
-0.15996609642417015,1.0676102875401374
-0.16421913049802478,1.066994139859628
0.1572127439250124,0.7580693622617283
-0.07971442615889923,0.7648246345546901
-0.18066638237379024,0.8935625221348131
-0.1638610769855417,0.9367546573500023
-0.30103358077384973,0.8089184652902335
-0.30830392039466087,0.8094144239188765
-0.3088308192264052,0.8077518948667806
-0.3012361994276657,0.8171610041587078
-0.30455119404640524,0.8207483382487992
-0.3049104488489171,0.8131286561970392
-0.30147404795741095,0.8124415777274823
-0.3038574560497387,0.8031477892336669
-0.3075663207569978,0.7997469337653669
-0.30071671437096786,0.7934480933428154
-0.30795559853606774,0.8135668167186545
-0.31421388168907405,0.8058081683844611
-0.30568579193508044,0.8162356148464165
-0.30579022085713864,0.8013625280340182
-0.3082572050782168,0.8187220862773499
-0.3079899201895174,0.7941499949737691
-0.30945498557451256,0.8099920697231493
-0.309574951524154,0.8228393665451357
-0.3055728380818908,0.8069239330770444
-0.307399298880426,0.7784132874676419
0.10931979490575883,2.880231948175048
0.14205117620365415,2.9574122023118226
0.12377773292322924,3.0259700370929083
0.19298947377610742,3.1518424024000162
-0.04171087901883075,2.8566823518386593
-0.04720050661692232,2.874956973063679
-0.04165323117239339,2.8488388886420726
-0.04775749241294802,2.8361763732967487
-0.06311834638924352,2.8880595271682004
-0.05884767212897046,2.863360110925715
-0.05333357906058167,2.8659235861962946
-0.05238462904583674,2.8734429735229874
-0.05143866050122459,2.8776861750717195
-0.06720093442884567,2.83859453641666
-0.06188444301275797,2.852550788128623
-0.07111561380103015,2.8000593174493105
-0.05982429774237796,2.851933792820468
-0.06308225455517391,2.866231841931809
-0.06427655320558678,2.8504344959723205
-0.06955280271322895,2.823736880153429
-0.07568412342075093,2.8727190378682432
-0.07009634775078544,2.841815582602117
-0.06857893185877617,2.823233432446437
-0.0768111225932302,2.790446575280682
0.12107423221129521,2.0590517755691775
0.08928362124620759,2.130805746417028
0.05789143386343154,2.501764702018953
0.08971964728393644,2.5281435962991776
-0.09661123817891132,2.3204136377585223
-0.12490214733604038,2.346402044027562
-0.13553525603883715,2.365578253579635
-0.12204506466929188,2.359804803284648
-0.1109119609749244,2.3796204947437665
-0.13637051354335522,2.3671328259140303
-0.12554191178262447,2.3947710323026765
-0.13297150741881902,2.3809047814495576
-0.14018445858206197,2.3482237899211347
-0.14065384668273412,2.357114215996247
-0.1401890459802364,2.351028394184497
-0.14506601058216523,2.3465989745652553
-0.14562313059192805,2.3662258442350774
-0.14190279777369547,2.3387240637242335
-0.14642487361829143,2.326242126589824
-0.14610533464168035,2.360812593338712
-0.13603925136890738,2.349556228618096
-0.1489054363073002,2.3109952917606083
-0.14769567185422228,2.335902074962087
-0.1453305460236794,2.3044737889732976
-0.013839911568840901,1.8718402537213679
-0.03520078562906914,1.927927895169933
-0.035813245027346174,2.2628050329595197
-0.015229023820092613,2.35440819353736
-0.19577706549620166,2.125923201722488
-0.19540503494562123,2.0994943733389
-0.2008914823101111,2.1297394439435546
-0.19768780907913813,2.132008811235823
-0.20282339381146958,2.17407931319787
-0.17968129953808132,2.1981458519891537
-0.19370744315044247,2.177049230656677
-0.1964012882531444,2.16435450044321
-0.20772586747521204,2.1136667740704103
-0.19948330495396432,2.1210759358696594
-0.19606420007622855,2.1675435955242315
-0.19046620194162606,2.2314762265854355
-0.21596426648051414,2.2511872264363517
-0.1942525964536232,2.2210391482382437
-0.2118032957521752,2.238628716376147
-0.20683983284611773,2.2452721545500673
-0.21528463062411962,2.2422142452822076
-0.21125536154526736,2.244597005950739
-0.2139409050335459,2.2531814959064773
-0.22019478495476624,2.2329904745904265
-0.32805787600509834,1.3795399459911146
-0.0917192119323259,1.8436786560954779
-0.0922688999083685,1.8357853394376844
-0.06148743110334065,1.9029127905128018
-0.23023326591846227,1.7272437262038431
-0.247214066596745,1.7633948328483686
-0.2501135995574032,1.7503113174340632
-0.24868125434835403,1.799411448900153
-0.2512036510738604,1.7636593117806896
-0.2562101213501074,1.7631198790847955
-0.2554916596853968,1.7787181093633249
-0.26306057372821445,1.753510010599814
-0.2611175314683388,1.7476940418382132
-0.261714402301442,1.7410938458020422
-0.2651261074696297,1.7290179274140665
-0.2683385415258312,1.708170813253298
-0.27149873540916897,1.692524349814089
-0.26466476722372595,1.705012515533662
-0.26353873452766774,1.7002153112222325
-0.2632694804713616,1.667473746715344
-0.26757673672396365,1.6586667048163357
-0.2665807866907964,1.6351824528181753
-0.2642185168342985,1.627433653947294
-0.26967721397919026,1.6343126711335003
-0.1275083969016721,1.4774572251660902
-0.1757542023232435,1.5260693018137907
-0.19315065277341292,1.8766230846342518
-0.18059892825964413,1.9192520023398043
-0.3236101091239464,1.7704422842438265
-0.3286670283579642,1.7960533390667413
-0.3345415445756352,1.822185094995796
-0.33971165106780044,1.8205320070132511
-0.3325132918274539,1.8376246328630061
-0.34214052594125444,1.856395499670484
-0.3338339874627073,1.8800622008621695
-0.3400733416224251,1.9049090082612496
-0.3361560553326337,1.9477697569222483
-0.33751620482393696,1.912727265038739
-0.3332050098613525,1.9076143268243528
-0.3411805968167437,1.8919541467612688
-0.3363771264993945,1.9257451100778364
-0.3410558460255231,1.9516139291653614
-0.34380941734250553,1.9532602541036768
-0.34219366462035633,1.9505953962188511
-0.4455496047669069,1.8807759475737293
-0.4062608829890264,1.9388373008317494
-0.37029324415297954,1.9511477319965016
-0.35527714208882766,1.9381604636890695
-0.4444495364122381,0.7828808642127116
-0.22147294082879349,1.1326672702451384
-0.2401996934590419,1.293259981374624
-0.2024181837279464,1.331330935910674
-0.36003616974166797,1.178531454972743
-0.3656741631133794,1.177435270834295
-0.36123231070960704,1.2006016236401549
-0.3664424277200707,1.1712005681521804
-0.36522144284752056,1.180350483109427
-0.3673958496586359,1.178429054968896
-0.364908231824982,1.1506593181652989
-0.3676410917672974,1.1699087390776495
-0.3673645754170666,1.1714901053119586
-0.3648802902420437,1.163065385217779
-0.3681738752878501,1.1250299358132823
-0.37186445418912933,1.1498543914626633
-0.3688319948103384,1.1652291991343666
-0.3774588689559758,1.1654680980772312
-0.3771339695361111,1.1721551310425358
-0.3710719580984858,1.1801663012744843
-0.3726474258668502,1.1852562481413662
-0.3749707495825934,1.2135348419875749
-0.3793505860753617,1.1957821030273563
-0.3822642444316805,1.2104212588877727
-0.29248218748918836,0.7694842162416027
-0.3036986032571027,0.6685648565194096
-0.327862362517852,1.0573229323510813
-0.28968762570656603,1.0111435073417436
-0.4309290598109135,0.8827350272153605
-0.43254559920336877,0.8669856944446728
-0.4336812680006047,0.8637739011583863
-0.4380711966382437,0.8763003809354526
-0.43259541660460643,0.8762487975561899
-0.4402182767926728,0.8817763391045788
-0.44154625245167145,0.8834461963288811
-0.43683097371872703,0.8785763970180787
-0.44400253866633455,0.8775531866051913
-0.44515554184638395,0.8504599935676977
-0.4448555773758576,0.9207860675740633
-0.4489259643746114,0.854968772596165
-0.44820514802330613,0.8485687602489753
-0.44731331698209564,0.8566527464457034
-0.4508380241208555,0.8578179294810544
-0.45511495081665665,0.8440635153798066
-0.4592385787628342,0.8400123916777449
-0.4506271827435778,0.85362538661651
-0.4583428673199182,0.8319821881605334
-0.46038382147347867,0.8438551851802247
-0.3364964010056555,0.5478675666155159
-0.3940723953564487,0.6052673472835504
-0.40972155937693555,0.5861686917686442
-0.37219140455161126,0.5854756003378792
-0.49832810350016205,0.4766417053167688
-0.49989194546375787,0.4987077413334908
-0.5075990336799002,0.494617080844403
-0.5051429431451646,0.5057495354692843
-0.5023020303498873,0.5021243600235841
-0.5090512205787918,0.4809024573388552
-0.509477700520962,0.4817346356101198
-0.5081067874958349,0.4619190001353281
-0.5133520592883779,0.46865473690188425
-0.5107891151442259,0.4576527819134751
-0.508522982594396,0.4461834448611785
-0.5082685494859737,0.4420469087211984
-0.5097527197778045,0.42922049486080166
-0.5064301336631492,0.4419666604533569
-0.5089944635008227,0.4132525269945469
-0.5115082983973583,0.41168691780608085
-0.5133052802130751,0.3850264143817646
-0.5132991488165546,0.3953826689969851
-0.5168925017193646,0.3684062551988024
-0.5127665725568531,0.3895206694292295
-0.5061335490712494,-0.3226001259689885
-0.5077573693069487,-0.3061311204865841
-0.5195397231527936,-0.1993831475523954
-0.5052172952017364,-0.2506621972343443
-0.6049994472784862,-0.3041967010988874
-0.6059473612184203,-0.30936395349577134
-0.6075281073549443,-0.31262699666720817
-0.6143163871305491,-0.31618649756545547
-0.6131389232763027,-0.3204375922652073
-0.6156434254631036,-0.3102631171960307
-0.6106395307200981,-0.3219775282208328
-0.6099101108857632,-0.31607616623511275
-0.6153787257140824,-0.3161545204435813
-0.6110852825435631,-0.3274520058126976
-0.614770071846428,-0.3329255010979291
-0.6154174258487233,-0.34039772502480375
-0.6139775286888278,-0.32837618504447785
-0.6139689119169209,-0.31680621371293055
-0.612583824066612,-0.3352736130277103
-0.6171813843739049,-0.3387488739599394
-0.6106466600756003,-0.34051915610191785
-0.6156938917602764,-0.33515161968822743
-0.6113149248527654,-0.34720859570564067
-0.6094449284473329,-0.3306245129014033
-0.6679831683350258,-0.8220537818554483
-0.6566530468503421,-0.9512501213214262
-0.6672360868568459,-0.7137868971367922
-0.6576446818899877,-0.7561395830404436
-0.7282403920449234,-0.7579720304075863
-0.7309182694616387,-0.7931190612510621
-0.7357514403209586,-0.7955376240844974
-0.7294075252354608,-0.7935923596561154
-0.7345689687190209,-0.7934584489167225
-0.7335934896004228,-0.8005731076958733
-0.7293410180927901,-0.7953168634789001
-0.7305720634262787,-0.8064713259578931
-0.7305519204808708,-0.7937775292990441
-0.7353210425341178,-0.8232838499818795
-0.7366870697497756,-0.8130487739714518
-0.7370978132956476,-0.8042905865408627
-0.7304586558207534,-0.7964733274240559
-0.7371563677601831,-0.8018309095708605
-0.733706435044178,-0.7925077271532377
-0.737685379586532,-0.7755803833939687
-0.7344970480460342,-0.7837528878346858
-0.7363048467512272,-0.7767638407124811
-0.7382006363204116,-0.7805528913631359
-0.7396680371272353,-0.7849504255348587
-0.6542254053721454,-0.7297884441414599
-0.6441882967570081,-0.7865172013216757
-0.6731408989095014,-0.5090280902840179
-0.6508667125014874,-0.5778310925806103
-0.7329307158588809,-0.5791155957826308
-0.7288170927269402,-0.5699691633538122
-0.7317122216455081,-0.5751763200120915
-0.7292183374033485,-0.5795973308271509
-0.7325297535640928,-0.5610060008108875
-0.7344460761119191,-0.5566829441075776
-0.7265429945973434,-0.5578880755587101
-0.7334428383465981,-0.5658903638883735
-0.7329665817979082,-0.5539891319377432
-0.7287261372570888,-0.5436233224179203
-0.7288139182661,-0.5402797304809731
-0.7358470927746701,-0.5414774289924507
-0.7294522124198783,-0.5439558612969566
-0.7335969541067338,-0.5577300437387582
-0.7318862607005905,-0.5287699144868494
-0.730764711382484,-0.5682630531808823
-0.7294911295683465,-0.5737835391418972
-0.7312176931067189,-0.5875861868297403
-0.7328878729327114,-0.5804148328286978
-0.7368064640317208,-0.5914672604678681
-0.2973738022191955,0.013638851756189119
-0.5261706101998709,-0.2080599695777432
-0.5415161944227281,0.06088835602882542
-0.5273428539791352,0.0239144070565544
-0.6204332587615866,0.00021655474307685774
-0.6221647973724792,-0.01764895529540217
-0.6228087486005806,0.008820575181913204
-0.6185997251434363,-0.012631934111357712
-0.6208378881673344,-0.0004978509666709319
-0.6220512322836358,0.01358060629390595
-0.6235892914527056,-0.019971034999327564
-0.6265036751215238,-0.0005986935205518074
-0.6273010334311797,-0.005832253639782847
-0.632039138190138,-0.015403615875291543
-0.6336987552815547,-0.0356764186568648
-0.6342643782739121,-0.05523565163121105
-0.6342880694566424,-0.04859225726236158
-0.6433651913496223,-0.06686523745844294
-0.6407726628965202,-0.07061399121126657
-0.6344504177508828,-0.07166998537781308
-0.6330176202708264,-0.09417981635758918
-0.6354852606803033,-0.08775765103560193
-0.6353996190372271,-0.09853998894335755
-0.6305602377890034,-0.11052738237251672
-0.4489290389965858,0.5458757999818817
-0.46947005454353136,0.4602753901301871
-0.4386164175440618,0.658090939930849
-0.4234691519028564,0.6399796071026456
-0.5295691718622973,0.5794274230438847
-0.5328414399973089,0.5686897285975632
-0.5338753038223373,0.5890662971906442
-0.5344573631510687,0.5562170631635359
-0.5319028217914578,0.5519535083838274
-0.5320637667469216,0.5381855048998379
-0.5325243018967938,0.5410431523068056
-0.5334332264462831,0.5726855186693558
-0.5311331907089376,0.6043889247646079
-0.5348275867683878,0.6115462159010423
-0.529768519149867,0.6084298488309121
-0.5314047621518241,0.6254207889620318
-0.5350917791309133,0.6003404233873637
-0.5316830095059298,0.60736417841158
-0.5323896235258285,0.6286643884966265
-0.5344184787058985,0.6162806008062489
-0.5361412473987961,0.5920989648993478
-0.5369842976691714,0.5891244668698372
-0.5377322361595933,0.5965650423786168
-0.5329594405703906,0.5813657022016336
-0.2802139272643864,0.8679210016776515
-0.32931698410275356,0.998554998181872
-0.34979619410768925,1.1909421994632319
-0.31540041767647736,1.1644167636421485
-0.44433387291003035,1.019469737519401
-0.449759140066053,1.0600426457528511
-0.44894397213409487,1.055551430466523
-0.45376574175933626,1.033973645073339
-0.4549879814423897,1.0403684282530619
-0.45296467365539844,1.0245889388680638
-0.4557299286332607,1.0210589077759764
-0.4557556274843395,1.024608812298943
-0.4556388085807841,1.0500410116248555
-0.4564242756043081,1.0741229810139852
-0.4577028993145886,1.0519745970123666
-0.45854153786689206,1.052012856810055
-0.456140028793956,1.0639513989031848
-0.45868109913112876,1.0495906547140517
-0.4585660800622444,1.0456185799681668
-0.46401369536166887,1.0470223231533184
-0.4575511321597685,1.0482484190068728
-0.4579711776066687,1.030618999812648
-0.45945692617500256,1.0558002160636708
-0.4658166730296255,1.044274575135012
-0.5275324965127499,0.7835818146792424
-0.2864664472521405,1.2256522915287589
-0.2767333590181718,1.582755223457474
-0.2542770688383944,1.6400080312530454
-0.38570287639700385,1.4723158985550762
-0.38753883429668345,1.4488497307276618
-0.38401136997805085,1.4775302193411135
-0.3951612219281093,1.4800436805639392
-0.3934855696407972,1.4709038933720324
-0.3988510659373709,1.4912312527741358
-0.38919661559119323,1.4774639050967302
-0.39359774025235017,1.4264627014565208
-0.4040814290811017,1.4126218850838488
-0.4017514959706174,1.4283202229055463
-0.397092758862405,1.412129631449026
-0.3990063983443112,1.440486461926532
-0.39869654962834433,1.4494176516789885
-0.4023680936254471,1.3851017279078022
-0.4032041212088091,1.4304179300383417
-0.3913897990823794,1.4377813279469946
-0.40075530565558826,1.4044047658122938
-0.4002039904430349,1.427899446526833
-0.40727030431537203,1.4405553280741823
-0.4030410434258954,1.4139327444173815
-0.12787332439785953,1.5065578414718737
-0.16895549919981312,1.5833340668958769
-0.1972904887008815,2.134448983862335
-0.1430784465835797,2.1188928949471917
-0.31425761137025954,1.933322330237538
-0.32170767880714524,1.9280167815910028
-0.3145844882206178,1.9166795922998794
-0.3155304582986902,1.8971451655230809
-0.3235127375408269,1.9071201394517352
-0.3189104219504399,1.9033189413480616
-0.32434569753178233,1.8958700016290233
-0.3253466221684774,1.8608438286337312
-0.32569579178270297,1.928827939375647
-0.33062789122153013,1.875641083001421
-0.325174783445365,1.8982074107839504
-0.3373452247484939,1.8762093811191194
-0.3349313488175033,1.8522770986286108
-0.33450473808093906,1.8768367428409138
-0.33676878178457337,1.8838921769613057
-0.3370217290186436,1.829564661320677
-0.33308017100463455,1.8486935342549613
-0.3404555763683776,1.7881291015295864
-0.3305752966817408,1.8176369802912589
-0.3471138999626828,1.7887050008070913
-0.010459702365693269,2.1351403521463523
-0.10035964155236965,2.093373237152278
-0.08658061546470963,1.6135529492872331
-0.04502738700346187,1.5430233112121738
-0.2322282252678008,1.3331940604003087
-0.23038602183754753,1.2969916249276967
-0.2309343427057291,1.2637111746126146
-0.23560597769314062,1.2480609821395638
-0.22772495706512957,1.2268124486733643
-0.2293558086290136,1.2106427428406648
-0.22913830982221595,1.194075348306957
-0.23758344124651376,1.1683705418818888
-0.2353691929254555,1.1593280295626747
-0.22893702995008042,1.176777999109447
-0.23569914635133804,1.177970808524468
-0.2362374038546987,1.198607200224137
-0.23997090655729997,1.2127715148471119
-0.2489776340393811,1.2117762016404292
-0.25572651374004735,1.2218427704571477
-0.24764157067841203,1.2595215410603184
-0.24294064060254222,1.2591598947441758
-0.2478962384781183,1.234057252695655
-0.25172614526423726,1.2630934501161608
-0.24779416760339662,1.2347013601114778
0.007336902581722149,1.8521574655425346
-0.0371512307700016,1.9308733349245102
-0.08352706482940359,2.599664211234264
-0.06591930649939004,2.6425938756266234
-0.23423950935763987,2.464915749437713
-0.23947899881351226,2.435388022792895
-0.24164651602789838,2.414470865703762
-0.24357493525511326,2.4235133731676433
-0.2461228023491292,2.443021411394906
-0.24147880463009536,2.425162803114247
-0.241904532212589,2.3932285302052567
-0.2395122746963509,2.390266103356
-0.24320406927804605,2.3993985036669376
-0.24644468630995459,2.393289423382963
-0.24232928131310083,2.4082614494085797
-0.23879956501691013,2.4087884267091604
-0.24674612929746398,2.392447050821775
-0.2444101123769582,2.3908897265625475
-0.24707796642921315,2.3969071320379354
-0.25274560814803004,2.3822388478628858
-0.250425893060738,2.3983136643589544
-0.24972679992555907,2.37708484998942
-0.24894598462932654,2.374390953588294
-0.24954371169411105,2.3792143751459913
0.06516205042836065,2.3849749025349736
0.030871344459299288,2.5229666755606535
-0.016584477497433192,3.051202740498245
0.034929380302598845,3.0326521786690486
-0.17604670433079123,2.8351893213875554
-0.17846660954759713,2.76657389114612
-0.17609563405754247,2.77319851381712
-0.1835873118419582,2.8180290415052953
-0.18055425448976958,2.7882950604491783
-0.1889534116630346,2.772035612418825
-0.18416622807039257,2.7956147249951555
-0.19121823214464162,2.7973342049836036
-0.19154446950980825,2.794120654559091
-0.18836761414323738,2.796175129391898
-0.19239342240040802,2.7531837572092015
-0.1919545356793136,2.807863781112535
-0.19434269464304332,2.796252572770982
-0.20327222913345794,2.794700532213487
-0.20468657355855974,2.774911630097596
-0.20358948978619096,2.7410230360202545
-0.2134045334297704,2.728188392875858
-0.21732689688581924,2.7191049085339096
-0.22105402178999056,2.745605369901351
-0.2268370047406627,2.7054085257532576
-0.18806299938363347,2.907215309380635
0.03164292706247729,2.8890533852338938
-0.03398934846550539,3.4200590549301046
0.009045497588648588,3.4426850889602187
-0.15676333577487556,3.230134503876247
-0.1593579416389591,3.2708615687553
-0.16328232477304905,3.247888458063685
-0.16651601026241897,3.2472484330276576
-0.16999713636952396,3.2883593233998574
-0.16977293970024676,3.2760581918766283
-0.1720023709485658,3.2787359387807817
-0.1772412557976954,3.265851617043654
-0.18134442521621658,3.2403200548542404
-0.17627652085615875,3.2359530430684624
-0.1852569111407376,3.2852508630830957
-0.1843950547909331,3.268916975052796
-0.1916961775734578,3.251879638384317
-0.1946513862467849,3.2998523993975084
-0.19533555145554093,3.2806461465814363
-0.20048133447316696,3.279083164632102
-0.19835489499404796,3.246048717007747
-0.1998447705367824,3.241712241877373
-0.20098574569320365,3.2483956429742102
-0.1996979106072606,3.2182657350097252
-0.050709770045631486,0.22786404551655876
-0.22599088505079679,0.07518568792518454
-0.14792961730205423,0.2747266960277965
-0.2264902717036919,0.2071178263102531
-0.32131850325286887,0.18390756225026794
-0.3331884887177063,0.19834460354476657
-0.3385266517217267,0.20756877871314505
-0.3478382572492029,0.23519142449215485
-0.3627297134979224,0.24270812967279815
-0.36652000589049455,0.2662103509524258
-0.3618872526501619,0.25216401576985475
-0.35975722792611,0.2723998754300256
-0.3670106949224988,0.26936695726738596
-0.3604484614217292,0.2733892698709401
-0.3624733506355867,0.2597932479825155
-0.3644954241737219,0.2703497524702016
-0.3542137949854076,0.2616392643889775
-0.3518052041621327,0.25987504571287906
-0.36142027972733526,0.27171985209336963
-0.35979750996228244,0.2635636434995829
-0.3525006743904846,0.2697331977495851
-0.3610045536444151,0.27045633887421644
-0.35161117719059143,0.27382690399099346
-0.3528008007619468,0.258725698206039
-0.03807420704201925,0.31344565291343945
-0.2599932725469858,0.13700719925748706
-0.18862640074406323,0.12256670000631575
-0.2538651534191601,0.04347344943706599
-0.3426768695788401,-0.010168132183023593
-0.33931231289528757,-0.008109099503643913
-0.33875593157245126,-0.01149181639772856
-0.33895523608259787,-0.006146424517517457
-0.3356048449464445,-0.016095709853754747
-0.33728456501086057,-0.0339735906004231
-0.33187571520927733,-0.015066295827857346
-0.3387538107390282,-0.029067588927671584
-0.3413798549665038,-0.0028425624976617936
-0.34797930744095307,-0.009812348193194431
-0.3470336426044708,-0.011931978248361896
-0.34704616877725347,0.014074469337599815
-0.3500554781506262,-0.0008095828060995514
-0.34119417874175384,-0.012400705045229832
-0.34755627654862137,-0.015441798171093035
-0.3484302338854386,-0.014436292572590603
-0.3493219568768027,0.004856553675747999
-0.35394474423328354,-0.007533378744627783
-0.35213788918277655,-0.0009636434346335099
-0.34264383236713714,-0.0007605091402035358
-0.635385846234726,-0.5791781113609518
-0.2966395050705651,-0.2700703157278302
-0.27844166030586953,0.1479176989637745
-0.34290645328004293,0.12364214457725875
-0.41470509765387364,0.07433029909911681
-0.4154119462959962,0.08337919574998542
-0.4208411574727619,0.08570312253727952
-0.41894477071815545,0.08275818396847634
-0.41686176653855966,0.09352662053458838
-0.4230607518405376,0.07940772137483965
-0.4163721234627482,0.09449658142645334
-0.41420637201249705,0.08642817284900073
-0.4199333891599352,0.07693145265798718
-0.41945254849897573,0.07655220164663112
-0.413154818506269,0.09225991327505167
-0.41711253349830524,0.08123243585765216
-0.4201508783756964,0.08943288262584659
-0.418031269827655,0.08222995723322746
-0.41646438358767396,0.09897607935819508
-0.4166323368717407,0.08546058477662
-0.42120580149666975,0.09169255973519153
-0.4183837331965641,0.10903807323881232
-0.42297057366737445,0.1000366108439692
-0.41551379118280046,0.12402023071537349
-0.536756621780806,-0.6624927064095207
-0.3248942469259565,-0.4941685708881023
-0.3181384795534303,-0.10012420758171997
-0.3772816758771885,-0.18206647937564013
-0.4430525723389946,-0.20967707779000572
-0.44629587880109095,-0.20106614396880773
-0.44813039474956085,-0.23058390276763818
-0.44462579457708157,-0.21097545720356664
-0.4442337512895537,-0.21111749697532356
-0.4464246604658981,-0.22790064023928758
-0.442543267486148,-0.21387586030465572
-0.43993647386378265,-0.2334409843658135
-0.4407790498778255,-0.22873024566693367
-0.4360501550232456,-0.23654947011626143
-0.4398908076336114,-0.22588818486731616
-0.43985369016550924,-0.2330094615587492
-0.4377924625512163,-0.21955748881632658
-0.4407012491281913,-0.22457108802239872
-0.4362703847796747,-0.23593447189081307
-0.4314994639801937,-0.21764063678024836
-0.43690180325929007,-0.23693247575990511
-0.42841550317142363,-0.22332701976733155
-0.43534964010648947,-0.2243926795172539
-0.42987255980450967,-0.22417002054558421
-0.47711577413734785,-0.7021379164095112
-0.3705643319017089,-0.5765495665274611
-0.34170747766720766,-0.37119093696451655
-0.3971538144807194,-0.45835109856240114
-0.4643613176505942,-0.4706145676530866
-0.46891362434174844,-0.47117417593447175
-0.46550723764197527,-0.43859543401036316
-0.4659920156079473,-0.4701224299924194
-0.46904379728445156,-0.46811510305651277
-0.46113005988678635,-0.4554639418063643
-0.4639835276213893,-0.46416964902986735
-0.46214465825056494,-0.4449673675147394
-0.4680030055922774,-0.456811907106834
-0.4652512239327176,-0.4754012791257667
-0.4668800332152681,-0.4764945219569245
-0.4689175702266036,-0.4723682067334072
-0.4670548644124893,-0.4522442487213882
-0.4676945495885749,-0.46533578518078644
-0.4672398782613273,-0.4596937832666213
-0.45929993788233375,-0.46527069056004344
-0.4679695285189973,-0.4726598574902183
-0.4618586930315941,-0.4572667680824171
-0.4622701903489122,-0.4584153931259359
-0.4641454628129469,-0.4569433951606815
-0.44778548273795915,-0.7155163020085168
-0.4570614069356683,-0.6491641247740796
-0.4467322457367614,-0.27671883807484676
-0.4922441613585085,-0.36113356644042605
-0.5449428383594692,-0.3756537815088038
-0.5497782417535121,-0.37206649777510964
-0.5436005272199429,-0.36560925045052706
-0.5444937798439736,-0.3786355593908485
-0.5467052587079351,-0.3907133413661963
-0.5383512773835607,-0.37140595125416287
-0.5418550716826738,-0.38184814337322903
-0.5389458982293237,-0.3689837673136235
-0.5404953934489063,-0.3595958841174922
-0.5355675905520468,-0.36231784267294187
-0.5357697357495894,-0.3758349293916933
-0.5337937355053559,-0.3709747390474079
-0.5304864304732567,-0.3739273109385379
-0.5315415880242065,-0.3771628496240581
-0.5324966650537036,-0.370357089549184
-0.5263318172851356,-0.3679704272771084
-0.5301569841851675,-0.379679893371733
-0.5314043336492233,-0.3970872054113104
-0.5344433698577515,-0.410128635541129
-0.5296440297252233,-0.3943589829865538
-0.5153671356521373,-0.7872612487374306
-0.55085044307347,-0.760463728065849
-0.5080822387590421,-0.4517666257779899
-0.5409788008080783,-0.5400657382997468
-0.5901306006296945,-0.5692779333839684
-0.5866640865378319,-0.5649268849293858
-0.5894172687547498,-0.5724771012247825
-0.5896043842324573,-0.573163653037357
-0.593618469942849,-0.5999012311474637
-0.5782140141493887,-0.6124707489396173
-0.5810474831655079,-0.6200001987663584
-0.5835981321692298,-0.635950064185507
-0.5810057611678872,-0.6524943322597727
-0.5774818501556634,-0.6505532637798437
-0.5780162199103258,-0.6617140299613149
-0.5765476759709569,-0.6553827217504334
-0.5759039504914458,-0.6456817465470408
-0.5754042261352346,-0.6428497919057845
-0.5756237928704401,-0.6493509497745575
-0.5715210967950911,-0.6536967533757918
-0.5734192711954507,-0.6356705478018065
-0.5733371580873374,-0.6435942663599352
-0.5743852136172364,-0.6536084999932443
-0.5695081654305264,-0.6673570173934016
-0.6448617450753432,-1.100516231681033
-0.5938903706391808,-1.0274192508145368
-0.5372644013430409,-0.7102993266938777
-0.5788639366212959,-0.7878771121441548
-0.6273408499707439,-0.8151082063740036
-0.627300778878054,-0.8214608430836201
-0.6268666440562299,-0.8106249853938374
-0.629125249634417,-0.8190046025124915
-0.6283855744784128,-0.8287689844689776
-0.6230107098091654,-0.8458966508538661
-0.6260452402747718,-0.8532027718748054
-0.6218609518630764,-0.8340651864152671
-0.6230046722401574,-0.8396801585456486
-0.6234611850456676,-0.8405466520615175
-0.6246338593997205,-0.8558072443777491
-0.6217037477659314,-0.8436466932761388
-0.6247459486401753,-0.8472616946325389
-0.6246914684432072,-0.855904018916684
-0.6229299004769698,-0.8605688907417859
-0.6245489439574033,-0.8536535711399182
-0.6264485822025759,-0.8582773589947543
-0.6255219897980606,-0.8418524628663675
-0.6290267997081019,-0.8739669718272485
-0.6263787383823571,-0.8464463224111884
-1.0312394509817189,-0.33052440155933793
-1.0273639551194402,-0.11696086728178812
-1.0333617476205,-0.2861000413778477
-1.0283323624500516,-0.24866783087554517
-1.0304631598330123,-0.2037139968686975
-0.5255168479494328,0.821323570577996
-0.4175235216582781,1.084928975922452
-0.423839072447901,1.1578243962968242
-0.4292100644482997,1.1690540345466274
-0.39074368850815855,1.1232153774392182
-0.7145135636631086,2.935324687971639
-0.7532138837929815,2.6713738898172026
-0.7558169679160296,3.2780552009205217
-0.7550601174706211,2.6016577535153
-0.7636703228514257,2.7665367926471918
0.13256278789947706,0.5888758008297941
-0.42881844711404693,-0.062320372507048694
-0.5909713739113772,-0.33363461761936614
-0.43378664348570684,-0.14968152544234503
-0.4290848051622342,-0.08652815034019629
-0.6612087868392683,-0.3916892506822683
-0.662702360685319,-0.4309548100116328
-0.6583304586982918,-0.4341260200987405
-0.6562269205744428,-0.41644373023367653
-0.653889366033144,-0.40705153658407456
-0.6532213831794087,-0.42525014596245736
-0.6598518915255003,-0.43918595272235394
-0.6578403747978446,-0.45166542092011
-0.6617291359692288,-0.4632959546051768
-0.665734222870776,-0.48567506052849624
-0.6667869494891788,-0.48099874846668556
-0.6703900178177113,-0.5278918845766681
-0.6654252524697707,-0.5395428028912956
-0.6713298014620852,-0.5113522097943595
-0.6689564785893296,-0.5230712418439768
-0.6644034148544797,-0.5164319871356123
-0.6640162535452295,-0.4998393335200384
-0.6623325671550194,-0.5201988117312724
-0.6678249400643241,-0.5168512929885013
-0.38062226661749154,-0.5658534784008844
-0.48121389715939417,-0.5469618259136113
-0.6038871670299673,-0.6173637458884763
-0.45843724026280197,-0.4592234530407761
-0.4580838286844253,-0.47947439352441645
-0.6808561736363088,-0.7552266318899131
-0.6796463354695912,-0.7571157798482766
-0.6793788780328125,-0.7662968004522188
-0.6768848584184628,-0.7548230573732673
-0.6702011910208874,-0.744199603894808
-0.6736586548642322,-0.7447173325423726
-0.6783781841019132,-0.7526228543385242
-0.6758661750401369,-0.7533443448683405
-0.6782212287912543,-0.7627869686165986
-0.6768560478389789,-0.7590833798072549
-0.6801982459611284,-0.7808973233684121
-0.679087899565024,-0.7846226945500164
-0.6741686647120102,-0.8039288482341524
-0.6804577261712954,-0.808160505096009
-0.6730640976769171,-0.8094344081371401
-0.6744421702638963,-0.81172500537088
-0.6807048401840278,-0.8179675943136377
-0.6773763178616674,-0.8211963002721496
-0.6816177806901647,-0.7962000907327149
-0.686792910269888,-1.073092219437554
-0.5174437990299163,-0.7459043710534298
-0.6400785808775832,-0.6942090099449585
-0.5128976380576726,-0.5476300104477333
-0.7005300199728111,-0.7964644438009028
-0.6981930529967547,-0.7926981395357655
-0.704995420404199,-0.7925782942322162
-0.7082961039390506,-0.809898850066658
-0.703049227190323,-0.7722581887039408
-0.704374779069637,-0.7958416824501653
-0.7071333979215069,-0.8239829763064628
-0.7134280070683645,-0.8241136036719428
-0.7114303317013293,-0.8180968371929818
-0.7043617102133226,-0.7993815277397269
-0.7087040747818814,-0.8088580562691838
-0.7093938286244308,-0.8076959944903539
-0.7110927427694622,-0.8329202465389687
-0.7120947894221263,-0.8257984459562147
-0.7136925913862519,-0.8104268174792257
-0.7147790252975521,-0.8219462792633596
-0.7130668471029318,-0.8313123750570413
-0.7171636595472431,-0.8272505241160095
-0.7168751510143822,-0.8222406145895964
-0.7122051047132998,-0.8329033331357869
-0.431900872046622,-0.8579027914940349
-0.545277567285427,-0.8564712748385397
-0.6926198955987204,-0.8574294444721664
-0.5859983532123553,-0.7508266927328973
-0.7489235829785691,-0.9750474404087146
-0.751755038384587,-0.9731027717296348
-0.747284337291372,-0.9761453668986253
-0.7409542703581733,-0.9799886568281619
-0.7438076488078784,-0.9588828559284721
-0.744000552160513,-0.9726364723102412
-0.7445934574284926,-0.971761005978951
-0.748627860740868,-0.9708670728432973
-0.7460816640141982,-0.9624861678294718
-0.7439169918909446,-0.970192659497096
-0.7397179575568766,-0.9501826304408711
-0.7421810368896306,-0.9860250678614593
-0.7412604900416376,-0.9840035700978345
-0.7455411505909753,-0.9719163949163012
-0.7422001992386897,-0.9604382216771008
-0.7412900845458372,-0.9669039615228143
-0.7409694075309905,-0.9781210779503562
-0.7420176588223805,-0.9764747647996581
-0.743555361920393,-0.9680017692852878
-0.7414017117806022,-0.9615478331183933
-0.7985941166226692,-1.3632570810660054
-0.5812112533405891,-0.9962689281426307
-0.707704325117464,-0.9770368043685345
-0.5926764277875679,-0.883566583041486
-0.7579176909025744,-1.0969353938622817
-0.7643956681689832,-1.1494236701780816
-0.7635435594476839,-1.1264686565937996
-0.7584279361239483,-1.127017309905127
-0.7600491117136916,-1.1328307327706861
-0.7590684535443715,-1.1350674741409612
-0.7612590396884018,-1.0941709287149006
-0.7578447504046618,-1.1138010301076366
-0.7640046195603434,-1.1008257664828855
-0.7547460552578749,-1.1139019728851545
-0.7581390223961222,-1.1049267076182263
-0.7655635424362045,-1.1196482338021216
-0.7566454074452844,-1.1207194054936005
-0.7579241379552667,-1.1044042570185915
-0.7558516807091803,-1.0994985406210518
-0.7571205937335957,-1.103055623377443
-0.7590244858247296,-1.1378178054000647
-0.7544228051535073,-1.1029488381576342
-0.7532419554629096,-1.1211752018517673
-0.7587262859183419,-1.1213671041201407
-0.5020626236909287,-1.1105040142186344
-0.5998956262353977,-1.1265896001491147
-0.7184791122353468,-1.1039479715272131
-0.6210970233247304,-1.0030094157259846
-0.7820412280183497,-1.2234262447048547
-0.7854158511050415,-1.2330426411484647
-0.7857959599690356,-1.2310989407508062
-0.7864835300993763,-1.2312679301831644
-0.7812881959820792,-1.2297876034429067
-0.7862398561851572,-1.2445259208716455
-0.7852801849532224,-1.2346191958164567
-0.7836020690930992,-1.245437750946472
-0.7873140749007445,-1.24420425411101
-0.7862311619134793,-1.2521559963989284
-0.7835758136682115,-1.2343677897781458
-0.7833794016344335,-1.2357344772495698
-0.7806137658130701,-1.2292937239585173
-0.7831627945086851,-1.2425189248773274
-0.7804584749694741,-1.2482051821044216
-0.7813296419846778,-1.2372163852841611
-0.7801778193057766,-1.236735323255856
-0.781329245878842,-1.2367330708175297
-0.7840596650160241,-1.2609641186098874
-0.7806656541315504,-1.246470740173208
-0.4495289142995459,-1.168899944844218
-0.6259651927261654,-1.2353305476417527
-0.7521198117592018,-1.2132729959374744
-0.6616615229056589,-1.1316900745128704
-0.8011111519057355,-1.3198977509359129
-0.8031665066076338,-1.330035369397926
-0.8056692421096834,-1.3347799549421724
-0.8040361641815805,-1.328425922404103
-0.8074379940489993,-1.3383786680616285
-0.7999745639927813,-1.350476335513883
-0.8092111166896698,-1.353219811067499
-0.8075777706136524,-1.339519150188902
-0.8076749417897728,-1.3462000852393645
-0.8040551700638682,-1.3560834803040276
-0.8049755707044948,-1.3315089385394867
-0.8049663246553462,-1.3531291578101812
-0.8039474447123279,-1.3340869588873583
-0.8011841856671711,-1.3316155301142882
-0.8012393949104357,-1.3515289697232773
-0.8078398615060731,-1.3573027667740998
-0.80560406541395,-1.3525597335204047
-0.8076574858616332,-1.3536949398538751
-0.8019995005148586,-1.3583441006501755
-0.8038437921012196,-1.3429744878306982
-0.4752031160443493,-1.2779133312024162
-0.6652811240347016,-1.3332304196694071
-0.7793669639087137,-1.3741067903777162
-0.6928746318250149,-1.3303564087467405
-0.8297311453726998,-1.4854488940900104
-0.8307240317497468,-1.4828374960772766
-0.8309938293624815,-1.5010523515299026
-0.8322695828878477,-1.473631046977283
-0.8298659868246093,-1.4785768454208565
-0.8249487124447965,-1.474415752259877
-0.8291286563685097,-1.464182375494752
-0.8295883228270557,-1.4842754013221025
-0.8285824468596009,-1.4945745055677673
-0.8293692133859251,-1.478094382303319
-0.8308410554642813,-1.4835294955799492
-0.8329236728545821,-1.4962794707237597
-0.8297550402707374,-1.4792937701191866
-0.8313319695051541,-1.4894948199956257
-0.8301141032931527,-1.4769778023195932
-0.833124531631258,-1.4762515087747203
-0.8240951151257802,-1.4878021274407045
-0.8327518713818938,-1.4921765234882853
-0.8266411348329403,-1.4865071807061638
-0.8285075218086376,-1.4750794609252802
-0.526663169042331,-1.4056774021553884
-0.7030098283845978,-1.4678105440526923
-0.8058381363547458,-1.5261894733547297
-0.7525495047798183,-1.4963475236105457
-0.8677364779085579,-1.6161180274990166
-0.8654607907343536,-1.622886451218972
-0.8663625453769948,-1.6170367207875285
-0.8672120105651553,-1.6095620749324087
-0.8655498077674162,-1.6127161126337783
-0.8709468179168292,-1.6123912137087837
-0.8678066026720355,-1.6169238893470599
-0.8657581409580833,-1.6195111811577771
-0.8695510914867873,-1.6365448610371192
-0.8696164114857776,-1.623529373371443
-0.8633054669818305,-1.62594089087741
-0.8672282481018976,-1.6305581715264876
-0.865592905059209,-1.6149443946839022
-0.869206238411024,-1.6291891784627943
-0.8689696477009875,-1.618667022284648
-0.8694312805015618,-1.6128555979021544
-0.8660510296029986,-1.6303594709681954
-0.8698357770812652,-1.6111603693492365
-0.8688460146311056,-1.6123368012552002
-0.8685259248163972,-1.6327516042303263
-0.6219193363883805,-1.1536230806572767
-0.6541965773844052,-1.1086279061950102
-0.6182983757118323,-0.9218448195613291
-0.6534253733800991,-1.0131683499731903
-0.6890217821164936,-1.0109051016140944
-0.6958492165498806,-1.015624638097064
-0.6917777527454888,-1.0128404963710698
-0.6951146139221034,-1.0189146339686281
-0.6957030994883824,-1.0199160846868383
-0.6905520689521745,-1.0095685997916366
-0.6933312156192202,-1.0076385989525263
-0.6940701071246291,-1.0193775859068435
-0.6941266962697211,-1.0157826310030849
-0.693752214288972,-1.0011289629823743
-0.6962818551300567,-1.0063408863353205
-0.6937811100882847,-1.0071921130117674
-0.6909402356720679,-1.0178902008235022
-0.6921374023707875,-1.0018231503311357
-0.6947082572812718,-1.0104947642361246
-0.6939609446568192,-1.0226353672659554
-0.6914324839495938,-1.007005876089733
-0.6915556762130535,-1.0104262828082766
-0.6920581961309941,-1.012715313927629
-0.693640134726449,-1.01600843733374
-0.6346206038480462,-1.3837209253094909
-0.7488231615427445,-1.3904453978861988
-0.7189735338759993,-1.2918484015673988
-0.7546172638105515,-1.374214548184786
-0.7818043981305605,-1.3683675351161384
-0.7858207839218166,-1.3558357040116327
-0.7825618747592724,-1.3516882487079007
-0.7852226274347769,-1.351582272857133
-0.7831210010723425,-1.3488866127707668
-0.7839351350967589,-1.3511639483165327
-0.784032687594327,-1.3680641292254003
-0.7852382052894318,-1.3567905869708812
-0.7856558617089593,-1.3707697447006282
-0.7852688859038994,-1.3747795582344609
-0.7809241234317318,-1.3520536840258557
-0.7837145833783459,-1.3540988755773524
-0.7831672019794927,-1.356412910263604
-0.7822050343089213,-1.3532224024479376
-0.7824771256144035,-1.360007875407469
-0.7832438302775233,-1.3597013531410593
-0.7813505991709339,-1.3545668802369322
-0.7827413014027105,-1.3629921447119142
-0.783349076578457,-1.3651626058541402
-0.7818552415254294,-1.367460540027356
0.175553514411392,0.6224716605657203
-0.2714155607921173,0.6233837368772859
-0.47240774101588057,0.8586872317162617
-0.3131937985735703,0.8156219620323624
-0.5235751073316973,0.6766729808382121
-0.5205241831024627,0.735374063848359
-0.523400706126319,0.7385285851904879
-0.5278745219071866,0.7198375390641181
-0.5234791479923779,0.7421929896524999
-0.5223690285343484,0.7312318298509903
-0.5226896068006683,0.7550135008101777
-0.5283756806995843,0.7032161462149402
-0.5266614689878978,0.7368647980675187
-0.5246579129872572,0.755453221806347
-0.5262094559968016,0.6897298171332498
-0.5255596780982325,0.6950574750947132
-0.5232031704114203,0.6938676651973839
-0.5233191901523209,0.7174423815401405
-0.5259166201067597,0.7210512642788904
-0.5196775785473527,0.6826502332399431
-0.5262414203965062,0.6843960890238412
-0.5247561240916366,0.6757678134035325
-0.5199119008248361,0.6774291514178239
-0.5227754928577399,0.6729594660472076
0.08126953285007421,0.31661907708218034
-0.2751524097821687,0.12507850395794312
-0.5115900024245077,0.472152651040648
-0.3562186268945122,0.4436552938661807
-0.5515999278981826,0.38489709797035615
-0.5565459162926231,0.37197990918864027
-0.5541730386856081,0.3767466864989722
-0.5543986961425849,0.37910980655989085
-0.5544464870235686,0.3828796626828855
-0.5586278206405347,0.388741106920305
-0.5511871975375269,0.3824884277840856
-0.5511051443191178,0.44584396424509004
-0.5539665426583082,0.39225150846156137
-0.5564394528013566,0.37257634644019594
-0.5556055033279934,0.36362110597807634
-0.5566917100764117,0.35770048775009994
-0.5547554770677221,0.37713641957107696
-0.5475045751003683,0.35738034864791585
-0.5536161305279688,0.37824865746494557
-0.5488178557964563,0.35296699701511364
-0.5526201267685011,0.34410907378839767
-0.5509102885455472,0.3406767152169194
-0.5524187761206185,0.35916846595891644
-0.5514529069214882,0.511554960450731
0.15085791530265702,0.10656370196383474
-0.34579497437232587,-0.1389700723109074
-0.5204353749529329,-0.006935848271292844
-0.3858400009035221,0.01731906812988654
-0.5779734183157047,-0.1059753570168212
-0.5727677925962004,-0.0654948801628536
-0.5737311034580912,-0.09653744512576895
-0.5753226930413967,-0.07576438258030055
-0.5729658459498393,-0.09996057053959678
-0.5720738784427881,-0.10366019109016372
-0.5720917201950436,-0.06675268974387821
-0.570211249276665,-0.09163536694241048
-0.5736867836642188,-0.07677369788136884
-0.5740196949914003,-0.08721720051751031
-0.571902093368621,-0.0643476034659563
-0.5723018636607882,-0.0746695945076033
-0.5741943944702186,-0.05254574467597711
-0.5729596741000077,-0.07426053463785492
-0.5756697740088107,-0.0943748859459469
-0.5743218551766742,-0.04560709872632146
-0.5746270394129361,-0.08355157932269708
-0.5752711021295234,-0.0790118626363771
-0.5773058440689888,-0.08409719019082784
-0.5735618136851366,-0.061770489140519136
-0.09539577055434029,-0.20372818743501725
-0.38965394549457066,-0.2944367860700729
-0.5767830550042313,-0.23317645977421475
-0.4474979419745452,-0.2099941105965134
-0.6235918848889437,-0.2645196018251089
-0.6246378272304633,-0.2766000922255876
-0.6285158572533903,-0.27972167212441235
-0.6262157212556565,-0.2601659012149607
-0.6271033708977013,-0.25701153987966846
-0.6311006179467161,-0.2904126008749544
-0.6230274864359169,-0.2753616280480434
-0.6221963987515877,-0.2931641725887043
-0.622931616647672,-0.29917634361744383
-0.6231572755420246,-0.30567319345617894
-0.6219670244029658,-0.3391767378003743
-0.6169808171517566,-0.31446645174065735
-0.6214604840238476,-0.32696005218799595
-0.6175225000876154,-0.3295419424200782
-0.6169249927852166,-0.3335962549855385
-0.6194105972559754,-0.3357562716282886
-0.6159394743049526,-0.33347307764556766
-0.6155267566650193,-0.35272612829011085
-0.614132192675235,-0.3440803363776802
-0.6172162172106836,-0.34144604490835706
-0.13964067250265866,-0.7300435283998454
-0.37230662526618874,-0.8814183121055967
-0.5866176558391694,-0.7234545512434853
-0.47753335465491814,-0.7320115849907207
-0.6480836259739492,-0.8016550049454882
-0.6498310507511597,-0.8161735356554121
-0.6520684551050299,-0.8053352932064808
-0.6495390808351913,-0.8153487030126578
-0.6498789344958761,-0.7985979228900613
-0.6514571923994223,-0.7937310130909427
-0.651368603949233,-0.790039126675909
-0.6513011911997773,-0.7819610235595214
-0.6525848801160097,-0.7974089689526165
-0.648332080296143,-0.8006084412983085
-0.6465289635128125,-0.7644435783607602
-0.6511778668760164,-0.7759060205767858
-0.6519181303661337,-0.77266354593374
-0.6558829804087171,-0.7648758799193274
-0.6515869624067043,-0.7614271714438935
-0.6519002188919023,-0.7752170849390247
-0.6522427425957068,-0.7719303739165522
-0.6497527729898293,-0.7436337244592568
-0.6530812609140744,-0.7483254814823347
-0.6524227120865257,-0.7554481077861963
-0.8254663412751057,-1.1773710580569865
-0.4871001262196989,-0.9633720068955665
-0.6676487470441155,-0.8415806246052158
-0.5766821477385695,-0.8924031725412904
-0.7190287635167839,-0.9437928286178299
-0.7191755164494003,-0.927941129823876
-0.7201076942895848,-0.9377276222733943
-0.7217590227272618,-0.943090057214752
-0.7216462041658485,-0.9263875513852413
-0.7209113287875231,-0.9324829761045339
-0.7223657810512876,-0.9344549384799175
-0.7174364697594744,-0.9227833782484198
-0.7200970805025024,-0.9153252584653981
-0.7202510836836278,-0.9307637015047272
-0.7182646650482951,-0.9306075310508457
-0.7228379595118057,-0.9176461307889117
-0.7180831132806013,-0.9289420436897589
-0.7212863847752243,-0.9402557701801642
-0.7217465572486512,-0.9418400415993993
-0.7174701964501318,-0.9308773063533129
-0.7167496269138461,-0.9318181526294567
-0.7188844774039417,-0.9285320142293128
-0.7167047471747805,-0.9447345852862212
-0.7158466687436352,-0.9451272162128879
-0.20100458354511347,-0.7024807373858621
-0.5905114649979982,-0.9419352817584903
-0.7332409380742494,-0.9291848944276326
-0.6664249960145415,-1.0567625032857642
-0.7813444682261186,-1.0688303437501252
-0.783810948776501,-1.0501557727299244
-0.7798541395107248,-1.061357716606887
-0.7793064008490777,-1.0548957907505265
-0.7806667404241674,-1.0765493984336703
-0.7802138239804772,-1.0450568976837968
-0.7828241986585065,-1.0522792137585966
-0.7823066485473481,-1.0731715378135944
-0.7864850404224901,-1.0721708126630822
-0.7819145434169233,-1.0725830488490171
-0.7820418955199117,-1.0642525867681394
-0.7814682343084517,-1.076505317323783
-0.7818663634157744,-1.071137502168412
-0.7814247504793317,-1.0744956618830723
-0.7800532266600713,-1.0697444388911448
-0.7815808292740823,-1.0733570961254233
-0.7777463366102988,-1.0802126589490249
-0.7804722916557424,-1.0876303717439595
-0.780112411072497,-1.0732090220922292
-0.7782457720831165,-1.0558894196132116
-0.8467330018536284,-1.3985130345754555
-0.6723319137309697,-1.3560850379633242
-0.7804859663628978,-1.3732418203127514
-0.6721254083186314,-1.310852341951224
-0.7566017699236566,-1.5090191180921761
-0.8380655109089653,-1.505471048094871
-0.8375920618672944,-1.51621909048806
-0.8371922331080589,-1.4975999762064598
-0.8384077893365757,-1.490672442951698
-0.8383329321765018,-1.5092133688841454
-0.8392737943106248,-1.4856964397742254
-0.8370197434239578,-1.4970286306598581
-0.8383240385675033,-1.4999768938111644
-0.8387407304315571,-1.496630111765475
-0.839617135155384,-1.4898374918198216
-0.8372580068184863,-1.4828651912061421
-0.8395892964326088,-1.4863905036465856
-0.8381622197672729,-1.5036590815828865
-0.8395331638862271,-1.4849401585539181
-0.8367870151463438,-1.5003549024629028
-0.8382348999263163,-1.5033004009811366
-0.8400973749460972,-1.4938246475478132
-0.8335432170872294,-1.5054691601895427
-0.837391766237525,-1.5076199380637147
-0.5247230707324405,-1.4911476285378709
-0.7392606417169445,-1.6591715342855011
-0.8322711734758703,-1.5811329394476414
-0.7513853293914554,-1.5455247742185356
-0.8755710115853238,-1.805603939111964
-0.9107794247406641,-1.7712431249589424
-0.9144355631506127,-1.7541371780776092
-0.9184788848623123,-1.769352156506231
-0.9144404804649682,-1.7583249665407823
-0.9120230642153508,-1.7645935145949043
-0.913797390118125,-1.7598976230411547
-0.9145721092726912,-1.7687766014057438
-0.916977650720626,-1.7751679227229045
-0.9156904902977727,-1.769923258041778
-0.9123536939611712,-1.7727308765491847
-0.9129772657542069,-1.771610596481883
-0.913043892171135,-1.7677937308542235
-0.9107507322942248,-1.7716887043201421
-0.9124400499702627,-1.7739548978169337
-0.9112218593746364,-1.7723255767686117
-0.9115904219880837,-1.7781379268675126
-0.9136209154920167,-1.7620685549396062
-0.9121003706222949,-1.7864194414067132
-0.9131657289908046,-1.7829453124904115
-0.5263728263651792,0.9210928406787438
-0.2723568246781501,1.1868276064742584
-0.4586908820653422,1.3667808379063908
-0.30280098322628757,1.4957012199778474
-0.3157739187868543,1.3282834806539716
-0.5102221273696814,1.1881728913738079
-0.5114910005992663,1.188236383379315
-0.5105528689097495,1.2166828400695764
-0.5092434707550888,1.2335239670528781
-0.5152301330475574,1.170430437984958
-0.5179425425746799,1.2123186147811162
-0.5136114733877716,1.2464448520824845
-0.5154722214176972,1.2364594778450912
-0.5185249768182316,1.2075242374502095
-0.5111439634224646,1.2330484077442403
-0.5153000134694713,1.1451106297015003
-0.5141992394038163,1.6604390084000458
-0.5135598401383474,1.1619873386125972
-0.5101147869910299,1.1556592588472692
-0.5110989917952214,1.1278397015441481
-0.5128952866491123,1.155495884168297
-0.5159305880567606,1.1653825637310031
-0.518922821988679,1.169825149691746
-0.5124807356381499,1.1893240220125862
0.5191321791713254,2.187115435410295
-0.2435349217710775,1.6708490545261774
-0.44421295488647894,2.261147810051874
-0.2508876437507301,2.3119225624749413
-0.2876478541089359,2.203822779758026
-0.49022427299216387,2.022627645906395
-0.4906133540506301,2.037553588480203
-0.4903225159834392,2.02861565983139
-0.4920663154330597,1.9861468813146994
-0.4956010329726682,2.0270718292836682
-0.4907875857441413,2.0210382498049753
-0.4903699833674075,2.085664546330437
-0.4868375368769907,2.017935246263599
-0.48785930389186916,2.024280493679637
-0.4962363547987726,2.0654815362075385
-0.491304514097637,1.9903751060408454
-0.49056101050623957,2.0008273919099433
-0.48985922551849775,2.0302454114467774
-0.49169692097579004,2.0348155458205737
-0.4919512920031023,1.9917779838881666
-0.49396545446269363,2.0310958462709596
-0.49495257334796855,2.0237765782864283
-0.4919579802279981,2.000041829480829
-0.493400304218414,1.970311066101795
-0.5854692515230455,-1.5338903463508207
-0.7289626418215761,-1.6150266236787303
-0.7196807268751741,-1.6215773946574032
-0.7008943789015093,-1.5671403988255723
-0.6746569714057464,-1.4762319039633984
-0.65463088192999,-1.3539422976425213
-1.0318766936073607,-0.5631691585047298
-1.032568771792271,-0.6008718473472525
-1.0323908266418416,-0.6522141858412753
-1.0314176251676779,-0.7154455598361259
-1.0340119955856604,-0.7031950390532495
-0.2859580999390668,0.02282722979096513
-0.3814127942564445,0.79453039126149
-0.3723266267168348,0.8884819735053591
-0.3711592315920121,0.9549234754612166
-0.36652656349019386,0.946246533063817
-0.36881103126263903,0.9776796059271518
-0.3567744047490407,0.9504410217977446
-0.36578269882999487,0.9357223610367071
-0.7172218266112595,2.623974149409817
-0.7486107439173691,2.7225581056788393
-0.7450626489073966,3.231213787848023
-0.7468891340330336,2.5988666162990897
-0.7447634978161731,2.605176057868966
-0.7070311275994092,1.8888170703869231
-0.7312004460864303,2.074008293057887
-0.7055233848770593,2.5893496469402653
-0.730847275024694,2.071938401817501
-0.7218411654463701,2.3242913933658937
-0.7625182516620559,1.5861986526520586
-0.7762239079657152,1.597210738550383
-0.7776014816474057,1.6875103024753524
-0.7763543693113837,1.8746609788079829
-0.7732724421515758,1.444435645855613
-0.6243111124032444,4.0426651213185565
-0.6503155864958416,4.534388748254181
-0.5616955184358842,6.524603380763122
-0.6620497514144232,4.258231688974387
-0.6587980914422548,4.351983764664107
-0.5562003510415631,6.1894843265669515
-0.6391828157848636,5.522229309953369
-0.6051642164222574,5.634495745620422
-0.613633976307264,5.76791851967127
-0.6096017334069226,6.20986529021019
-0.5159933860458017,6.555541445541837
-0.5574673496054352,7.545099263242022
-0.5953795640830756,7.049328695049979
-0.5832351190144874,7.26780423713509
-0.5512941457058561,7.478674470120109
0.4589064088978637,2.308061901677331
0.11937479130075124,2.4865312314319987
0.6053939237876323,2.7760541246498396
0.06059065198591662,2.671330590114884
-0.08571670445084612,2.5306263565996447
-0.09887492668335557,2.4896388498527893
-0.09421440669821102,2.5267683197691455
-0.09739488356636145,2.534147826866159
-0.07865162183765162,2.560174436292142
0.5027986566110204,3.0967403554606294
0.5362836958124556,2.490118096424371
-0.10413746935922097,2.324232130533453
-0.09794933274978451,2.406430256082805
-0.08280213540081438,2.436502630216294
-0.6816406356387942,3.286711018427673
-0.7181566582972543,3.484871056693801
-0.7273462197620905,3.021366318360093
-0.7104728379988154,3.4702233996166965
-0.6983728041169144,3.6438582519152534
-0.550664705005256,0.7690463242413581
-0.35632240970614354,1.537226933695507
-0.3627320305689863,1.4961331207563295
-0.3480302211346008,1.865547805236366
-0.37132004748575553,1.4911936793405716
-0.3548402815934057,1.4781771170431632
0.020687847819334193,1.3256792819787875
-0.4369401495983649,1.1087617702848669
0.04416558081368138,1.420088512888303
-0.42611776509400534,1.1467009682152647
0.03802626973164358,1.4122409327141048
-0.42498863588226277,1.2010835170296965
-0.0003787358381467376,1.3756272595411259
-0.44877127358367574,1.191047106085597
0.02443495329913692,1.3694647573048393
-0.44040986234381274,1.1703744879018438
-0.3232469494809394,1.1924752948030692
-0.3151191493785505,1.19178779307038
-0.31510457732316816,1.165039382645253
-0.32100217574775763,1.1955891617149195
-0.3295392851729696,1.1770026920368433
-0.11224460754534998,1.2823613094355728
-0.471533671466838,0.9433692515083387
-0.46591526626752783,1.004121152158683
-0.4652834591135764,1.0420545492998543
-0.4582980150626771,1.0919525131705436
-0.4652593958077507,1.0928665118213747
-0.3155118992094286,1.4822121399795256
-0.3181096385473882,1.4426719250071145
-0.3233930416929556,1.3364182653324381
-0.31672277717784214,1.2594789173395113
-0.3064041650937222,1.2297549231872205
-0.03886942213759481,0.997751328703651
-0.4647886880871676,0.7372984653200914
-0.4612158332955268,0.777649568978702
-0.4533629361515865,0.83098962423206
-0.45918935675547756,0.8708161822062852
-0.4532046148142407,0.9212190461119596
-0.588451493588239,-0.6349251029626369
-0.5982983075957832,-0.6122854398352493
-0.606323630325721,-0.5750531679599956
-0.6053167750488049,-0.6000830097968042
-0.5884504568119937,-0.5960151014619783
-0.602727611255185,-0.6144055024600517
-0.6016400362391416,-0.5960454059654728
-0.5945654835267492,-0.5724898946478414
-0.7951015273712675,1.353159489708078
-0.7947668207420578,2.0346883127382984
-0.801503710968513,1.8122066078135244
-0.804606400383237,1.3633045990945982
-0.8010169648511791,1.3674608948848512
-0.8644701766924562,1.6565737319542713
-0.8555065076495687,2.1232445370332935
-0.8492166417938154,2.26394204462337
-0.8439308407288626,2.061943239909207
-0.853528064659398,1.9797746143202317
0.3274267548822758,2.22603214352528
-0.13504474747454204,2.094979213854436
-0.12217193227579226,2.135539168862529
-0.11570362737286832,2.1827231674693985
-0.10652634830595986,2.172799597673616
-0.09187554473134624,2.2592807858257715
0.40118136243403224,2.464534093277582
-0.11053866414773245,2.321717032978559
-0.09635117443314961,2.336189484589794
-0.09386137152971397,2.3841110792896725
-0.08055998177064494,2.435945539138507
-0.07903130539905379,2.4382429025103547
-0.5580605726224495,-0.570099106937903
-0.7238231663007791,-0.7865170394031147
-0.7230966141105744,-0.8261907358065317
-0.7200855430549193,-0.8265764741607573
-0.7244855249231065,-0.8099790209674977
-0.7203756669042334,-0.8237775766770299
-0.5752016803426763,-0.5791017422930365
-0.7419117268390165,-0.8426291401978065
-0.730526408551539,-0.8350899911235554
-0.739288218300036,-0.8624321033574613
-0.7346749403894925,-0.8764748538577567
-0.7397640228001491,-0.8819936103698469
-0.09352681361960113,0.8717753960122772
-0.4226045067428075,0.6838909226314196
-0.41453028296387473,0.6912638062756005
-0.41712435908717616,0.6985564470839862
-0.4083821416485105,0.7219844370665465
-0.4044741802991212,0.7586496950768626
-0.09063492374485471,0.7459008839419525
-0.4257518155674158,0.550563926092517
-0.4054853837641678,0.5975924684574487
-0.4007099283847137,0.6130619714474281
-0.4058929384375468,0.6007468226558537
-0.41137774858406306,0.6493419303506591
-0.5245946504768221,0.752972616535428
-0.5836043357561879,0.8093291818355541
-0.5767650329093514,0.8398407891029187
-0.5755635035990535,0.875510154424165
-0.5714045307376543,0.9462662841700284
-0.5613672211357723,0.9193793839226252
-0.4926320101784041,0.5809343560850624
-0.5703211674535824,0.6221171818945701
-0.5604113627459973,0.6751546098739185
-0.5574383414759885,0.7151464592709622
-0.5572483534847855,0.7432277208466347
-0.5554507480715791,0.7416600443292058
0.0350450290136094,0.8833568028936265
-0.39711708615938,0.7049968086420291
-0.3919094386106382,0.7404542306049817
-0.39091782852181167,0.7564877087632662
-0.384369699960022,0.7780769571305093
-0.3814950471477074,0.7647835938021363
0.03953604147171064,1.073256198468827
-0.3970343691270585,0.9218407676639455
-0.3842789022652583,0.9456869456058616
-0.3870844068075602,1.0182301457661374
-0.38679530908873805,0.9753664154790473
-0.3794056036833658,1.019744901458865
0.43428069511060363,2.855932243228511
-0.1233740818797383,2.7189784888138546
-0.09744183550704894,2.718971513494498
-0.10757706909835973,2.6996225992613967
-0.08459019643624721,4.032541752441138
-0.09131520001388205,2.754677458570733
-0.012870695875590421,2.4684064362518283
-0.1266094378890147,2.7200946309382394
-0.11403155368292645,2.6600547984247735
-0.09811820553405587,2.694072533575921
-0.09607195695173537,2.723733447565672
-0.026986940305526508,2.59038999065909
-0.09606489377710947,2.5231832406772754
-0.1014812589670237,2.635830569742564
-0.09040525171915503,2.677043463288401
-0.08393856952852524,2.7116539147409418
-0.6045728861280409,0.3615340332082773
-0.5874956356269972,0.08049833323281358
-0.6022048284887421,0.18657731024090446
-0.6008104740734934,-0.03166219276882282
-0.5766803076033437,0.21726166398776775
-0.563909091812447,0.1798242166660325
-0.5779705524771109,0.24034142450476065
-0.5679858244945948,0.2802271719139832
-0.5644396054143715,0.19323579553274023
-0.5931203492510843,0.21953737980975047
-0.5658430486210391,0.26630934461093253
-0.5925339252851864,0.19580451469818322
-0.576471645834402,0.2253100881063695
-0.5898415981074165,0.29770479106815756
-0.5576427279753371,0.14392943246227224
-0.5673182554561294,0.1647907523882593
-0.5706033598520087,0.3875024239626362
-0.5612804966391037,0.42230340437760244
-0.587110775931989,0.297436551699553
-0.5929653976159207,0.1084308937481337
-0.11905710693927418,3.04294666423854
-0.15859311814999205,2.589775224872588
-0.09914865925916133,2.5415448043925246
-0.1677725522326532,2.3731782784512254
-0.1386559549719788,3.021068664706454
-0.09258755858244677,2.923241135014073
-0.10211687081454923,2.983616874024658
-0.11468091875286568,3.10832665152515
-0.09807975475512354,2.9287513166513772
-0.18144066627016314,2.9212600955432806
-0.12613938741573394,2.956453494603947
-0.17431077612741858,2.7791508122275324
-0.1336227276441116,2.95773858123675
-0.14320376479214425,2.929251863758374
-0.10759074719876927,2.7003217895464995
-0.09416519476730051,2.651293316333111
-0.10894864483819977,3.0971124891830963
-0.10230978783563865,3.154590152019152
-0.17865035746441693,2.7841112767856107
-0.19605604998661186,2.3301553315084433
-0.5449363724353127,1.0045730542368299
-0.5840774078645882,0.12435815571735004
-0.6257170813749663,-0.22356167869896165
-0.6310467759114898,-0.2998220044705108
-0.6412840759523939,-0.35832359379287626
-0.6427084733847884,-0.41813376995185425
-0.6430741641143225,-0.4506284511140975
-0.651437791480076,-0.4184889855757332
-0.6581876356804092,-0.4577358267240905
-0.6631257682623126,-0.4945484689121977
-0.6658237565525538,-0.39677431768688487
-0.6536874413181112,-0.3428050802829389
-0.6754384998477732,-0.4395809312546082
-0.6750665137641646,-0.4816249363224755
-0.6873282976728784,-0.512545945243827
-0.6807628419909858,-0.5377197305314056
-0.6925020393404662,-0.5318455779464785
-0.6872888107085106,-0.5269363445763532
-0.6943221007717362,-0.5586526409820567
-0.6879170238785278,-0.5647935594124464
-0.39077377543875025,0.4942497395613947
-0.3405159391730984,0.7016907374649499
-0.35536063239118,0.6467683936576489
-0.36637962625047304,0.6992849947659765
-0.34346422756087913,0.727729618536989
-0.3372759564749877,0.7656348143369811
-0.42144657454620604,0.677653914492123
-0.4084556374387324,0.6406976175120986
-0.3966117915785496,0.6515817915632154
-0.3830536779597253,0.7807291941626735
-0.3991379910403817,0.6792825064923822
-0.400791523853941,0.6816204734771325
-0.3965015182597462,0.6897466288842868
-0.39452142941192847,0.7502772832996301
-0.39626644782061,0.7047196842612078
-0.3803209942493124,0.80488087381352
-0.4183026585717494,0.4704861725026856
-0.4109907285334061,0.3820088493257256
-0.4470502721972414,0.36857445819834805
-0.42931517463493263,0.2991955856122381
-0.4035933709678371,0.5255985353704631
-0.40178072621796157,0.4099988761447965
-0.41447976441599066,0.44502426217719865
-0.40019563587245044,0.4663090556591471
-0.4039061515621881,0.4444490417549309
-0.43277999163559516,0.4031232147681029
-0.4091368737965042,0.482537589253243
-0.41725630810692826,0.4361457775850232
-0.41064636872786286,0.46785144185490485
-0.3997028014720422,0.43407381080540314
-0.4050341868099696,0.38311223458463
-0.4084791534117322,0.3421831173535143
-0.4023217269228734,0.4923751575049717
-0.39809773545424376,0.530926535722364
-0.41020983953759416,0.36538028143897966
-0.44727597842504496,0.20549547725156203
-0.4114365031770454,0.46385679625466797
-0.4251274139091919,0.4259251551549614
-0.4075208986458172,0.3895672748951879
-0.4265981773577404,0.3321902256228761
-0.4134346306585519,0.5758584272235419
-0.40246398994528104,0.5510836010252194
-0.4082082759966451,0.6788079308551573
-0.3912076624645249,0.6899748269418342
-0.4036236428315583,0.6155052502191081
-0.43198137160579464,0.6064163675985894
-0.5601321325070456,0.01361059767973588
-0.6378124637621819,-0.2485697602622377
-0.6099040426544442,0.1882980211743956
-0.5955525780922414,0.15506632617002752
-0.5856381917748833,0.39171410024665293
-0.5858929938008943,0.37609167648581326
-0.5988863161352789,0.3962436190390906
-0.5780525115985058,0.48639485457188597
-0.5897305690435307,0.4454638331239316
-0.5787023263945827,0.40929698554227173
-0.5841825423509158,0.44861221694989856
-0.5723922207774079,0.4230849635860168
-0.5868261045757769,0.4576942848165329
-0.5702352737071269,0.43695177230960797
-0.5905891297559555,0.390562617096709
-0.5940477285130638,0.5285875516564171
-0.5877931767543428,0.6643796596526614
-0.583517797110665,0.6825944827151338
-0.5874538931729236,0.5299146480804295
-0.5808494914322193,0.3919050036957011
-0.5664530629336956,0.10223819664602779
-0.6105463211907396,0.21770568570354215
-0.6219392761008358,0.2526009971866863
-0.6095941678582684,0.17982412469769699
-0.6106408421819384,0.4604542271154786
-0.6133413344826634,0.37889037567502676
-0.6210822400097333,0.4374443717527137
-0.6121390519804889,0.4096487187326175
-0.612215331875838,0.4191456976299058
-0.6029986786427844,0.44090244324632805
-0.6143955345250548,0.4552117683894242
-0.609764824869751,0.3605498783639171
-0.6167149454496943,0.3893892390832318
-0.6092796734436735,0.35790666931458276
-0.625620514976381,0.2989642499968364
-0.6206161192467692,0.26991076026854605
-0.6171755651407878,0.4646389950515993
-0.6158273226160027,0.42169272125392127
-0.6090418718621968,0.32150830819154824
-0.6081320481666432,0.21922894846891122
1.0283177529913186,6.520619586032915
-0.12871496896768286,4.829745472347236
-0.16392932251889786,4.792141252173344
-0.5700612204552008,0.4141362652976372
-0.608482508144146,0.6111466890579329
-0.6062567787574216,0.6533851214119462
-0.6024881245547297,0.5521602264025225
-0.5970983027682627,0.7523153127156128
-0.5990529589314215,0.7342941305102197
-0.6085995583820512,0.7766650570404985
-0.598578980940447,0.8360231305292052
-0.6016118148523668,0.6339130989220811
-0.5997869414389394,0.6333661766892908
-0.562898687994151,0.6993462309791343
-0.5694224527546091,0.9237037920392763
-0.5746324615320999,0.9392614240008863
-0.5658570291875941,0.8596584387711481
-0.5586902615332447,1.0851741558101786
-0.560954939532215,0.9638381627251666
-0.5709990032476012,1.0429277462492337
-0.5610741065202741,1.0582138205437146
-0.5677903388468691,0.9672048919028446
-0.5661606352777216,0.9425841645440245
-0.1784915237757238,3.361862606318247
-0.20997440872329437,2.8728464044606556
-0.150849251121207,2.815483458960882
-0.1861626790428712,2.770945921989762
-0.1550297248455979,3.2664879389102754
-0.14583315331958907,3.075388221522443
-0.15550148154192267,3.28008999364491
-0.1391350032141268,3.374674877079157
-0.12122839531842228,3.067131247555982
-0.19634191099600795,3.104737339349666
-0.6198159586050889,0.3507044223291968
-0.590231330748892,0.47000465919257733
-0.5550245695359989,0.38930272827566975
-0.5900584384958237,0.3191896523136272
-0.5962433753345843,0.6116624141924076
-0.5529134311942405,0.5360546246605915
-0.5656548369545502,0.5625100543792041
-0.5664305228550336,0.6078264777560152
-0.5808850690709595,0.5537030256393967
-0.591648275732925,0.5962013854696453
-0.10847539462182787,1.3150650015474223
-0.35439091328114314,1.2141571204639448
-0.32771600534680123,1.42322222896346
-0.09248113790487589,1.255452313191963
-0.3676022789422754,1.0470613388362295
-0.4174699165882831,0.8263641768838608
-0.41926459585512765,0.8763726301576158
-0.42840719863774246,0.811176608172856
-0.416334028380279,0.896906862535757
-0.417859111834358,0.8630081663147269
-0.4168774201531804,0.8908409054654742
-0.4143909565510857,0.873923859763585
-0.4625564137995141,0.8518212909610099
-0.42830741491819213,0.8630185979724128
-0.41602736136760643,0.879253439918463
-0.4159888169445364,0.8916527588002252
-0.4120794601104258,0.9786301363422096
-0.41953725625820626,0.8840567787152018
-0.41272977026193974,0.9134478234154744
-0.4124263768666284,0.93119476658247
-0.4105503367303067,0.8731897301676952
-0.402688306553727,0.9183921856603885
-0.4126663183770746,0.9111051891332027
-0.4040032682146344,0.9268672881393938
-0.4171983383796293,0.900611861005705
-0.41555866772064104,0.8784668196786294
-0.41161945076500017,0.9798742999905947
-0.40444476988086187,0.9213732515345983
-0.4069133153610903,0.9735905751445284
-0.408907411229238,1.0259884578140965
-0.40660374286656836,0.924130452354504
-0.416324864199092,0.93364072849019
-0.41529977955272857,0.9290543870981294
-0.40399316299997295,0.9232518151860916
-0.4077740289515756,0.9328958154896236
-0.4139965229792999,0.9763904972631936
-0.41050120838847626,0.9004791125674294
-0.4113490265233101,0.93255971632459
-0.41276962061347694,0.980658129523662
-0.4095350608358115,0.9561509634723222
-0.41204080635123397,0.9457147045105676
-0.41159285166798615,0.9314140717298498
-0.40530997807014424,0.9871059739194579
-0.4168865765445401,0.9966562348410255
-0.40473967261303734,1.0103379476747607
-0.408140922387827,0.987062184582868
-0.4126639421456523,0.947068433431766
-0.40778821561568185,0.9483251186368917
-0.41352110586268687,1.0157901025635314
-0.4070083723680531,0.9678328313408506
-0.40960477045682675,0.9781573298965738
-0.4073330226757939,1.0021632973299286
-0.4080685096932368,0.955278902396054
-0.40699170146034835,0.9798336060087978
-0.26714556514141713,0.7831881126775351
-0.5388717766373922,0.9944710217632113
-0.5876381818821905,0.7937786062544134
-0.5809012174344563,0.647779708450301
-0.5882072890101658,0.6718178603629696
-0.5860558325492286,0.6504973467006143
-0.5918789161408914,0.6925082522718404
-0.5844827450653257,0.6976037021684849
-0.5875993033852878,0.6916797465915561
-0.576731863621879,0.7032505516268746
-0.5760048047173218,0.6930142694979367
-0.5846554490310514,0.6998348488955639
-0.5787549668664481,0.6880689222965954
-0.5895387626198638,0.6992515099299403
-0.5778481377349646,0.726860251556787
-0.5838165003713248,0.6256565792873579
-0.5795797272677499,0.6973791623753665
-0.5819216010421392,0.7448264039737014
-0.5743196580399967,0.7026863598174309
-0.5683298070081414,0.7437189579471255
-0.5735601709656926,0.7604072720379411
-0.5795117453455981,0.7204138566303857
-0.5754360107579952,0.7070160578828486
-0.5758808148561387,0.7080766360170483
-0.5691655206310956,0.7083144081149255
-0.5643372020933045,0.7326527795874582
-0.5749900026303434,0.7219951576261505
-0.5732832263961887,0.7267036395346147
-0.5785428568246144,0.6581403813104445
-0.5733816407422689,0.7267058907014112
-0.5701560788698485,0.7256464110213587
-0.5681210122974243,0.6945220063425281
-0.5700313610338793,0.6908977001522165
-0.5789261956903882,0.6697746356433156
-0.5805678610253362,0.6970775206448663
-0.5643563310621855,0.7431086473164834
-0.571966164662343,0.6731779688671482
-0.5754713449671852,0.6723883882539845
-0.5698219842383757,0.6166174545797718
-0.570029687048095,0.6898221074272533
-0.566299081644579,0.7070124952425476
-0.5739612350884655,0.6460297134611508
-0.5700677536467378,0.7418652807897839
-0.5758179099168391,0.7116136528130876
-0.574719236512909,0.7392308345246481
-0.5662240742931414,0.7447399866508926
-0.5788994174610941,0.6749175440137154
-0.5789113130561547,0.6421460403827748
-0.5731519217981134,0.7091787594536587
-0.6092704504217741,0.6586318799244504
-0.6025904387953329,0.6598967257110022
-0.5806408786711482,0.6528795079857772
-0.5835414982026371,0.6835556083122405
-0.577104407365182,0.6950881086640102
-0.5753862386474516,0.718096295565309
-0.5763790635888595,0.7048983260209223
-0.5710709719369785,0.707945736015025
-0.5781413925698065,0.6740995498752782
-0.5770828041142986,0.6771992310186754
-0.5814120402781224,0.651846672887672
-0.5776297030474519,0.6395082091799518
-0.5794139236347707,0.6954556353761276
-0.5866613794811764,0.6770619905930544
-0.5725532700121256,0.7283331431886688
-0.5728488173384823,0.6834621657473796
-0.577521041544672,0.7465133814103062
-0.5747516345198821,0.6852457889673613
-0.5723229633667986,0.6388695543185237
-0.5708971336658663,0.6114819936556108
-0.5720085493563393,0.6357794816872053
-0.5727438156960716,0.7049010420179447
-0.5709886833856533,0.6151871002790852
-0.5636494692566524,0.6936203939066958
-0.5689221201021565,0.6292089554312583
-0.5808161359997943,0.7013588449008779
-0.5711315785878897,0.7176769532104037
-0.5783008790993278,0.6972607794039907
-0.5709984203103338,0.6945060202243065
-0.5677365474238804,0.6913065216666197
-0.5773452401179248,0.7159194190133686
-0.5765553044171403,0.6843443549770467
-0.5751958360169583,0.6513302947188357
-0.5779004480875549,0.6931990176377527
-0.5748609527873499,0.642617832892284
-0.5797730934979483,0.6960187502564763
-0.5765253842045657,0.5928148833215281
-0.5649908568331525,0.7395298349890724
-0.5678916410100455,0.6511831979229086
-0.5678875253701712,0.6804219357617018
-0.5721635751338713,0.7247678319790221
-0.5797970276543153,0.6801825763313119
-0.5732343393875341,0.7494916161740932
-0.584174729523659,0.6776693882066653
-0.5776212317670223,0.7039795751868121
-0.576868857155967,0.7135958820587067
-0.5801692419374241,0.6897105048543681
-0.5710760427167341,0.6920910340091577
-0.5780155848078367,0.6874989443241561
-0.5721689912467128,0.6993162632258443
-0.5775953725115027,0.6936418753572176
-0.5696763241473126,0.7303140127855947
-0.5753239149000623,0.7127081742170096
-0.5497297167767239,0.5714894960736385
-0.5453954007958416,0.6643266415741789
-0.5697592798899763,0.6871804079767183
-0.5719342732440461,0.6898289922464054
-0.5767446516224743,0.6930438095990938
-0.5697814755710293,0.6582823041336565
-0.5746039699183446,0.6875699029736637
-0.571631975362355,0.6609445483970837
-0.5759146625740131,0.6668426868799597
-0.5712751926510344,0.6548992195529766
-0.5729279157838099,0.6425105949799652
-0.5692725803486431,0.6456248972599765
-0.5728062017924073,0.5922433766748159
-0.5706139953196012,0.7167448719366802
-0.5767116394875171,0.6391354251891264
-0.5776795760149476,0.6760113376968435
-0.5738987611182583,0.7479077172237534
-0.5696166770195067,0.6918045549759404
-0.574463493056647,0.7136473286707379
-0.578271703326496,0.6765921336622847
-0.573035891115679,0.6901388067620884
-0.5675937608339715,0.6771917379700663
-0.5745369892200184,0.7201587987100597
-0.5737182301692781,0.7665443650487329
-0.5727993223067005,0.7025342505408432
-0.5746974404184422,0.7139001401215905
-0.5709574315078612,0.6529046717434017
-0.5718254191103526,0.6911568272266
-0.5684545657180146,0.6899570688990009
-0.573124007381091,0.6395358946976142
-0.5793238355301403,0.6707705336467136
-0.5671280915097389,0.7520692660853303
-0.5811522796216594,0.6865552776872854
-0.5868092736002215,0.7090367763044936
-0.5741726250653301,0.6527758042980132
-0.5800960392783276,0.6748394899572618
-0.5690940186432212,0.6750052994069862
-0.5766147571682292,0.656212514249541
-0.5755979360005168,0.6951504235394201
-0.5589095514468897,0.7202252445352706
-0.5770242036000466,0.7154707163945178
-0.5717212804603061,0.6483716410219562
-0.574853279144082,0.6515593060637481
-0.5793016205369668,0.6552706579508434
-0.5752834607689654,0.7407354682892573
-0.5692934556220569,0.6601937322564624
-0.5688969139986292,0.6832187226443165
-0.5749413456965721,0.6984957564358556
-0.5811594026248313,0.6533907641434715
-0.5750427200441246,0.7161384078701014
-0.5801693543926846,0.6712076025377534
-0.5769079972375908,0.6788499119096736
-0.5747751597877921,0.7072343242405335
-0.5707528900309582,0.6718192660662936
-0.5774373953061828,0.7066430620529032
-0.5759444522304269,0.678199659192606
-0.5738308288560106,0.6755331812667371
-0.5710441619117171,0.646885125808154
-0.5714915533721493,0.6824671631876424
-0.5736894747697323,0.6698185804045156
-0.5685437750979722,0.6829465910747592
-0.5720199605603291,0.688968914996605
-0.568951542248201,0.7009866460328198
-0.5775165708187426,0.7002293681159208
-0.5661646165919567,0.7499807667947023
-0.5770427604031467,0.6369430622454499
-0.5739676731390974,0.669305801921134
-0.5747806935238079,0.6516775058644872
-0.5702561027801648,0.7228177138428229
-0.5668616275558085,0.6948630071763866
-0.5726719442546728,0.7123178315608567
-0.5786590950662778,0.6865006219019316
-0.5787881891080281,0.6441432233037447
-0.5714729370463465,0.6577967986927711
-0.5747219133620779,0.6729640914549813
-0.5770191805098508,0.6130196047670697
-0.5807638060531345,0.6522072366767804
-0.573983029528968,0.6474080248469172
-0.5710521490338251,0.6566705206175967
-0.569575775122065,0.6441326654587376
-0.581623549409729,0.6651069818273281
-0.5800642437409362,0.6558880236143017
-0.5755122370055901,0.6924724318925379
-0.579132220327852,0.6609849981984168
-0.5812628564904383,0.6547487678841384
-0.5684444218713662,0.7124776923967622
-0.5742834181591256,0.6518768630327614
-0.5847384913960938,0.6626571163950232
-0.5711185787483581,0.6625136374207392
-0.5742111663218484,0.6665419198330347
-0.571693513409624,0.6767286936206955
-0.5776391023290083,0.7148630376134522
-0.5790366407919546,0.6742937747989488
-0.5764597482525142,0.6532701540912462
-0.5781484325425595,0.6855472839436549
-0.5856881658650034,0.6717736249360042
-0.5755763626295808,0.6380906929753452
-0.5620648317560915,0.7155947353441667
-0.5699661377707657,0.6941829827882491
-0.5811691507812159,0.6888450076601829
-0.5737269670179962,0.6988750374554988
-0.570586453937152,0.6886608877647813
-0.5755561007968436,0.6498505346526822
-0.46588280029369344,1.0490572896808679
-0.4269126818185697,1.3925845175910978
-0.3704066905918879,1.629081946033069
-0.3131106934368581,1.9933676933878755
-0.28145006588306853,2.1958527149287153
-0.2384700086582956,2.534693730838124
-0.19608172869500384,2.6765264583856236
-0.16775302595731123,2.9568170195062278
-0.2652587377523762,1.8864930985585062
-0.4323744631976482,1.5825563318385183
-0.48041563452961217,1.4053760514136069
-0.48978772428917144,1.4198612000670936
-0.49121720684392595,1.3481444470293567
-0.49263088376491526,1.2936424123613814
-0.4871145747350721,1.3557436720530371
-0.4875888071950894,1.4081467709152584
-0.4879210116641753,1.3798450984105342
-0.49616220274212236,1.339189736234377
-0.48520942941001066,1.3572882145030072
-0.48384216849148454,1.3180613880641592
-0.4826870584064833,1.3800540054510235
-0.4805532962048681,1.3517180861397267
-0.4810359206192611,1.3317978592493351
-0.4859900738120185,1.3549543697629567
-0.48622727133469135,1.3437924825386955
-0.4874508308070261,1.358168333748888
-0.489600535591726,1.3694976799181784
-0.4817996921232854,1.3978821892578628
-0.48900172587792956,1.3898706282076454
-0.49150459877190467,1.3214635389571452
-0.48809939850476014,1.4213160729782515
-0.4859589900502529,1.3706654440483548
-0.48410196526285465,1.296946696242133
-0.48567095139649835,1.3497643461104236
-0.48519240473089487,1.371770688741504
-0.4829514723155083,1.3790842460422361
-0.4891827278256819,1.3347289579746648
-0.4875969651724739,1.3391336130313827
-0.48813873248509143,1.30909250696318
-0.4778760883916877,1.335984469123186
-0.48797787196324766,1.3579251877592888
-0.4833126315099233,1.3353500424846396
-0.48758908062491835,1.3236028710418621
-0.4908960732572305,1.2743153187077823
-0.4826963383733679,1.3390425236872967
-0.47827048380108256,1.3463983572767773
-0.49280391254305583,1.2862880270985027
-0.48196785590366553,1.333281044267627
-0.48467951401627474,1.307558866331943
-0.4921148261054584,1.3069522912623899
-0.48662164302276745,1.345771784576627
-0.48534062999960753,1.3069200037064639
-0.4890112007265195,1.316295349597766
-0.4792710735860957,1.2990784735592549
-0.486220390689199,1.2862090149062038
-0.4812878488646287,1.2863133029208897
-0.4749611224746879,1.3656415663119879
-0.48605129927075574,1.2861980017735963
-0.48983770204202937,1.2535690634535306
-0.571739720460384,0.47749129050397937
-0.5846926492242535,0.4498413537841102
-0.5437192787186278,0.49939207685614123
-0.5917767691431816,0.4156492155405596
-0.5779970721983544,0.729786431763958
-0.5516719928305736,0.6844834390563059
-0.5648183555164776,0.6610894837244272
-0.5591522194851308,0.7769624412738376
-0.5509832881922455,0.6687019582200782
-0.5784020505906907,0.7255932194149735
-0.5630750704109073,0.7527865552520641
-0.5806348339143538,0.6660508298257171
-0.5716152424892162,0.7129286472064214
-0.5751764267598611,0.6765552483076132
-0.5508359655710099,0.536675418494317
-0.53748544248249,0.541883914262492
-0.5570931156746946,0.7808398906584353
-0.5517266524915654,0.8087103957947424
-0.5836177713860656,0.6450753986219715
-0.5918444266412878,0.45421237487591587
-0.2204121524817511,3.667620698698333
-0.20540640673337296,3.145808473735129
-0.15537563191011255,3.231007694206958
-0.21887332943825183,2.8661460300239723
-0.20367292813241866,3.549289302139158
-0.1483883033730059,3.452246679990993
-0.1600262746613093,3.408434902997282
-0.16165322735218846,3.4826922205943336
-0.1442404708044916,3.450791773204019
-0.20678176419829702,3.398905763044924
-0.6181272759555967,0.6840614718445595
-0.5999518044641609,0.8866823262601689
-0.5509488895509684,0.8417880813216436
-0.5997606527079363,0.7808876717085205
-0.5816856281865681,1.0500319660120765
-0.5582408356773323,1.0346980150393874
-0.566946379426823,0.9890197725850507
-0.5719097209721641,1.0401455848326253
-0.5636188848040337,1.0036856902353304
-0.5919500394599457,1.005584830537671
-0.6535940514506963,1.0339305787592523
-0.5678138477328767,1.580608454391941
-0.5202448042991037,1.8198202155723406
-0.4925568794972134,2.1518204030737538
-0.45363387460294424,2.498175289847071
-0.4194326536011661,2.70813346948732
-0.3713932146176066,2.9762667302261088
-0.3677255239427668,3.2675442241225534
-0.3233195217134825,3.541272672506837
-0.4034401127847089,-0.500225206195275
-0.5760998010481989,-0.43219658231832353
-0.5796210892055027,-0.5540291121868824
-0.5807907226789998,-0.5462086040061029
-0.5820460924396826,-0.5720976473823904
-0.5793979262215498,-0.5496681671132191
-0.5850206875136615,-0.5854113708909234
-0.5850130729219081,-0.6109069123026555
-0.584802163933504,-0.6246454055134455
-0.5803483504984771,-0.5890238535922707
-0.5803558368432444,-0.5453169375958972
-0.5726330500367878,-0.5071891833138729
-0.5715620740156845,-0.5115166153985373
-0.5698442779325504,-0.5310341694962948
-0.5747862386319129,-0.5439689521181457
-0.5774717969040117,-0.5524212803424453
-0.5741681474915041,-0.4992198776848916
-0.5793089398860034,-0.5708931208411894
-0.5770472544262262,-0.5636765759001574
-0.5736665055327598,-0.5094257934716113
-0.5769158627542927,-0.5121708061900427
-0.5832664621285596,-0.5608547485497513
-0.5692776016726943,-0.4902058407506238
-0.5781064204266481,-0.5601181001129523
-0.5793750338778677,-0.5236353331068652
-0.5776374735039302,-0.5745313743108444
-0.5718356684818299,-0.5381459748146504
-0.5722606535534828,-0.564904732106497
-0.582386878462042,-0.5646802328289744
-0.5743316265533867,-0.5531979984411499
-0.5732598744425064,-0.5718900023864444
-0.5805091829680121,-0.5508610046992128
-0.5758892320033727,-0.5866004639917144
-0.5894561262610619,-0.57200030208964
-0.5833106762296835,-0.5593616215587325
-0.5866513677251227,-0.5683641380996676
-0.5860847830314421,-0.5841075385240225
-0.591409951424477,-0.6053836572005034
-0.5905947804406988,-0.589501436095333
-0.5891213132946339,-0.6010996330223983
-0.5949493188856353,-0.6100483958618823
-0.5842862444288021,-0.5837467929097522
-0.5887286337094051,-0.6358671231829127
-0.5866235216737303,-0.59150678045447
-0.5930961226273883,-0.5707414209710737
-0.5966727511836144,-0.5984619318589397
-0.5906454391154657,-0.6093159300527882
-0.5875906288363626,-0.5875847777578265
-0.5980792284225673,-0.5911859306449709
-0.5969299627691742,-0.6314627632490439
-0.5959560771942081,-0.6036472450354124
-0.5660921408806292,-0.5052444675501042
-0.591266033511785,-0.5847918456709451
-0.5839465019164171,-0.5617608475951335
-0.5927770955659175,-0.5784140575390188
-0.5954573699423383,-0.6155237393949136
-0.5944389960321269,-0.6145226303801781
-0.5960331421067029,-0.6401014431576822
-0.5945622565881491,-0.6606137011481157
-0.5978479412097147,-0.620706466178135
-0.5980993988042453,-0.5976324712605763
-0.5990091666534856,-0.589626601835497
-0.6004409236092005,-0.653432569453009
-0.6009794217930348,-0.6341069280544859
-0.5950073944157462,-0.5965826996878856
-0.6040788376276738,-0.612299378896743
-0.5934276759465617,-0.6169490230029122
-0.5963439578227382,-0.6290312986713518
-0.6038504157916694,-0.6465582750106686
-0.6012203789172941,-0.598619654496821
-0.603459390235518,-0.6160498187282862
-0.5958886820644385,-0.5841240224490825
-0.5980790720057482,-0.6253218571709827
-0.59455786866796,-0.6478006088079865
-0.5953254028993343,-0.6085240359566203
-0.6036655324706306,-0.5825174192600568
-0.5950623811118703,-0.6592133164443141
-0.5970963864643494,-0.6483722993811929
-0.5958487206864523,-0.6255423437536554
-0.6034113788460372,-0.6359913476313405
-0.5866693938556891,-0.5940059311102273
-0.6004467621676918,-0.6208624390661469
-0.5995636952426128,-0.6480061877711412
-0.6011994153359324,-0.636588558721519
-0.6034041891484072,-0.6414998949203725
-0.6008609652536695,-0.6153449755517484
-0.6067016052368893,-0.6521753592570212
-0.5973427371724648,-0.6439693012288589
-0.6032112070467416,-0.5845586086370455
-0.6057713649467027,-0.6428256615180348
-0.5939482949836008,-0.6476609980372662
-0.6055757920800154,-0.6664239582059354
-0.6067754162904445,-0.6259822366997236
-0.5976596397905439,-0.6298913533858772
-0.6023827387910893,-0.640781842391283
-0.6000231254442628,-0.6427870675009784
-0.6044354291410239,-0.6089852242272394
-0.5998781375419053,-0.6663315627914167
-0.6001201518716752,-0.643573387220957
-0.6037947502968911,-0.6824297104501234
-0.6038833498206637,-0.6256463966683042
-0.8499229640366606,-1.1106126144219626
-0.8190574571312509,-0.6520598812930696
-0.7760473845096374,-0.2650722750864643
-0.7408589538613958,0.1411801744832551
-0.7118794176914767,0.3212942742112546
-0.6785037833074113,0.6316538559683815
-0.6547739042713142,0.8351416003624335
-0.6273338767743831,1.1004482268984224
-0.5987203053125089,1.400153374083418
-0.546806987868736,0.33485216627811715
-0.48889097942905413,0.32314182124037044
-0.47547688381982556,0.38091448962349034
-0.48670537404983977,0.3622439918279416
-0.462408298460857,0.6052902687763282
-0.4707206285779598,0.5402564466018362
-0.47238795680647616,0.5474225038137528
-0.4512064448623041,0.6805534075270674
-0.4646271057960432,0.5560524975473238
-0.47929184903822647,0.5281990956698035
-0.47439030956846734,0.5961048227258063
-0.4804508206444808,0.553479621572591
-0.47207935078852775,0.6015605681117118
-0.46912552347870023,0.5690905266933444
-0.4780835478269378,0.48730384468055193
-0.46842389724440175,0.5225298762358241
-0.4666466405014665,0.6074506283756154
-0.46923385009394153,0.6376010329103494
-0.47613211043603715,0.4947951116664239
-0.49441733183262626,0.3639713355508693
-0.7267812024374881,-0.7551997137663509
-0.6787730383353276,-0.49759445179913997
-0.6374512701148513,-0.28960104758254956
-0.5977917582127533,-0.07195351981438497
-0.5708038153154452,0.13888819233472338
-0.5540808992329558,0.3452801906516895
-0.5273141090750286,0.5135161737282015
-0.5092964759314316,0.720701433713864
-0.486263367813518,0.913971851827382
-0.5603158231074334,0.9039410595376016
-0.5096710906282602,0.8524792164330366
-0.5042343447376895,0.8959808697165765
-0.5084827457226616,0.8226371454439887
-0.5116444366852355,0.8458262690328928
-0.5094000530218606,0.8856271428738915
-0.5067526457489545,0.9456111310426627
-0.5097282670823147,0.8833424244985355
-0.515078675695894,0.8647136830700217
-0.5043631052431173,0.9262446942218814
-0.5069827227579997,0.8693772324759734
-0.4990516800217556,0.895863187114877
-0.5024815807509108,0.8678450255878603
-0.5064302026066658,0.9038818202947532
-0.5036796841862882,0.8447564597551622
-0.5107640518537246,0.9184840786461086
-0.505799648756062,0.8615041992730481
-0.5081980555986811,0.8604400227136235
-0.5134655298691808,0.8626032746730616
-0.5080209748166923,0.8616512267453655
-0.5069474161535396,0.8050722192027358
-0.5114213385789746,0.8356455056807621
-0.5061466893252187,0.8178258648687433
-0.5016704736979067,0.8050730191934803
-0.5113772644983507,0.8137363483905367
-0.5109476602646847,0.8560167402030519
-0.5069257172336857,0.842759106107037
-0.5103188341523566,0.8474060415231806
-0.5051783074395977,0.8903808028923705
-0.507745253988691,0.8511554613732792
-0.5183933364950261,0.8293935905261074
-0.5065937618857853,0.8158894307101543
-0.510405850744919,0.9051840147851637
-0.5131024672299985,0.8817373038615635
-0.5152270518449107,0.8504299408238678
-0.5081154977044303,0.8666472113343366
-0.514888139893434,0.8706263799274212
-0.5101217533332745,0.8477001552847545
-0.5074295840665514,0.9009968357451135
-0.5144504664336234,0.83175504990216
-0.515132954718097,0.827359384875221
-0.5050260899585032,0.8657646989280399
-0.5124504099270931,0.9050319359403542
-0.5113248138804478,0.8374451968829943
-0.5102596896216187,0.871584804605648
-0.5130710266076332,0.843288175007892
-0.5100956979649375,0.8631458320800205
-0.514686183954643,0.821407099850767
-0.5140925099733592,0.822056015401893
-0.5195335028807501,0.8126197510468598
-0.5156670039153067,0.8227661724406619
-0.5120994973531828,0.9069844556385256
-0.51686261290191,0.840653953592867
-0.511875930418361,0.8829463799395878
-0.5188262117687688,0.8706992531010869
-0.5644604575289108,0.38380172737651813
-0.5913311951674557,0.6163228293267728
-0.5939225670962494,0.5772673985197458
-0.5887678794521397,0.45516041587457284
-0.5798634965688272,0.6877380585203108
-0.5833685507412054,0.6288305333782751
-0.5940395748856182,0.7558908751046776
-0.5857516813695971,0.6977188827531053
-0.58405468952708,0.6851144650329413
-0.5807495620449351,0.6946669527331388
-0.5850412126831784,0.6753574332567336
-0.5795614355359701,0.7141630403611823
-0.5811065141374341,0.758861279590237
-0.5693163245813474,0.7758176078514509
-0.5957059915411924,0.5813431214829172
-0.588495810656429,0.6477352444360223
-0.5881572361154961,0.8135069000557125
-0.5806607161657878,0.8105854222740401
-0.5814670431242482,0.6771188141965914
-0.5841465325664188,0.609872578595898
-0.600781479252178,0.6041363862170099
-0.590515008052274,0.8235547454241228
-0.5932425661037122,0.842062501836349
-0.5964419802185067,0.6837904758739706
-0.5818467844932831,1.036248564574034
-0.5827649163748861,0.9319988258087899
-0.5878301331841562,0.9533205754901861
-0.5889557304152895,0.9606478566667558
-0.5922713259092947,0.9477304401867672
-0.582070677629968,0.9880455645171133
-0.5533865953341135,1.0902676087882366
-0.5608837511687035,1.1587972592576072
-0.5646120927801056,1.1437629320696265
-0.5590003962435955,1.0503672371999626
-0.5537475348047318,1.3382055949161855
-0.5530941787919833,1.3160800283076983
-0.562456280858208,1.3843577277865866
-0.5498012602421392,1.3128257694568948
-0.5501865394675305,1.218900260377181
-0.5392579175222855,1.2774709408768452
-0.8586407703799851,-1.0666475656754844
-0.8164353378236735,-0.6101742630203137
-0.773505989665412,-0.16762516250180798
-0.735503460145292,0.1332844553313836
-0.7140244664763533,0.32502554338383477
-0.6869963021592278,0.5816347654085998
-0.6529008645144501,0.8109336400018086
-0.6288707555188197,0.95232061658916
-0.606738888494375,1.1873425148238694
-0.5928671638367067,-0.0009328422037426232
-0.7625419849576454,-0.8518490278040012
-0.9481387624367046,-1.503581037030376
-0.6660917054122364,-0.5407918866706172
-0.9001764221769322,-1.3126119610048392
-0.7617731091869988,-0.864996862705502
-0.7452447161682989,-0.7614686600613696
-0.8677084014837275,-1.127790065223992
-0.8066647043408577,-1.137413256841439
-0.7700540956871926,-0.8671617345484626
-0.7283402190878904,-0.6493734551883523
-0.8559794256951079,-1.0276415379293464
-0.7635561338078647,-1.0022069574262646
-0.5927000610922636,-0.043966353795102775
-0.7238076113541084,-0.614419318456472
-0.926292486752296,-1.4138013093225146
-0.5670165470829327,0.09714613468004879
-0.8640038236298611,-1.000033838188169
-0.5849770326487698,0.23837012332375845
-0.8600751453452725,-0.9895256436107152
-0.6379486607087355,-0.07012809048446861
-0.6077979592033236,0.24636672102484797
-0.7994341801957969,-0.4980170140782389
-0.6689217152966787,-0.41785062601703243
-0.45589575531462795,0.9475818064854884
-0.6601815716220912,-0.12820773118854273
-0.9158135586587033,-1.2731833511468
-0.6070126678431542,-0.3423021233973766
-0.4687865045934118,0.9013632447527087
-0.6645077315962903,-0.19343511077939152
-0.9085045540965242,-1.2193742067069462
-0.4879901322665283,0.7087156340046263
-0.8493921302163034,-0.8589820051669421
-0.6248595357492897,0.08251590432031747
-0.6005301820011534,0.322542462325966
-0.7988977859942775,-0.4805363986481194
-0.7769711828593988,-1.2752990129800554
-0.7246350973014278,-1.1244626788582075
-0.6908435200273733,-0.9842179300803269
-0.6523369859979467,-0.869803031073269
-0.6304012710378984,-0.7097756171728169
-0.6132140070343387,-0.6047357713883572
-0.5933463972235781,-0.46339936339004256
-0.5834139955446299,-0.4123534241732363
-0.5653750415859307,-0.306624638555121
-0.810058417328294,-0.14555291145206373
-0.45746060690847906,2.1020907171564636
-0.6527259257826324,0.8408794121918628
-0.5803871475176412,1.3531026104396002
-0.43473369945103896,1.7206800523693604
-0.7491645523335722,0.1766910137005524
-0.70121048229761,0.5466702132525374
-0.5042428368134615,1.8690597117719252
-0.5088559116091914,1.224590441750359
-0.7447855590037616,0.1945188447863676
-0.6941009744752249,0.6184822697059722
-0.49737972873600533,2.006057452582326
-0.5158675955605411,1.2401305844691823
-0.8028819256058284,-0.2132647881679176
-0.44353855451778074,2.211156018357267
-0.6418544469548144,0.9200911734464392
-0.5753505590274779,1.4432501633874593
-0.43029669706608753,1.8701674382904618
-0.7457451156565674,0.2576806471588387
-0.6941867244936596,0.5839382941320701
-0.5049150174969338,1.9175101872092457
-0.508491429220571,1.3024444124596217
-0.7987924746172069,-0.07537411450620696
-0.4449971072109617,2.1949033854591167
-0.6547248290854599,0.8954997677407239
-0.5695179316418181,1.515979750421958
-0.4325830677515934,1.9173429713586791
-0.615463113265175,0.03791607232371674
-0.48830551927402893,0.4450257535451167
-0.40745454531068515,0.7403655880836177
-0.3278402001783415,1.118857496718625
-0.2857948562679256,1.3973719474477606
-0.23148425547918894,1.5978351532271065
-0.18409484287146494,1.7983233625538946
-0.15398846436530939,2.012479258652786
-0.11075291556489009,2.246488972698964
-0.27065626583592944,1.542866277229944
-0.2103817705020271,1.880912848613726
-0.1633341380285207,2.0668911933026375
-0.12687160006198117,2.312574307914885
-0.6130328184182996,0.043283738709397335
-0.48196886812286377,0.49756910556214257
-0.41015702113168356,0.8197717299285572
-0.32464862718090803,1.1395046660564025
-0.28229612269497206,1.433769486882701
-0.151928299207786,0.10943796606696699
-0.49461084581948894,0.4108810935834258
-0.5254596625304083,0.3646674304021838
-0.5208215526543771,0.362263437231722
-0.538151595486572,0.25954679221283355
-0.5546035996238919,0.30394481271561274
-0.5496320214626477,0.3514314909945742
-0.5656319860247332,0.29528803467808157
-0.5602211038195559,0.3326707817289532
-0.555135499072746,0.30906683062261914
-0.5479129981259165,0.29959063796232716
-0.556215393169915,0.3206826800531622
-0.5645392077455299,0.4088927228875245
-0.556240127622997,0.3000349934862226
-0.5557003372073092,0.2854935614135036
-0.5571962816614611,0.33999081136774895
-0.5563531712215574,0.3888244137477361
-0.5555237097984275,0.32714174099892784
-0.554203000767327,0.35680486861591015
-0.5556084935106391,0.2747606090290657
-0.551097977352264,0.3069286374200835
-0.5487600563233377,0.387636472469111
-0.548096445948669,0.35561895862018883
-0.5550860073131737,0.34466862643353086
-0.5491879763901556,0.3516580282051794
-0.5497742980717647,0.36609455228758997
-0.5532508552087915,0.4177656812398676
-0.5510033377799229,0.35860342664866157
-0.550058024437713,0.3496190077206705
-0.5495824546146714,0.39814329412012667
-0.5491646106505702,0.35072833144914234
-0.5537776028827173,0.36657900660653014
-0.5514029023740179,0.33863339983282587
-0.5523270631467204,0.35747079976510115
-0.5463914916726358,0.377577068364425
-0.5544177254747887,0.3967560147934757
-0.5492564460568901,0.38212752760859864
-0.5483637509254535,0.3409592077450891
-0.5427356191603866,0.3817798272188842
-0.5480021541021743,0.38268408259114667
-0.5498270422590446,0.35713075544569
-0.5524125428328706,0.297856304315586
-0.5526488516265171,0.43687712866968026
-0.5478067068710306,0.34243446496625435
-0.5442771364759275,0.4106051633546141
-0.5498035312168474,0.3629499630927255
-0.545756988423162,0.3167361759388661
-0.5513600359001086,0.3662446244998075
-0.5500066046085076,0.41448329924865696
-0.5474422335978771,0.35630193154748696
-0.5520914755210482,0.3491171315194123
-0.5481517753380407,0.37998088435502514
-0.5442369585414895,0.39539845021632497
-0.5379012174587707,0.36156402523825953
-0.5533447495173585,0.3669303282152781
-0.5410523341151711,0.3648823440367887
-0.5418180494370828,0.39695862092289697
-0.5473026455971478,0.36872924608728636
-0.5429227466948472,0.35299153705423786
-0.5495607636226317,0.3878245847878972
-0.5451266528314855,0.3980354315826666
-0.5426610501268756,0.4048087315967788
-0.5431553002184603,0.3947633684013982
-0.5512999938036596,0.3927436617150774
-0.5471381703582435,0.40361507298888016
-0.5541948926451049,0.37413920663123995
-0.5414804647788779,0.4120908053413069
-0.5516800574150522,0.4090698505387735
-0.5555496828306321,0.3612204421260991
-0.5406393159629804,0.38500079685186267
-0.5456875010819725,0.3570336888941901
-0.5512771871924727,0.5588027207252853
-0.5464351571218898,0.4011100695150354
-0.5337368825250861,0.4156829211879977
-0.5453998833044392,0.36931426090182123
-0.5521753376926934,0.4017747063893234
-0.5488399560685886,0.3754145946222294
-0.5386466025230632,0.39264330441122836
-0.5503540644224165,0.381178255887531
-0.5443333287958176,0.3579138999679869
-0.5461828199337716,0.36513912326831705
-0.5438002343587134,0.37760641169171766
-0.5402986031525217,0.4137108717697647
-0.5440039565972121,0.36631546563179823
-0.5440622419999143,0.36960968983644243
-0.5440806221583758,0.42355232914380975
-0.5482803230372094,0.4035697768484931
-0.5428104359884485,0.46560134393201796
-0.5476181774742005,0.4019728172786166
-0.5419571789944861,0.41405038703744795
-0.5367641528668974,0.3964513127769171
-0.5455129907064319,0.42494976850136196
-0.5405334201392767,0.41742472995005236
-0.5421220148793591,0.4106376895177431
-0.5470145431749391,0.3779722100414504
-0.5462731879298942,0.38200340836336794
-0.5380420365317524,0.41795333316724076
-0.5444777172699958,0.41204067437836983
-0.5465897171985805,0.39251172100945836
-0.5383615525630764,0.4115291124043761
-0.5537317009943031,0.3707627146695576
-0.5354173231927648,0.4570753928757714
-0.5526050088901688,0.44691954585600496
-0.5363911953550599,0.4214863421970981
-0.5486942940297638,0.40822360729201707
-0.4402768079788547,0.45951084078521093
-0.8223507959087637,-0.6701248004888792
-0.5102888559879889,0.4842369557809249
-0.8468394907493767,-0.7085149211411738
-0.49699274248244046,0.5693996692250276
-0.8413553610056907,-0.7168601796044183
-0.4908130025349211,0.6447795883148153
-0.84581822431832,-0.6445603822621548
-0.49088096718108576,0.6122756383272068
-0.8374720023455692,-0.6776410301004543
-0.48815291850712134,0.704034294813467
-0.8361796695092395,-0.6253678766865192
-0.48302201640300585,0.6875091353697012
-0.8361136016698583,-0.5449673502463467
-0.470435332994939,0.6276019307191447
-0.8365046487944252,-0.5936487964920374
-0.47292961544223394,0.6967958831856742
-0.8369481653296958,-0.6283395852568654
-0.46970694660831547,0.6640698143726513
-0.8291046947603657,-0.5932683137485388
-0.46584577135846744,0.6928792451858459
-0.8274648330744341,-0.664019354592496
-0.46662278642877275,0.7228501704530361
-0.8302112837327569,-0.5995040851174152
-0.46771476393875794,0.6890617408517297
-0.83294789390482,-0.6084434199293832
-0.4721600137029602,0.7204844872170004
-0.8315248309718759,-0.6101372597484894
-0.4747737105939427,0.6886497286081943
-0.8316162675819652,-0.5943358786268492
-0.4913736742045298,0.6868456284455393
-0.8333407714565386,-0.5620980060389386
-0.48253861651273877,0.7462788343427045
-0.8370603079646466,-0.5553439063238137
-0.48307992160244073,0.713777138516194
-0.8340954642833303,-0.6402631179621882
-0.4823310840290102,0.7421423492196033
-0.831853826404904,-0.6372546884147892
-0.4781146963312593,0.6976614502753815
-0.8348428863276525,-0.599700972856141
-0.47741417107051465,0.7392702955765449
-0.8294960620318313,-0.5723943759022119
-0.47474184044593604,0.6714638780449542
-0.8326172848317409,-0.576399723072144
-0.47534090235659365,0.6794543386851464
-0.8339173635161589,-0.6111552114775534
-0.4696035009087861,0.7043119693257915
-0.829427133252136,-0.5484418967541889
-0.46721231162243176,0.7624426558603228
-0.8351234021354803,-0.5330045130406658
-0.4678531277505554,0.7734216091188837
-0.8263253008083215,-0.5770861064076079
-0.4674381491003118,0.7895546763224583
-0.8252015898361903,-0.5047906746200408
-0.4601145286441358,0.785451959849456
-0.8266052823212776,-0.5471217395851015
-0.4758605537969645,0.7950642359346369
-0.8321693126082652,-0.5257108144668109
-0.4587236485881288,0.7703929764672819
-0.8271913776444226,-0.5260739675787496
-0.47086566622338544,0.7627627574007465
-0.8257787172470364,-0.5713288068434426
-0.4615702414589454,0.7937383042690898
-0.8299386881369862,-0.5477593424625227
-0.45565086915724806,0.7983990319525691
-0.8276140356341667,-0.5688968256728472
-0.4587541571349968,0.7693262755385926
-0.8349146494993954,-0.5407867073652903
-0.4576300008697238,0.7493976553450477
-0.8272930085154035,-0.5566538571833924
-0.4501679046271805,0.7682175726564082
-0.8257433765159887,-0.5602058756129905
-0.4581764425914552,0.7923114874334483
-0.8272691228884759,-0.5696131000552256
-0.45411545459657365,0.8274999466170831
-0.8287570700080951,-0.5468932369677513
-0.45116015962398137,0.7811745537289119
-0.8225905160413743,-0.550377972430595
-0.4472482617646798,0.8561529899475131
-0.8251793572014304,-0.506771136063832
-0.45160497267120947,0.8471665371563906
-0.8183722030942675,-0.4781609000895712
-0.45135164779820025,0.8620149746822507
-0.8248109849813972,-0.44138945244783334
-0.4466711099771957,0.916047598594824
-0.8175049932732517,-0.4794974902467427
-0.4421260461858032,0.9235913578788375
-0.8204532363592103,-0.46136433789598275
-0.4431120168705105,0.8759347720680997
-0.826573880303341,-0.46176678079899414
-0.44409993785421864,0.9563287908047333
-0.8219173518528224,-0.43933982810185307
-0.4429605693541986,0.9256067069994665
-0.8236731963153148,-0.3974207746053183
-0.44555934819128495,0.8947055974798013
-0.8213503619863181,-0.3995905398250966
-0.43688349181727015,0.9883282244740577
-0.8190033811387587,-0.4007667347487912
-0.4434261443865257,0.9490069450068741
-0.8182841132756566,-0.3827033106158363
-0.8538324101470073,0.41028604360206006
-0.5696187979500266,3.1435426552785417
-0.7238766766692795,1.6739683800694194
-0.6745908080997901,2.2874513566281127
-0.5848077930593175,2.5344612047371826
-0.8095247239321464,0.7931216199320799
-0.7611904484692473,1.2716487499792992
-0.6234397625123028,3.099519004698155
-0.6416902704232842,2.0642350658682442
-0.8099929313012639,0.9172185989363653
-0.7674075094593222,1.3446363272769055
-0.6349130383697422,2.9171384888063496
-0.6438421156096821,2.0445195613574025
-0.8579572611821136,0.3797482979605054
-0.5841665932333681,3.1907180047015524
-0.7415610838592059,1.6464780622838995
-0.6940267426774804,2.219334536946816
-0.5944301702486855,2.623519728264819
-0.8563663676346231,0.4027840024190105
-0.5915845288733016,3.209440819377137
-0.7464369767609998,1.6187300483304647
-0.688889668816611,2.2481959809316927
-0.5945578463450943,2.6567788029568242
-0.8117293892939399,0.8673261533928522
-0.7825084807748187,1.263542609635488
-0.6421076912622823,2.8606340388481164
-0.6626515405240374,1.914019777177727
-0.6690245726843468,0.3100611622184966
-0.551303892582368,0.7373295331678242
-0.466882670524145,1.413348751044218
-0.42640766807265007,1.4742902358265233
-0.3853901463532334,1.8141319944150516
-0.3463921506498401,2.1696748515573114
-0.3168396208004583,2.471337658513607
-0.2739799757499727,2.701972784046481
-0.22963222374575515,2.91066355892548
-1.1031518312098276,-1.2879434335416529
-0.5833796038423686,0.16361879999630863
-0.5733332134936331,0.1591922447686786
-0.5815132243132315,0.12447322181821502
-0.6034616122501485,0.07042053925993824
-0.6239847389933405,0.07448826692142413
-0.6113313735224049,0.08898051969511406
-0.6165877302299279,0.06841681499009206
-0.6153307929409114,0.12759536442110836
-0.6169318671278786,0.11422747607874789
-0.6246988958139451,0.0852846779294188
-0.6186312200769803,0.08801008507229396
-0.6151051295197352,0.1169249876854403
-0.6224947377779736,0.13898551429989942
-0.6187880619954985,0.1817861615517226
-0.6195663696448709,0.19056844752334284
-0.6160613624692165,0.2280888974655509
-0.6237548658283885,0.2481827554349742
-0.6245906691493027,0.2582702385366851
-0.6178293600811557,0.23078103724296
-0.6257859520928764,0.21926339741008055
-0.6252507315641651,0.24100673973059655
-0.6239836832027734,0.29827510660572926
-0.6272348821375366,0.2291041053426905
-0.6239852758647553,0.2573956141272475
-0.6243381076858097,0.2550253122857447
-0.6204448678924888,0.2083873948759422
-0.6281455997435014,0.23832654093061384
-0.6220936360549781,0.2524782344302991
-0.6269588909114144,0.2418858956812842
-0.6274216651280381,0.21680828900789978
-0.6274618611117921,0.283728456224801
-0.6257663118386201,0.22511241155408207
-0.6279065419549308,0.18508568913187357
-0.6290312849305795,0.2582479201537909
-0.6350245690940872,0.26077562890322575
-0.6283369394954559,0.2434229323179275
-0.6290550454527881,0.23945558657411564
-0.6348795616292295,0.2278028308058095
-0.6296668596648364,0.26364605753774956
-0.6265016182692481,0.21914505107754617
-0.6371900883904006,0.29123568666851024
-0.6288653161320404,0.2711062715211023
-0.6233668293862024,0.23572904991445237
-0.6293878790074184,0.2239851584224007
-0.625432848534703,0.2497782191442814
-0.6223504105895796,0.23173962228474626
-0.6240589258767866,0.2148874413561202
-0.6320132711213889,0.26546318577680245
-0.6295934057307783,0.2088938832158202
-0.6277072407505593,0.2672844031341131
-0.6242573895034491,0.25438510784782914
-0.6306162736592846,0.22715021372467253
-0.6414436214865451,0.2480890147987022
-0.6317355849636032,0.2770780284420132
-0.6249910553032642,0.2321843103375127
-0.6329973684632219,0.2132300040667791
-0.6286523341083537,0.2332988506236086
-0.6306419882214674,0.1989054189283183
-0.6293602794200589,0.2688021320149681
-0.6366536970384711,0.234056396501172
-0.6342982889992941,0.18493404049152823
-0.6299035688770469,0.22680204240408558
-0.6319684884765284,0.19994915768856675
-0.6355127137523062,0.18577059408010882
-0.6344465838003256,0.27843367331318586
-0.6312110709190071,0.24818997820306526
-0.6286748138760437,0.2773572452240765
-0.6312398367864586,0.23303471247461455
-0.6302859336955047,0.2131278022374345
-0.633678480342153,0.23985474793155465
-0.6181946659229646,0.2423781768867978
-0.6409986678703381,0.24889489271309467
-0.6358685868275283,0.23894875482386274
-0.6347719332515697,0.2532077468174198
-0.6449251727437345,0.20450650694310174
-0.6349285508903931,0.231812534247061
-0.6292432183360701,0.23481184498973523
-0.6235789417736765,0.20948669052706864
-0.6352420348776339,0.19188977359233678
-0.6279700956431008,0.1996245711559554
-0.6288561654739178,0.1922114297308189
-0.6294439402937281,0.20502557532512072
-0.6357521247702734,0.2731766317902799
-0.6292266349893949,0.2080391409012166
-0.6285434913673855,0.22956520058467306
-0.636378202882803,0.23401492371589222
-0.6297009644303909,0.23565258291930286
-0.6325949732809628,0.2330956928207913
-0.6322587978839567,0.26599687001189337
-0.6331076200589415,0.22661266260463447
-0.6271667638675237,0.27415872424842563
-0.632838734418687,0.20872756819308008
-0.6305955364705497,0.3332688879860312
-0.6347866086325796,0.26329971085409914
-0.6309320010523322,0.26811199885314935
-0.631865596764719,0.2635903949005724
-0.6313671888181225,0.336174592796809
-0.6329587031269265,0.25703114023126267
-0.6238515831914685,0.30420223370538707
-0.6313333662646764,0.2944537771983065
-0.6290793567359733,0.3010294590252363
-0.6334528216012159,0.27793746093992006
-0.6275234708048191,0.2551529099150887
-0.6308418812856551,0.31975037874746276
-0.37546939521129297,0.6209607327514088
-0.6002873882144542,0.32640957861889125
-0.598396647261804,0.20275387920895244
-0.5952331392477105,0.19441611975653567
-0.6168114769290326,0.17553759401957209
-0.64922156193031,0.13600252535588203
-0.6321653028166244,0.11631837243316284
-0.636945873868996,0.2110138917343755
-0.6406039415530183,0.1321017943135398
-0.6340729704446987,0.13623658391906096
-0.6350776342790747,0.18471460201065987
-0.6346889799011437,0.1750449636342572
-0.6334474250755466,0.15769371799679893
-0.6362469083204927,0.20972492200245058
-0.638228869982537,0.1596600785284062
-0.6279766990091085,0.19527875862944427
-0.6312966831756588,0.17780737158230425
-0.6400767823746205,0.1483345273514471
-0.6344699745424704,0.20848782999153365
-0.6342540201317233,0.19200978570577015
-0.6318418411680684,0.2018319497340188
-0.6320773800324531,0.19783286210941337
-0.6337880611026452,0.19044865529445282
-0.6369784526392704,0.21649143010230282
-0.6347662997737594,0.15481394100634477
-0.6325094886521587,0.17512539419433532
-0.6366424204190583,0.16068685489982087
-0.6310212072572029,0.2228966841787176
-0.6312418911106314,0.21270143797818347
-0.6312423047145693,0.22851726716280468
-0.6349430220976336,0.16848358940586267
-0.6281596450430311,0.2103818937951744
-0.6315275120359539,0.21062782794075435
-0.6323460503519697,0.1848004073196266
-0.6304397092213063,0.22036613649512832
-0.626993627480595,0.24278965790081924
-0.635845978779889,0.22457287251939745
-0.6338735069381038,0.22344911408522422
-0.6331392272600264,0.21830353117587792
-0.6329183210503924,0.24831645241950234
-0.6320427688017032,0.17613038876851678
-0.6323634117888607,0.1949683081364076
-0.6339416924133647,0.18335959755615178
-0.6309786796825185,0.2733793933023058
-0.6318680489973608,0.23683702755033448
-0.6386580561185922,0.19973953311889553
-0.6371993720338225,0.24591710501485714
-0.6357404874555888,0.24403368052930025
-0.6337010210299037,0.3165740559153563
-0.639847527519325,0.23753407196364668
-0.6270598435372136,0.3169851765521094
-0.6324654301793055,0.28076843006946745
-0.636501725892529,0.24632387118905924
-0.634427081769776,0.2368354135947936
-0.6281571286689668,0.2617043025029569
-0.6336940883445583,0.2741713944136602
-0.6354365739561474,0.2229052823784053
-0.6339159529984162,0.24770413257708207
-0.6355831073727288,0.21720700421293587
-0.6330600908286407,0.2514942490175483
-0.6377307301719226,0.25873755830950257
-0.6360382946610397,0.25337831923253035
-0.6347617430649787,0.23753339598568174
-0.6384133285748429,0.26222498042141135
-0.6372425106546364,0.24936608377796726
-0.6352958212134893,0.2680849583557014
-0.635144407445753,0.18865166396788574
-0.6373967974216809,0.253429802998929
-0.6356733211128843,0.2786343182720486
-0.6402881966610292,0.22847557891932208
-0.6385379179390575,0.1942092822598413
-0.6463829491458981,0.1885377500101842
-0.6335509678149492,0.22069591368946734
-0.6408783735359603,0.16866122139274758
-0.6371584041895784,0.29139682697347186
-0.6332286314734066,0.27186276560445183
-0.6338365810914465,0.22461885485098793
-0.6374777557964336,0.28167567006866817
-0.6405031565050667,0.23604452900556178
-0.6342933017614317,0.23783487179298496
-0.6376336154525631,0.19680827712999677
-0.6358537455531125,0.2094692904033278
-0.6351456604294516,0.2204277260450372
-0.6309975849447674,0.20645158464567398
-0.6369216321462272,0.2330242013819958
-0.6278490360007479,0.23218487919215675
-0.6362198400426426,0.14266284931542933
-0.6384612706434277,0.16860559708840211
-0.6356572281734847,0.20915202541775796
-0.6406823177927568,0.1511553897541778
-0.6369867545811899,0.19322509867601873
-0.6330274112382291,0.18767884790782458
-0.6364490580147812,0.08630378128230348
-0.62415970849787,0.12919723107692432
-0.6324509647455056,0.13973240130203762
-0.6343013190159331,0.11000585933630785
-0.6338704733162711,0.08215114491552605
-0.6347049807330789,0.13069532392910105
-0.6338452366358974,0.1458953691700719
-0.6323498246443824,0.12261333675267488
-0.6395603009321852,0.13778265420453556
-0.6372435686912211,0.13417219448870904
-0.6293085371274372,0.1254618209010016
-0.6307989997228719,0.1325509564929313
-0.6325901327084971,0.09434503574489023
-0.31121652433966623,-0.6021640726388112
-0.5644451197554597,0.2655367540474209
-0.5741559022562226,0.14260861641710837
-0.5715766489680668,0.14486508139313153
-0.591040032937309,0.1397356077398883
-0.6229202447919733,0.040049391341500595
-0.6072169913670273,0.16373779653317627
-0.6061089755171374,0.1691299500164381
-0.6161849685766515,0.1521023132637998
-0.6235552386446774,0.1725805455991703
-0.610028074832778,0.19236781668714703
-0.6140698201462721,0.15325986739101333
-0.6129716800900805,0.20216252519914996
-0.6169581403430096,0.15637074734577666
-0.6185309299157568,0.16579911962757882
-0.6168822858460818,0.1814043280682976
-0.6075667115590416,0.15105586825191403
-0.6171451489683819,0.18055568879643918
-0.6186657248451914,0.1477884272141306
-0.6131521857291364,0.20017571597898648
-0.6164460786972898,0.16319536332129497
-0.6111348545189241,0.16548333096153117
-0.6115374780657737,0.11215603852588524
-0.6125025414344083,0.16458581752054474
-0.6090638926283659,0.13948198497068748
-0.6117010594754679,0.18363123453354496
-0.6218567032335951,0.12593032145471522
-0.6255676689421774,0.1389848336684733
-0.6154929192524089,0.15670605182819536
-0.6173994552683261,0.13648906965437407
-0.6253853961882835,0.1505125545594796
-0.6243984280907885,0.1318266851226349
-0.6155072247340423,0.12636106897638094
-0.6155379606539761,0.1463546216817601
-0.611250509696215,0.14587380466781025
-0.6201011073344705,0.11489579650456966
-0.6150704564178581,0.13759080844350652
-0.6130892077001288,0.20396047592996264
-0.6293926046396864,0.12776436754846016
-0.6276710867200265,0.12994641977773952
-0.62321187280054,0.18202154815447574
-0.6132622433748607,0.17869809630032535
-0.612625930625606,0.17115059350247436
-0.617079471957945,0.14727305432077148
-0.6172339538411497,0.16042467435163327
-0.6160247442309315,0.1544227355518784
-0.6195418480663255,0.11562864977589132
-0.623469104385101,0.1517276319980016
-0.622446336159187,0.14360397536739472
-0.6191758400437574,0.1913249652296441
-0.6193136316879075,0.1303741531057186
-0.6125955456045948,0.1945774617943133
-0.6195362937327126,0.19679474651530254
-0.6194493183644433,0.1360593730505067
-0.6178782354140159,0.16900261001319622
-0.612337288185136,0.16416763791117445
-0.6242464844106308,0.22404411838699806
-0.6176018745545738,0.16806575171305077
-0.6151353418242003,0.2078745672591948
-0.6257623458057413,0.10624737233504972
-0.617935278424536,0.1804814701069461
-0.6162714738092998,0.21306323642120878
-0.6105348108185342,0.18170250213592348
-0.6191837590145963,0.16233059765098817
-0.616601930673613,0.1390231785662675
-0.6204673117329275,0.22836793113786863
-0.6105230143760388,0.18449512666110773
-0.6194049957116221,0.20721033333561828
-0.6137184728472537,0.16284748107567032
-0.6168634846874369,0.16148614738901307
-0.6202340931738174,0.1717850121025078
-0.627059941155337,0.1712783204971789
-0.617802111014447,0.21912511522603967
-0.6184786788881695,0.17133681975586207
-0.6209547064555125,0.21920770181152177
-0.6209901434774199,0.15481911732493742
-0.6197419738903701,0.1658665111315985
-0.6208807552603532,0.2071710885543469
-0.6159373828398874,0.19337370959139194
-0.6194983683782164,0.20568979565106332
-0.6185982804219927,0.17137171451697303
-0.6187739276375765,0.1786059828657987
-0.6202265943665113,0.11629957867974666
-0.6013206484664377,0.3233347407623795
-0.6250345060616055,0.2235658622521794
-0.6227393560661244,0.3461877813255229
-0.619302157283306,0.45547217775773124
-0.6068723218877341,1.7984106658354644
-0.6209771433462012,0.4091945082738883
-0.6233042772824687,0.44268556611352533
-0.6059560200200832,0.4060415268815339
-0.6172859192933651,0.40717433118828633
-0.6213143888891165,0.41597745923857005
-0.6206198039261154,0.37865583465063996
-0.6169865681878396,0.4479060612915871
-0.6160637226464083,0.43368779999791757
-0.6194583530835566,0.4748347968703866
-0.6223919613559307,0.39717403410111213
-0.6116577244645117,0.4640731450543715
-0.6143191259025268,0.4105772930340877
-0.6232890621420832,0.44083840100237043
-0.6223194267071619,0.46486663085860996
-0.6175675927516995,0.43847033318763967
-0.6261192768539114,0.3728698272969401
-0.61201278553689,0.3923741916866262
-0.2969807093545686,1.5121541544405819
-0.9628351552668475,-1.4226369374350505
-0.35317225477490677,1.3828886966318052
-0.9656641117245546,-1.4178644542880212
-0.33490453708219914,1.483366338164718
-0.9697391650314675,-1.432015654638844
-0.3407717260212106,1.5314624079992156
-0.9669145388048961,-1.4432938370414106
-0.351713175792587,1.4626327720478303
-0.9712015522907775,-1.4190898397430805
-0.36602067561246376,1.4982327959163904
-0.9632905407613368,-1.4290463592409872
-0.3596286199638591,1.4486848325831734
-0.965332515416335,-1.427908409916204
-0.36657569694043723,1.4412759280828535
-0.9676644221024782,-1.4363752400463503
-0.37180575397363985,1.4126747756368727
-0.9686574592801965,-1.4486446656660532
-0.3824125317766215,1.3360885024120268
-0.9697940422027518,-1.4358395419791943
-0.3881566896593518,1.3452604177040564
-0.9663512128834968,-1.420453809013266
-0.3943024693827334,1.303876114113219
-0.9645445000446846,-1.4062250057085095
-0.3759407395887427,1.3967070693030545
-0.9640255167305674,-1.4248328164907025
-0.35487013448466964,1.481833410057872
-0.9674246503257793,-1.414241009890948
-0.34737728403524765,1.5562273524490964
-0.9652130721571697,-1.433670678118104
-0.3525519851140696,1.5103144338118955
-0.9666071738922319,-1.4468836803645728
-0.34603978338530694,1.5271402759821393
-0.9675675508430039,-1.4312192389436351
-0.3545301480739269,1.548458458852934
-0.9669128482104838,-1.3956616442675536
-0.35751526625189833,1.5186467476112682
-0.9686782287561749,-1.416243534235125
-0.35829928557892987,1.5361866874491492
-0.9697435735379833,-1.4369146381187576
-0.361712287613958,1.4460164848606682
-0.9697868489943011,-1.4057343830934126
-0.37712512739115867,1.407823059217797
-0.9689553266346252,-1.4298736266806804
-0.3741944954003231,1.426749336915422
-0.9717395440743226,-1.43727257723014
-0.37715270388461564,1.3983129497449693
-0.9703346437923935,-1.4387433959461615
-0.3900824044081709,1.4112921004792995
-0.9699063057556516,-1.4282142680199073
-0.38762098296365144,1.3825845902673695
-0.9720182622287448,-1.4416831357593676
-0.39035784202630874,1.3835466772666127
-0.9714770406844189,-1.4485120250861152
-0.39274831201285887,1.445128632527487
-0.9716236929557043,-1.4269992901016952
-0.3996850060867892,1.4424276400019789
-0.974322985855463,-1.450453147266782
-0.3995478485934838,1.252922376125852
-0.970130728440862,-1.456967322973927
-0.39830826261992625,1.3834205470388177
-0.9736449672105807,-1.445203464185244
-0.4026071477081923,1.3308658156632727
-0.972023394890393,-1.4199855996578026
-0.4088733449131474,1.3618378612173232
-0.9727565112187814,-1.443015294693577
-0.422345295490357,1.281942490421726
-0.9728467967763481,-1.4299704753878164
-0.4070654636543737,1.3591754807283238
-0.973091103865471,-1.4379380903571994
-0.40648809453792645,1.3077585101540028
-0.9759499886365921,-1.4514054817689406
-0.4130735136329703,1.3420370135286532
-0.9748132996613019,-1.4203650976762776
-0.41351246753106813,1.435886896066642
-0.9737567747694422,-1.4495740919940259
-0.41718219202120865,1.3020270018522884
-0.9723110809952933,-1.4402868934839843
-0.41656917595147824,1.421470378677102
-0.9723601318183226,-1.4533323448610997
-0.4288010900102223,1.2873109588723486
-0.9726514820968273,-1.4536099022876035
-0.4239313774290199,1.35632573546404
-0.9720881791841025,-1.4354403425935698
-0.4306383572435456,1.3551986566586545
-0.9718819007606837,-1.481736176995555
-0.4261499054031779,1.3669390530661487
-0.967764299219186,-1.4346422000136227
-0.4340221772792061,1.362275091074614
-0.970716422853147,-1.4125140151947428
-0.424490047275781,1.277932708265116
-0.9728924967594046,-1.4465583439341165
-0.4325875049831252,1.318412895189129
-0.9739081912675651,-1.438532566321479
-0.4436463342806399,1.3547130083563548
-0.9704047015861781,-1.4662385425088356
-0.44869027380236104,1.2698819992721795
-0.9724612248127267,-1.4422913921069322
-0.4430596413505443,1.3178653360973853
-0.9696225399262306,-1.4242100020422073
-0.8776211117829122,-1.3868803901776117
-0.7840273724889038,-1.027677638288724
-0.7058527986025479,0.09652113849302674
-0.5083572565756329,0.847323890482367
-0.44459174956656633,0.7345331726487154
-0.6366657684934056,0.7448897807808779
-0.59655472871881,0.2305986982104387
-0.7251685508256255,-0.59407919754897
-0.6117416361923774,-0.29300742790570833
-0.608916826408638,0.9697828586452466
-0.6503322212597136,0.7142846713018083
-0.5879376513040062,0.2542926918601021
-0.7180182449135049,-0.5748824093528253
-0.5994668294243881,-0.2750141284396597
-0.8775674022803654,-1.3412023296074083
-0.783370262007296,-0.9633379068259702
-0.7036327857588729,0.18064268017062163
-0.4958971942285935,1.0917537293701303
-0.8785254872581967,-1.3693759875427542
-0.7784406220308772,-0.9829000993239392
-0.7017869014742044,0.1765510168950924
-0.4943116656582681,1.0704230110157957
-0.4440892573054327,0.8580768742885914
-0.6460288063792361,0.7800402820299908
-0.5911975806344084,0.21757794644231893
-0.7193679799099997,-0.6001985315393136
-0.5825117216450469,-0.344970306676603
-0.8863968768863726,-1.4333719828376659
-0.7908462551224436,-1.0822924096102462
-0.6960326071095034,0.011425694866585678
-0.48191061505012367,0.8850603985772361
-0.4293670834192276,0.7581847416077228
-0.6291570933013555,0.6101356614175584
-0.580282872284864,0.21193039824422516
-0.7199595631018278,-0.7831000791641499
-0.6035413366068367,-0.39392147526424176
-0.6045943607429505,0.8655801204006057
-0.6429969582430071,0.544925084882443
-0.5792835811873133,0.07369768550917472
-0.7234083490711771,-0.78301775924733
-0.6041614467860529,-0.3743962942519724
-0.8863891488451183,-1.4161740774016442
-0.792913974069609,-1.1184266312527484
-0.6899543878425117,0.03696817229600741
-0.47911120205895014,0.9452845638398839
-0.43903459628660696,0.7227559483353176
-0.6379798540159177,0.5543145253718118
-0.5751796567307658,0.16654483850500207
-0.7168412500546086,-0.7356775943763361
-0.598171018923224,-0.3762287439279902
-0.8940940701532776,-1.4170786705601772
-0.785942052533728,-1.0633865515157723
-0.6912733294328577,0.08238382517137416
-0.4746066754520566,0.9815130319269425
0.373112982484866,1.2064012518070533
-0.6122309070427551,0.38995898336538987
-0.648029715352496,-0.15108208951141094
-0.916806415519883,-1.5717902551736596
-0.9030155740596126,-1.5889224405855917
-0.8991622232948839,-1.5886827308249432
-0.9030770611160557,-1.60004606198132
-0.8975913795283981,-1.6196471897988058
-0.9032731729968306,-1.6065298045911902
-0.8987843310628889,-1.6295690696084404
-0.9009291754103841,-1.6041721532682598
-0.9027341927574357,-1.5900678416065077
-0.9032261597517681,-1.624576611805094
-0.9008859512113518,-1.622073685820067
-0.8991518020597471,-1.583862468460135
-0.8992165416561737,-1.6084135368970605
-0.8989068453228415,-1.5806527624741689
-0.8991870594008868,-1.565903132945944
-0.898248797287805,-1.558038319198462
-0.8952105939165631,-1.5395096051096817
-0.8952105949593844,-1.4998404680938202
-0.8963074113193048,-1.5224882072471124
-0.8896373601343648,-1.5115973691362288
-0.8886268080558495,-1.4859535338829981
-0.8826936373203431,-1.4563702703175763
-0.8876861909349554,-1.4696227800244441
-0.8784438715227103,-1.4325164068993237
-0.8826514702450448,-1.4297990844073687
-0.8789764026879278,-1.3983061249701838
-0.8735916744156549,-1.3766283590466548
-0.8779670434600975,-1.3820029390525947
-0.8788166965263642,-1.3721941190922142
-0.8756537194983747,-1.3594070833733973
-0.876885057681814,-1.3169566267985817
-0.8766801730874965,-1.3591540662294614
-0.8791973945053979,-1.3450247388377556
-0.8743023202909259,-1.3150314242556997
-0.8695777120144902,-1.3260875592610692
-0.8699659212694164,-1.314710883700005
-0.8703165845696197,-1.3028462717207612
-0.8696752055305392,-1.2791849830913637
-0.8692322905936081,-1.28153775299333
-0.8716290311057077,-1.2382371704215853
-0.8706763480342299,-1.28284513122663
-0.8708533452838266,-1.298878625716226
-0.8702207078894199,-1.2590215337684278
-0.8668324017180316,-1.233355444144156
-0.8680465566194255,-1.2671586868522033
-0.8685002690104033,-1.2676871563264458
-0.8673928797944491,-1.276286025237701
-0.8685539932714325,-1.272651151829732
-0.8665207408985853,-1.2812078141819854
-0.8660798585182375,-1.2420497981258922
-0.8643580431216265,-1.2717166196054148
-0.8694343768043764,-1.257770284667402
-0.8645884611086025,-1.2524418241423443
-0.8648089306000182,-1.2449079880384333
-0.8625440866503233,-1.2196314814839417
-0.8727507524380329,-1.27487748858136
-0.8702553248036196,-1.231184056342272
-0.869549951029507,-1.2413188405298983
-0.865776616493988,-1.2334590416364009
-0.8686302188999919,-1.2410603064381884
-0.8691125386376227,-1.2128145694923447
-0.8700332137453564,-1.2234357807942942
-0.8656337217685515,-1.2023350957321512
-0.8667265350011877,-1.1993660020048194
-0.8694193496853342,-1.207801369738351
-0.8705790534587821,-1.1995651796117734
-0.8695220046536264,-1.2117936616863745
-0.8700750286709072,-1.2119965527987056
-0.86692348265263,-1.1974604442516859
-0.8712338079178016,-1.2507636483773534
-0.8714989143901248,-1.2260234057230897
-0.8703612630749216,-1.197715335512018
-0.8722593015313025,-1.2129610748358022
-0.8702811358921432,-1.217943851149373
-0.8684827878357337,-1.2164956341057944
-0.8672295843613904,-1.2188512469671933
-0.8688071476138775,-1.217683784476963
-0.8697400803641058,-1.2507822077352344
-0.8698526485957321,-1.2396159683776407
-0.8697098957278562,-1.2313615794865798
-0.8676731306387293,-1.240446535758061
-0.8685061500975026,-1.229036665415102
-0.8683692696775123,-1.2577314096598158
-0.8709594922800987,-1.239648835987877
-0.8750463454984939,-1.2171921875508716
-0.8681120008183685,-1.2620696176762607
-0.8699412566910306,-1.2360971081567085
-0.8671398581564824,-1.2486786920473165
-0.8713786129557483,-1.2505521204341652
-0.8719774651619852,-1.2460788398089797
-0.873279486883294,-1.2270144775926703
-0.8741890940854513,-1.218910029194348
-0.8703292842279109,-1.2571515170178673
-0.8728014140778896,-1.2326529889220963
-0.8703838844068871,-1.2493483175936269
-0.8709039927105826,-1.2248930727704392
-0.8703628316372849,-1.2472914144526066
-0.8755642180897131,-1.2931163734945041
-0.8746444674357494,-1.2451554015052917
-0.8740601012544111,-1.2593159559414744
0.13861323948146242,0.8880417623767993
-0.5576996252403632,0.4919865559587924
-0.5703595636523319,0.49304141237492854
-0.8812021280101688,-1.3748134140120498
-0.8688686953497162,-1.3517897465792021
-0.8702956218074811,-1.3880337967480594
-0.8736165806177496,-1.3442913570987212
-0.8707569432156477,-1.329311485408527
-0.8742747678995977,-1.3274211096676582
-0.8689587403216537,-1.3410075928623204
-0.8709250276533445,-1.3180289798265066
-0.8678549712763237,-1.3079840918445391
-0.8711004508154986,-1.3195325267466378
-0.8678790850457121,-1.29835755122974
-0.8722671792397869,-1.297385479347664
-0.870234829903934,-1.2805966315612713
-0.8677139755441932,-1.2946582539007172
-0.8730754156624863,-1.2687329009312969
-0.8754300911165978,-1.3045407798303978
-0.8699092317410453,-1.2824498609084778
-0.870904557542479,-1.2761888997401356
-0.8747920827156117,-1.299805802560142
-0.8748344503333088,-1.3065005531154896
-0.8744797117841019,-1.2879893671415577
-0.875732622063861,-1.2832738474594523
-0.8769742583885556,-1.3016794525249569
-0.8720721902780737,-1.304417516929837
-0.8755840415408085,-1.3378220076898006
-0.8770776420206077,-1.3193332959897905
-0.8751264997719499,-1.304502021639766
-0.8718167493128766,-1.2924370370842304
-0.8732857949984593,-1.3305922199905742
-0.8684791436973835,-1.3027988607620478
-0.8726427695324992,-1.3137440083275504
-0.8634909689928167,-1.3316187284206924
-0.8708223547267612,-1.2728939408163933
-0.8709953431355751,-1.3223141721322924
-0.8692717801871076,-1.3037234954808579
-0.872570817387295,-1.328943069101572
-0.8710358555798371,-1.331392700443364
-0.866889017804307,-1.3016104567403184
-0.8711965599912842,-1.3225881187643658
-0.8697306746484563,-1.2996328537961348
-0.8720818321390426,-1.3138851765202895
-0.8675732441778871,-1.3063388104120695
-0.8666619617827795,-1.276771969714764
-0.8729863912437518,-1.2684896008018847
-0.87033844736732,-1.292124143994815
-0.8634720771722435,-1.253440527695641
-0.8648659161943453,-1.2758335311138458
-0.8629945514640995,-1.2355469008228654
-0.8663950586498292,-1.2549682337158619
-0.8695437178295458,-1.270591844873342
-0.8671901099819114,-1.2545488830787528
-0.868347673168619,-1.263348775124101
-0.8655813314340356,-1.2460333319436385
-0.8657080229027874,-1.2435983378944937
-0.8669160456538932,-1.233278982882102
-0.8668459174136791,-1.254911118193084
-0.8720905550731697,-1.251896086312164
-0.8748060765421029,-1.288134963085523
-0.8662548532904265,-1.2687959228726775
-0.8687434016532893,-1.2681735182059732
-0.8687130850796204,-1.2760990057697577
-0.8668485332543193,-1.2646592759777011
-0.8665073354106028,-1.2797853695636456
-0.8646269089585092,-1.251272120902878
-0.8658187998853957,-1.2457455128178898
-0.864054695545766,-1.2453747057530475
-0.8699416881895774,-1.254406929530609
-0.8679190137776227,-1.2810104306748513
-0.8698841846182708,-1.246360068529533
-0.8663593092435158,-1.2802513318821516
-0.864228343823366,-1.2607571902525556
-0.8667711396815718,-1.195964640371519
-0.8723861344907728,-1.237581084243234
-0.8686920682579079,-1.261448118893615
-0.8668227430561959,-1.215703440544692
-0.8673471637885254,-1.2147641372599607
-0.86556784818718,-1.2449504916296954
-0.8637748730572655,-1.2056337652196467
-0.8666887218468684,-1.2192486993955272
-0.8676612084279154,-1.2204271342712323
-0.8667102677306604,-1.2330672918004821
-0.8674341872507352,-1.2200439373284024
-0.8686188685862439,-1.2202999499480485
-0.8673264114013619,-1.203155400795305
-0.8656405067020894,-1.2351250089507357
-0.8722049338082137,-1.2029587034557587
-0.8709071980290479,-1.2219379551414573
-0.8701612155965175,-1.200176512055909
-0.8715415835418832,-1.2623445303455414
-0.8703730360763624,-1.2273882625896364
-0.8678116279268635,-1.2387169729008105
-0.8632798843937228,-1.2551445300511
-0.8666660989322643,-1.2436359552400025
-0.8648175122681128,-1.2382856196843277
-0.8679397572752863,-1.2307826506916615
-0.866085109492035,-1.2587023131861723
-0.8708675462890612,-1.2383550123620422
-0.8652064405467517,-1.2072190620307734
-0.8675447769008868,-1.238074690056065
-0.8644757096188672,-1.2340179198944738
-0.6954068515425347,-0.8946127879492474
-0.7414533997847019,-0.8840058729828653
-0.7365309015177149,-0.8561904200082429
-0.7399972327125812,-0.8474078581626361
-0.730027449506699,-0.44464920942012265
-0.9306883777628664,-1.6206424338627392
-0.9221209836715657,-1.6239888264456492
-0.9115704670418323,-1.5969373135923313
-0.9100360327017507,-1.5946357200007937
-0.9065601865967183,-1.5732043860088945
-0.9033584543278018,-1.5701163541209007
-0.8950888878220561,-1.527092528799132
-0.8969597823609019,-1.5167874927282812
-0.8896707866856939,-1.481509444268277
-0.8866737553196744,-1.4571741325119105
-0.8834144145447941,-1.431095336463162
-0.8782544319114965,-1.4077921150437358
-0.8776014572993451,-1.4135282595211156
-0.8581501147903032,-1.3640969480993614
-0.8762376451035927,-1.4151236869578967
-0.8752641005823365,-1.3974063118571425
-0.8747485809825408,-1.3721888391561525
-0.8727318545081563,-1.3587403110774654
-0.8690437158813153,-1.37561571506184
-0.8720365647765482,-1.3237390473985915
-0.8700071297765077,-1.342544660294391
-0.8686309470180467,-1.324347431866519
-0.8683034001430207,-1.267853295941632
-0.8661473731891529,-1.292151721219475
-0.8633976980350669,-1.3270703044150682
-0.8669260754011163,-1.294437296580481
-0.8649993500180458,-1.2871371630879462
-0.8676266175302558,-1.2811481359147694
-0.867606934401876,-1.301850562041281
-0.8695808420066826,-1.263994142605341
-0.8626638612309091,-1.2377064941941032
-0.8663236188352343,-1.2428071501829558
-0.8663270140445005,-1.2549642017094682
-0.8763877341805135,-1.2627827134683054
-0.8646326086154361,-1.267020251612568
-0.8662472959937134,-1.2627774888765488
-0.8677529785918721,-1.229760819971514
-0.8616017982317874,-1.227775171201878
-0.8686692889717367,-1.209832528865555
-0.8605213848063153,-1.2263453845264776
-0.8605407565994609,-1.2639613787145438
-0.8661351056133106,-1.284480390924889
-0.8668553329463962,-1.2806714315248684
-0.8614383763250852,-1.2392220621664167
-0.8646431683112572,-1.2779768506407725
-0.8658167030008574,-1.2485133685854526
-0.8650833777977847,-1.2632429315136358
-0.8627991418328245,-1.253225215219846
-0.8667685077681367,-1.2639525241884932
-0.863507132751195,-1.2397027385524566
-0.8627608190659455,-1.2253421251915737
-0.8634206059703117,-1.2372808497658248
-0.860921528892987,-1.2627806406129272
-0.8666092797307832,-1.2447172791128336
-0.8601209135706611,-1.2356483071397257
-0.8633551541745709,-1.2568068084118846
-0.861421032074744,-1.253059562546206
-0.8647647799657365,-1.2778743559221737
-0.8688369783819587,-1.2181779687283276
-0.8639320630956075,-1.251704907764642
-0.8655048340987761,-1.267282992976474
-0.8630011184783474,-1.2342632976408765
-0.863194225333209,-1.2471755285825266
-0.86136204745204,-1.253736769747737
-0.8679244263053336,-1.2491274258547207
-0.8626358389858189,-1.2228898563287711
-0.8652898928600747,-1.2642431766960822
-0.8675581470334653,-1.2121091801654114
-0.8645049770960493,-1.2435577527794808
-0.8641688443062622,-1.2629799066772514
-0.8662190680454633,-1.2445574183854913
-0.8658021555130682,-1.2644999982523681
-0.8640130375694632,-1.268101653654471
-0.8750259905680264,-1.2555752111493654
-0.8601096630226288,-1.2567663167103214
-0.8662649338950403,-1.2698070666058825
-0.8641815375288615,-1.2288214995538107
-0.8608719409142487,-1.2408389376719238
-0.8643724082415336,-1.2572489634898478
-0.8687893628400004,-1.2000021474752398
-0.8653267620437884,-1.2448319528089373
-0.8673528140098596,-1.2561335826745388
-0.8632319308870898,-1.2595301543229496
-0.8671883491047192,-1.2760098440497316
-0.8638329201317114,-1.2488878382873525
-0.8635816403472186,-1.2679943810703311
-0.867147157579055,-1.233266935875255
-0.8666163101563888,-1.252757309652596
-0.8647225319968037,-1.2748337793425821
-0.8653419780739016,-1.2934639707724174
-0.8670330545226013,-1.2663267444203505
-0.8695388958784864,-1.2568369444420613
-0.8622694870470411,-1.23539953089463
-0.8709576593924867,-1.295378034811714
-0.866343838797087,-1.2566763235077787
-0.8680725425724369,-1.2887516900996019
-0.8674907747059882,-1.2657216991964384
-0.8690332160031027,-1.2762090129129287
-0.8674505940679855,-1.264549194575665
-0.867214099541117,-1.2929934263287497
-0.8634115625847557,-1.2658410215446594
-0.14992352983881446,0.7921193838158573
-0.6851271790533973,-0.15487713841769107
-0.27952696423803336,0.6098043317965627
-0.6836508688417321,-0.13877351939265803
-0.27317169250139905,0.6735971976294151
-0.6851705535548306,-0.11756086033135443
-0.2793493957112374,0.7022311158624444
-0.6846826220025641,-0.13480230085635214
-0.29206759505140695,0.6112854142795177
-0.6935943915978775,-0.2446630184670674
-0.3095642192370838,0.42808137049597167
-0.699236195796689,-0.3232334817988264
-0.3116736440743406,0.42832333184590193
-0.692647053730029,-0.26225549650299296
-0.2910179368089407,0.44345626833791446
-0.6789849287818056,-0.19855221378862126
-0.26498076010214305,0.6201277906844658
-0.6755417965939143,-0.0655464449750815
-0.2562404210690174,0.8172808490819308
-0.6741936064597215,-0.09693786593920706
-0.2628015248186069,0.8335612689889178
-0.6664102238602098,0.048514274889548015
-0.2671294754784718,0.7629301169981779
-0.6714034637810578,-0.03929944959559856
-0.26393419399763074,0.8321720017773131
-0.6732522217139535,-0.010983697209759613
-0.2705007982916361,0.7589079049577214
-0.6792687492341509,-0.06731373508409583
-0.28109332196873205,0.7069790041277817
-0.677275039707339,-0.10533104182060998
-0.2761791132486712,0.6614162934703909
-0.6743681306485121,-0.13369584500383447
-0.26477907399092876,0.7292776913838763
-0.68223490679897,-0.11013432750114821
-0.2839031628206505,0.7296344037278544
-0.6794008525723766,-0.087961462057773
-0.278067480791011,0.6246743657461473
-0.6825347372549445,-0.04611000158335782
-0.2869824127458741,0.6554431444889084
-0.6830061074123643,-0.0922629153654938
-0.28018956567662856,0.5898657228043662
-0.6820155435806082,-0.18456979317004912
-0.27670524750089864,0.6873771301397997
-0.679222419245009,-0.08832514277402642
-0.27625863344092483,0.652334812465238
-0.6773017761216612,-0.09711586178267834
-0.2764820531631594,0.629034583261892
-0.6801391773038324,-0.12770969234768792
-0.2659445449809766,0.6910712273695592
-0.6678245154383848,-0.1301375505705848
-0.269828195882816,0.689799837280322
-0.6756807357759556,-0.10023552483950787
-0.25562941952194645,0.7191195048687746
-0.678751607308081,-0.08275566131064233
-0.26137053517425224,0.7893210240445883
-0.6739074820296556,-0.0015240817680122754
-0.2663857891570353,0.8253965476615006
-0.6740236091613461,-0.02879765015714092
-0.270446435519871,0.8488689573654618
-0.677652038973262,-0.07130636518836192
-0.2644289122892776,0.8308993246381462
-0.6704115234893832,-0.02800388989357533
-0.25939531143730343,0.8216937561744213
-0.6747927466973811,-0.033891532901144494
-0.26088387316626616,0.8054026400788943
-0.6766310856341229,-0.024268558875649437
-0.2625994223344445,0.8439878842666269
-0.6709910722987473,-0.04781554579561381
-0.2582026782617982,0.8572328555974569
-0.6727665667544953,0.004153326129538615
-0.25546223395448947,0.875583798875933
-0.6738661464946946,-0.01928621092146038
-0.25984233462447487,0.8947769502279481
-0.6758643550078901,-0.0333901444981895
-0.26549313882339437,0.8903740047420534
-0.6747681670734895,0.018505520814730836
-0.24801592780769838,0.9075238608772895
-0.6787512319450689,-0.01052563284414415
-0.2581976567245265,0.9230116038426894
-0.6743282828363714,-0.005613387830875449
-0.24578029314997157,0.8909774247462654
-0.6701212285951675,0.03771931526723232
-0.2539187151490314,0.9069945033062077
-0.6722008566228336,0.0015677402698425769
-0.2570506525668862,0.868198051936339
-0.672900847271373,-0.01615398637546489
-0.2561523465154633,0.9371014018255408
-0.6719118717976125,-0.0242111610626477
-0.24588352737677732,0.9097030054517055
-0.6750179385460954,-0.039583175229711054
-0.2568938526908247,0.869122447285686
-0.6807789478269667,-0.023724957463810703
-0.2553606956967384,0.9128177120727818
-0.6755718378806659,-0.03325848116750668
-0.2570707431891868,0.9458182518779172
-0.674816139510637,0.007513316336744735
-0.2571185101698632,0.9283426983681271
-0.6698429863493239,0.013147381703223104
-0.2510972865121752,0.9021426415418929
-0.6735524463830168,0.028736285507039827
-0.7972699461907167,-1.3505637943586088
-0.7198147593875077,-1.1447267210444017
-0.6719902963581347,-0.9350343420155589
-0.6294262957437262,-0.7900942037479297
-0.6031923387029169,-0.689618524175157
-0.5757176793532267,-0.5669259781872484
-0.5540626609390747,-0.4925063211538581
-0.5407159913926844,-0.3780552159376003
-0.5365317772313599,-0.2921556789781634
-0.6106263281407563,-0.6100382836278728
-0.57081191729413,-0.5143470538063815
-0.5479841965339041,-0.4273614687414714
-0.5213016060776242,-0.23888669760207618
-0.8049079715341341,-1.3312128473939604
-0.7241197221170145,-1.119810295815207
-0.6765052850687152,-0.9815408993270727
-0.6456529818173041,-0.8272945208852582
-0.5929051054480962,-0.6661762082007541
-0.8049440274197617,-1.4135893635969397
-0.7631066565762615,-1.2427664864834855
-0.6903693744888403,-1.0901303653486665
-0.6542418737780897,-0.9835782903672543
-0.6189012799965667,-0.8716706361755389
-0.6017011260709892,-0.7829083859163113
-0.5719963166503366,-0.6799164361526013
-0.5484444625473168,-0.5282775704403133
-0.5291452664702356,-0.4602449513869362
-0.6237879957808444,-0.8080605859716596
-0.577141202713204,-0.7185748925182862
-0.5604566771378725,-0.5703696645957417
-0.5328773298601261,-0.5100859067573331
-0.8009122637763835,-1.4021557217138538
-0.7340396400706879,-1.2786744000051875
-0.6999054968339022,-1.118332734155192
-0.6453056535495697,-0.9688635554909366
-0.6741109559641261,-0.8816531090305779
-0.8114085277625755,-1.4304862950345694
-0.7148190084799148,-1.1936833468468382
-0.6592693995585766,-1.018802076241457
-0.6350344050253337,-0.8902643022624843
-0.6093340582715071,-0.8166116428906594
-0.588111340672588,-0.7496947310693918
-0.5650526377058177,-0.6667912418603561
-0.5497971497585188,-0.5647687314242473
-0.5418146844426093,-0.483837772505129
-0.6239002578177812,-0.8464424016744787
-0.58225339069163,-0.6904969681248563
-0.5623076429628066,-0.637699595262206
-0.5394477875564374,-0.5484651660947266
-0.8088209697851656,-1.4453589382124432
-0.731073109996223,-1.260570025968075
-0.6831234372412824,-1.1057987118226893
-0.6501604183649928,-0.9477982473842259
-0.6230263510974998,-0.8962953678426702
-0.5485654961385542,-0.8401316679646651
-0.6334841709447109,-0.9205305570338045
-0.6476619736565574,-0.9812160979534914
-0.6499555349637354,-0.9931498629016249
-0.6444680650703623,-0.9943898976614827
-0.653580731946186,-1.0206887592317673
-0.6597559643420065,-1.0159198220252779
-0.6474688870117026,-1.009262660973144
-0.6429704863861747,-0.9794873927194203
-0.6469133469600978,-0.9625724476398432
-0.650079041423093,-0.9817397685135765
-0.6462911360024781,-1.0097213078798752
-0.6498375632993507,-1.0086660684917166
-0.6507642081706327,-0.9886543424429706
-0.6486800197719537,-0.9897518534883711
-0.6563021664527887,-1.0137518971894333
-0.6559345911499658,-1.038194952949171
-0.6498540618469337,-1.0283066495589108
-0.64890131012838,-1.0097598604958462
-0.648972648829379,-0.9981774090880822
-0.652551372685496,-1.01723833160059
-0.6497018476409746,-1.025227972748008
-0.649318241905985,-1.0038114735924966
-0.6504060584518853,-1.0250892911183311
-0.649851389827645,-0.9987213919218896
-0.652138521342532,-1.0082685882417763
-0.6492596758400287,-1.0150016594644893
-0.6545028937994899,-1.0065213697530104
-0.6498075865837295,-1.003349775747703
-0.6534422396332005,-1.021397457516482
-0.6530630166594061,-1.0081845905491904
-0.6495889601991942,-0.9992790144957999
-0.6471915171964379,-0.9982215161883599
-0.6476181989284234,-1.0160210481057932
-0.6515641419042859,-1.0124057695302642
-0.6514221495594932,-0.969675850652203
-0.6488280228140827,-1.0126768228219463
-0.6508719440709583,-1.0096234172859246
-0.6539067008336058,-1.0139648433703001
-0.6459672172609511,-0.9699577673147963
-0.6556029323558954,-1.0186356449832317
-0.6512845528284555,-1.008188469094806
-0.6461976012246927,-0.9821138938167326
-0.6514694994315343,-1.0008318181320521
-0.6566895259658927,-1.035558549514063
-0.6523222498379331,-1.0154526879103138
-0.6502766995617185,-1.0112963579331538
-0.653380758079067,-1.0360671037891083
-0.6494937214261535,-1.008747756919019
-0.6458939957467904,-1.0100527249449518
-0.6505005921750197,-1.0110051485760887
-0.6527756065509233,-0.9916734494902124
-0.6582926891388408,-1.0560408492017817
-0.6478287679351951,-1.011311089911882
-0.6595278039033261,-1.0205818649312468
-0.6487573057538903,-1.0180050952371658
-0.6520945397455409,-1.0218287407853286
-0.6515843212651394,-0.9914125588858502
-0.645423282533757,-1.0007667442146189
-0.651915074254528,-1.0156890293270397
-0.6504035541464577,-1.028622442697449
-0.6592000069135248,-1.024890409864762
-0.6491031377512091,-1.0086975361540453
-0.6470210935227001,-1.01861254378041
-0.656858393596762,-1.007488376434667
-0.6520951958958129,-1.0239784132626917
-0.6472290557289414,-1.0224633520393185
-0.655828886789051,-1.0203425212576165
-0.6466899698305381,-1.0232792954365684
-0.6547415274839592,-1.0285450113059087
-0.6504057654229362,-1.0296416707841995
-0.6514319286446005,-1.0221376189623477
-0.6498558160884622,-1.0534583224724763
-0.6512966557918812,-1.0056212653557597
-0.6493570111698617,-1.0438457311896612
-0.6558350091274174,-1.0390612520484752
-0.6446395663087162,-1.0480589837847394
-0.649882464701134,-1.0417629946502733
-0.6554904419604652,-1.0175552489364341
-0.6480969930484755,-1.0270464665072885
-0.6421535601940586,-1.0453961281227002
-0.657312938186457,-1.0327620712389678
-0.658478047219828,-1.0394542299450502
-0.6518549219312102,-1.0265257958310594
-0.6548312256112931,-1.0370632246412765
-0.65728764830693,-1.0182128205141547
-0.6519895856542631,-1.0016413640665531
-0.6529524593374079,-1.0335967389852587
-0.6527495266446882,-0.9979338352277642
-0.6485143113627433,-1.0018233195728876
-0.6554980683641888,-1.0354879672011126
-0.653410725930634,-1.0514428044490631
-0.6486427628450904,-1.0276357355516217
-0.6551612072962395,-1.050814970904866
-0.6458557074131512,-1.0440891087491948
-0.6546254365744522,-1.0552014286595532
-0.6511914037905707,-1.0274456612567024
-0.6591234287516393,-1.017485027458952
-0.6551916697718068,-1.051882020830064
-0.6521820052535998,-1.02349064495309
-0.4778390300565436,-0.8051966149813516
-0.6173255751657281,-0.9226254245413668
-0.6461320860191689,-0.9837310208078727
-0.6382139737408413,-1.0101048843253277
-0.6493909791714475,-0.9929913837374098
-0.6453116796326694,-0.9851864049645038
-0.6475876367719848,-0.983715572940931
-0.6554796682870093,-1.0090370546620462
-0.6553991981436376,-1.031158731776101
-0.6541410392051602,-1.0090056797948928
-0.6464991025968244,-0.9876840107501701
-0.645166552224965,-0.9960545976316999
-0.6534891304991368,-1.0051981898253814
-0.6534891541203915,-1.0246298931222309
-0.6533049493605814,-0.9993043910268598
-0.643801279870655,-0.9894192865064981
-0.6538404140478178,-1.0145871752212465
-0.6525456630044879,-0.9704070508791638
-0.6527587566463048,-0.9865112775987808
-0.6589795586515789,-0.9798971846263056
-0.648614819940708,-0.9913058705681463
-0.6512722374850394,-0.9888569079096743
-0.6426608966131313,-1.0198719762870336
-0.6553500346534146,-1.0044705628526929
-0.6463750989873773,-0.9780915675530437
-0.6549942979922203,-1.0254386642015996
-0.6589692897650985,-0.9757455460090387
-0.6459602676903342,-0.990113481881113
-0.6585990832441989,-1.0030872581457346
-0.6575794513832023,-0.9983033066916789
-0.6583562302641539,-1.0035776453269003
-0.6409601230731049,-0.9543218436802876
-0.6544978214767894,-1.016998445120258
-0.6457935439480492,-0.9529167531510443
-0.6514945867699461,-0.9939378274306376
-0.6505555450161624,-0.9868390137070815
-0.6586057803975736,-0.9708093733050307
-0.6526002055674303,-1.0093008763014422
-0.6604126141004278,-0.9827946677678223
-0.652409267015436,-0.9775977253450496
-0.646893547388111,-1.0147395522654818
-0.6484803232116894,-1.013348291724323
-0.6477051368563785,-0.9977952540222548
-0.6528907382174716,-0.9939961642975494
-0.6560159862905532,-1.0237874170938628
-0.6444732690583679,-0.9702063480786021
-0.6476457912692315,-0.9603667194745269
-0.645684448759906,-0.8502940953362272
-0.6464771664742359,-0.9405402018299254
-0.6572884999324801,-0.9688254926575104
-0.6506558845255523,-1.0057181614364255
-0.6497207866191969,-0.9730797748714837
-0.6523590009242085,-0.9928145236130426
-0.6458701150019351,-0.9796062925968234
-0.6551928358410639,-1.0014253208911155
-0.6554343179096538,-0.9835264321841395
-0.6505614487669866,-1.025708990014779
-0.6520978679045534,-1.0182847810597342
-0.6528012838149626,-0.9925628561002071
-0.6478236599001342,-0.9656620168362424
-0.6532739810424442,-1.0052321397609711
-0.655189512622576,-0.9423086551317015
-0.653526307200429,-0.999451966135029
-0.6456178269362602,-0.987103063249259
-0.6420527171012612,-0.9852716769617704
-0.6487714747352163,-0.98346619580441
-0.6490303224938012,-0.9532422095177897
-0.6478722732484883,-0.9725693725351932
-0.6535702972843134,-0.986698204411709
-0.6413388036093444,-0.9491044783629874
-0.6400040574102979,-0.9869218780357925
-0.6566079400789253,-0.9857322815633525
-0.6503700881661827,-0.9956062433140391
-0.6549887609784376,-0.9980035376872902
-0.6603148015085262,-1.0173611284353072
-0.650099125906867,-0.9663373128915542
-0.6533630361530798,-0.9878756432940556
-0.6446267311426856,-0.9989224806665784
-0.655292654281541,-0.9984358831768327
-0.6534752733780138,-0.9595372735982275
-0.6486459451105117,-0.954764339049585
-0.6474244445904308,-1.0144567508296343
-0.655927852911239,-0.9912605849753227
-0.6488578804000664,-0.9860471945981182
-0.6474953884173993,-0.9883653974863498
-0.6565947809157597,-0.9982593879464541
-0.6591766167581009,-0.9733251572236585
-0.6548931562632021,-0.9804466509335144
-0.6491888396411035,-1.0113695910976872
-0.6491789308353134,-0.981744297470865
-0.652185579254739,-1.0148721884364627
-0.6565491713149775,-1.032403184806332
-0.6519489369058562,-1.0077518507509644
-0.6465662548600372,-1.0352709507125284
-0.6523196553123028,-1.003157732939584
-0.6487608198881005,-1.0067431851198032
-0.6642591011920049,-1.0180025293756838
-0.6416193774952273,-0.9947801222370658
-0.6439309665044268,-0.9988812288684159
-0.6574946156926746,-1.0302917995193317
-0.5780732758626411,0.7167111416263208
-0.5686986599472255,-0.7046360276471573
-0.6019258540695767,-0.8908206681301514
-0.6015781611133508,-0.9167769017640912
-0.6089953091852915,-0.9263088073145793
-0.6172818737460879,-0.9629503492474318
-0.6120192784880459,-0.9607698104692275
-0.6179794643861496,-0.964268794426405
-0.6135983601119759,-0.9387446133434985
-0.6222969390757724,-0.9662656237396694
-0.6198482124895509,-0.991134881828446
-0.622549335178613,-0.9479942261904184
-0.6234946213838001,-0.970705429568512
-0.6187351990646662,-0.9469542115225051
-0.6242088671204717,-0.8377538030644978
-0.6213473322102144,-0.9628639279820359
-0.6256727053660063,-0.975026285722016
-0.6258945291795244,-0.9450939593819851
-0.6252957597532134,-0.9734008266720375
-0.6178044525763192,-1.014033864468021
-0.6144481685109474,-0.9943127371621938
-0.6292277075058599,-0.998225013857897
-0.6211549158974471,-0.9734168536467618
-0.6169155780267794,-0.985236264708188
-0.6299652431006939,-0.9953996972443124
-0.6233030438843276,-0.9596036400153072
-0.6209453139332419,-0.9781556103463784
-0.6237892287885318,-0.9847154195954129
-0.629358725273784,-0.9748779598283752
-0.628455635461521,-0.9729634853119249
-0.6287931731161366,-0.9806212012118882
-0.6189907738050566,-0.9805717291926286
-0.6340128342673368,-0.9440531058248163
-0.6260064265960779,-0.9920050071974273
-0.6279077499431894,-0.936474510080108
-0.6255199486373116,-0.992500812302922
-0.6251977401619493,-0.9318756629761189
-0.623017338475318,-0.9499044153797829
-0.6319575344752191,-1.0038638635126536
-0.6285316583876174,-0.9440202154736335
-0.6300087061166418,-0.9803031168007659
-0.6282436506749595,-0.9785356201812787
-0.636381863431497,-0.9870918388918191
-0.6235324818682728,-0.9762490616204169
-0.6282998297313928,-1.0075502432042782
-0.6234450257736801,-0.9782779284071232
-0.6402928549193619,-1.0277162543741494
-0.6188250274167761,-0.9754397889780002
-0.6228042625604356,-0.989134884322743
-0.6258515925782892,-0.9940514169504573
-0.6291220410987457,-1.0337162711692829
-0.6327540448873423,-1.0041210381796444
-0.631124306844012,-1.001802990602084
-0.6301249573149856,-1.0306279165800283
-0.6348052653579492,-1.0263105265671173
-0.6263748655348714,-1.0309583596350256
-0.6377894077718228,-1.0181597839403462
-0.6169786780758529,-1.0158326677243352
-0.6289984466210988,-0.9939913287067792
-0.6437233262359443,-1.0470196506474883
-0.6318260558138108,-1.0309728557433917
-0.6313536699270307,-1.0147766691292537
-0.6292878243533186,-1.0281462658921245
-0.6328677518944813,-1.0348876757737582
-0.6331307390272629,-1.0153581316362887
-0.6348668243485546,-1.0493571038558507
-0.6315195771287702,-1.0148779902408818
-0.6298189675542384,-1.0072226957891715
-0.6273403425026454,-0.9892422269446706
-0.6318064182072674,-1.0143793992196477
-0.6303266398492129,-1.0307556390954222
-0.6316363484334501,-1.0208955657288943
-0.6299854889113476,-1.0162581105959234
-0.6359274729026074,-1.0494742902639922
-0.6281152314956231,-1.0360475302697079
-0.6382749863109449,-1.018705523445017
-0.6257295543574759,-1.0533723815597646
-0.6318922987629829,-1.0246462339145193
-0.6343144938443317,-1.0419991178401717
-0.628738841853424,-1.030074693844174
-0.6359242290783212,-1.0328497846213522
-0.6305224834007933,-1.041385992283595
-0.6236994160125665,-1.0387880687690234
-0.6285190645275467,-1.0527640632322472
-0.6305711444214631,-1.0301023501021185
-0.6289330137414109,-1.0483996510387041
-0.6345587124360035,-1.0511702429913248
-0.6395908189064313,-1.0413324320620816
-0.6357576558889136,-1.029317978187221
-0.634477692946926,-1.0422617419326012
-0.6233040678753649,-1.0664711409485945
-0.6314723790300705,-1.071337308350202
-0.6246551068665974,-1.0363464330494874
-0.6333348144115706,-1.0529863128009616
-0.6329394717574233,-1.0460155472431454
-0.6296740861171184,-1.0361342699917053
-0.6304464335316562,-1.0493183249655091
-0.6376937095618662,-1.0595576772825905
-0.6265679446325713,-1.0342929487866415
-0.6313717791020698,-1.0469857212296536
-0.6355077577607134,-1.03260422950087
-0.6280648152059627,-1.048082796392713
-0.6309795098578543,-1.0423158890057722
-0.6335701058882199,-1.0386150660690256
-0.535365760960292,-0.6243597507862992
-0.8752266172541601,-1.6109770666173937
-0.4872354248773568,-0.6094380529808916
-0.8664608592188806,-1.569299232843261
-0.48550266622452065,-0.56244339955593
-0.8695015889584441,-1.5869309602583779
-0.48137667926673144,-0.5715897101893006
-0.8663541081493502,-1.6197185031823909
-0.4741831871041118,-0.5009943588172596
-0.8711733211745829,-1.5976309983376549
-0.4810828927805363,-0.5698057612281453
-0.8706812517331042,-1.606766425703753
-0.4722462417661469,-0.5596678609082317
-0.8659703317305723,-1.6138317634689903
-0.477590311599535,-0.5529468927873626
-0.8723094001762762,-1.5878742099436367
-0.4839172177188252,-0.617714768742599
-0.873424946354218,-1.5830554292292158
-0.48157027862392193,-0.6168584896051044
-0.8681257116913011,-1.6037487983633347
-0.4837635692579655,-0.5603387715483628
-0.8700857044221566,-1.6188721609014742
-0.47923463106591513,-0.5703515201719134
-0.8707301893637478,-1.6212055041070335
-0.48057724567247706,-0.5853531802607974
-0.8701763639608138,-1.6252574724298483
-0.4810752953535693,-0.6061056582340247
-0.8675469348355844,-1.6013393636502937
-0.47993181235973714,-0.5761479438112709
-0.8728586581340374,-1.584565744783832
-0.48522698430597466,-0.593138948622605
-0.8714214872577379,-1.6020598971534774
-0.4744052242676525,-0.5538785699131763
-0.8719432052157297,-1.5923163147949073
-0.476200513561494,-0.5214613126092162
-0.8717653064706543,-1.6019920018396536
-0.4834519580732952,-0.5596578865436388
-0.876195286026973,-1.6321684158382532
-0.4795994244547582,-0.5661116795309349
-0.8720706741229693,-1.5775905976029978
-0.48706801587234505,-0.6217194870878957
-0.8704587308819344,-1.5981689121656482
-0.47856781439701623,-0.5911669998756963
-0.8739327385601472,-1.6098989483444026
-0.4762005846819874,-0.5767469999585225
-0.8686336561847452,-1.5823525220029666
-0.48015278187945387,-0.5686528472096452
-0.8710319511142506,-1.6279172751369908
-0.4827828487883115,-0.5805492528628481
-0.8708888287372526,-1.6066413257221634
-0.4774177575745285,-0.5965333266669735
-0.8729462193744288,-1.608337070853427
-0.48002472407553837,-0.5917840119139727
-0.8735029792058069,-1.6327799515281487
-0.48831616282542323,-0.5857608838347739
-0.8725461025920549,-1.5870984192292419
-0.48082473668604986,-0.6152348163452641
-0.8729473004780919,-1.622870563356871
-0.4775558461089363,-0.6075140069751729
-0.874025701091015,-1.6022224128020428
-0.48033566945999107,-0.632630410431865
-0.869731573816061,-1.6312132440747167
-0.4705436469380374,-0.5987027185015865
-0.8761340784447945,-1.6177381365683483
-0.47690670464320484,-0.6192064438353524
-0.8758986416796182,-1.6258336768063681
-0.4779158655925628,-0.5555582436758462
-0.8715779357912585,-1.6445272824887767
-0.4662666399889813,-0.5855026603569893
-0.871022129598543,-1.6260890290812442
-0.4811439677090219,-0.6267673733465932
-0.8723797511911804,-1.641520054280493
-0.484150520836708,-0.5981296613533518
-0.8682343197476907,-1.6177898369725334
-0.47631352593551957,-0.608524930706306
-0.8789479371879465,-1.631403111045349
-0.4734265101685377,-0.5980941065569095
-0.8718889196154691,-1.6213016264198974
-0.47822850514582776,-0.6161267143731481
-0.8712178621557591,-1.6182177950774965
-0.48060247678805235,-0.6007891789968269
-0.8720948883357571,-1.6201104752046287
-0.4705469951639172,-0.5179066549027462
-0.8716220894549253,-1.6366094382289662
-0.4779556337316494,-0.6045093425891304
-0.8732588205981883,-1.6358496523589825
-0.48187530439740456,-0.6084953646403041
-0.8691087524378237,-1.6420146951524326
-0.47438183319717014,-0.6199104260337287
-0.8721969133102685,-1.6371877544110671
-0.48101557559734953,-0.6180435162571817
-0.8669455765548761,-1.6187323988414628
-0.47972582665994884,-0.6077485771356472
-0.870506209601416,-1.61484025433669
-0.48154448215826295,-0.586965342195102
-0.8756609737271945,-1.6384702534319062
-0.487760978755497,-0.5734465690221866
-0.8733949082827508,-1.6150786499840917
-0.4842177938722847,-0.31008961094605725
-0.8701621541265424,-1.611584486969502
-0.5357872061216912,0.9021894078675645
-0.8362851765612258,-0.4692683623881917
-0.3291004894152147,1.6726257836614615
-0.9604576606776782,-1.3813068801808912
-0.24085971148693958,1.9776028672352888
-0.7461421833256978,-0.07175136143902916
-0.048997350344567536,5.0250047472391
-0.5734808340981744,1.23396696077665
-0.3590063974431733,1.7164696143511782
-0.6117551190645889,0.2314054030548935
-0.7427569434551575,-0.5849023624884737
-0.6465390130984255,0.7314493594425278
-0.2924544552846863,1.692535567304065
-0.5149610639394023,0.6178374502290405
-0.8277065579172536,-1.0180290385517456
-0.6688815259212453,0.466376427865728
-0.18129079408686866,2.3670368513104836
-0.2145976277032834,1.975997113576945
-0.41762211779204766,2.579243666523239
-0.749913936704961,-0.07213551564630513
-0.18860029035822906,2.169619407842109
-0.40042815192771786,0.9682623248535904
-0.47722659962070507,1.8170083310225726
-0.46208673619809043,3.0265733631941054
-0.4928011373267045,0.8634956815662544
-0.2615497913662871,1.523412567778849
-0.7331673465415509,-0.2496520743895621
-0.39012505243082307,3.467627897064659
-0.18388357868630534,2.2616444528359394
-0.5832130316539661,0.33181500551665993
-0.4343026097316306,2.0849869103844845
-0.6417945605973392,0.7173325637924786
-0.2633821530999389,1.9623328767351607
-0.6922995729629579,-0.0725776655986547
-0.3472513369902104,3.248498932775884
-0.35875768361829774,3.5409824028030217
-0.21419522679735165,2.124413114222065
-0.4227516259032533,0.9481723958701629
-0.27337966848271955,3.820250660982249
-0.7275006368273887,0.1829915819106101
-0.3902812373361557,1.2882834429906644
-0.637781320714748,0.19398356360865965
-0.3023221338572173,3.678222606549278
-0.5499147396563276,1.8058683955276054
-0.506030260226807,0.5695546467979191
-0.2939020663337318,3.786401112975227
-0.4978225218713184,2.7484764018529675
-0.3531687419665059,1.3774381250653924
-0.28405346313892005,1.5215212385211399
-0.36698095983764695,3.4036028821116133
-0.46355540391540206,0.9046279025868249
-0.8236730720523272,-0.40902448783177947
-0.5092117177817312,1.1801042778490913
-0.17197624866048172,2.000944292406263
-0.7521704555183951,-0.20800950893619596
-0.22769174379706086,4.05505660093532
-0.6165655241751374,1.0467361986389008
-0.33173351945433616,1.4801064213639807
-0.5966601893535871,0.2749582673190066
-0.7788860831917715,-0.6314200829623179
-0.670455368486316,0.5012598342880705
-0.2647974273899346,1.8184792841988673
-0.4923759951243503,0.662146819439847
-0.8477277182497744,-1.0515820396751818
-0.6932902991561218,0.32700583981930337
-0.15096618792324268,2.3888797725227184
-0.2026200440600181,2.0059989649556575
-0.4415605963963716,2.4939834412145157
-0.7638459266530285,-0.11576559512305915
-0.18014077647900995,2.2902143499233625
-0.39161240233184136,1.0612151254369246
-0.4974260576788838,1.6598442424159532
-0.47479756516980204,2.826672286880843
-0.47852075518435755,0.8041666532637934
-0.2412455026887108,1.6415193643309796
-0.748419509809736,-0.3948369743971412
-0.40847362315095076,3.405829080097001
-0.16465275430206056,2.3509156607425634
-0.5777002200875245,0.2916834916595085
-0.45496916770473705,1.8116295684096209
-0.6610589092600134,0.5802745328782581
-0.24652196912417967,1.8853515239628698
-0.6927224473551173,-0.14273714551577327
-0.375871921727089,3.070350502870949
-0.38901437370684233,3.3490707105329127
-0.1995426497818486,2.126753640959067
-0.40941020312100485,0.9336891806149115
-0.30542040402384335,3.734041141979535
-0.7351021865244202,0.0027941498915041163
-0.3730541439794621,1.5120207682979958
-0.6335480203668281,0.053199656568789055
-0.3071611268907323,3.6538976982158435
-0.5543325021355792,1.5555445735680924
-0.5135885979497918,0.43485463506229144
-0.3104237221189041,3.6579944454571796
-0.49189324139484947,2.6704003411379142
-0.33457751004715397,1.4243311838159773
-0.27188775303259444,1.4866759153333777
-0.37721658387619633,3.3336724518519447
-0.46703760793218574,0.8741360994444389
-0.8212997408194753,-0.5018370738547839
-0.515692504394013,1.0293979051129192
-0.1708358005088939,1.9546348537752156
-0.7393037170638515,-0.31146506562566606
-0.24860690901897498,3.93945163535608
-0.6216546649908793,0.8478692653163915
-0.325599435837499,1.5041236249936496
-0.5969017518376365,0.25795250753833093
-0.7889599239644538,-0.7222266783350799
-0.6707447169366643,0.40402499148854715
-0.2545766407587921,1.8371933122828341
-0.4814052539955431,0.6131644843470243
-0.8512291863167496,-1.0541686813830045
-0.6907099316430091,0.26417453745873604
-0.13412788607464476,2.4673566752686527
-0.19952788800289428,1.8934314823530627
-0.4514559126340727,2.190158649660102
-0.7756666949733515,-0.2812299623057897
-0.16668937170774117,2.206682216141181
-0.3884122400624099,0.9491642011347652
-0.5005815288177919,1.4123985279426952
-0.4805556933208198,2.843946837798325
-0.4704952345805503,0.7843859153181414
-0.24279208679327663,1.6207413319108668
-0.7473278674967843,-0.4027653245891128
-0.41758893590858,3.191265049970819
-0.14576805403209736,2.3422415440807893
-0.5718351931133637,0.24015437371746967
-0.46828453987458196,1.6556604592322701
-0.6573651829119395,0.49586497223887
-0.24346235278406658,1.873105247221256
-0.6937066887488692,-0.14574720505067917
-0.38746953305014287,2.780107361735983
-0.3904108311293809,3.2372198983889207
-0.18256391630034957,2.156875044864431
-0.4070362563648694,0.8747909078139491
-0.311189769032915,3.7161395052237207
-0.7388229626334528,-0.06744724341756905
-0.3643228422289319,1.259994387046819
-0.6380235025673188,0.03897947104038468
-0.3108995001616193,3.5516542315314608
-0.5637409313279337,1.4704133791812206
-0.49644098064207287,0.41996219483672953
-0.30964462109366225,3.4480956203498354
-0.4994141636202226,2.5358594732906523
-0.3453157081917214,1.3389435256774784
-0.2782740150544342,1.4471474544537413
-0.39616614859194144,3.2806921523579673
-0.4702043292039759,0.830179433114572
-0.8232437849557592,-0.5223035390544954
-0.5255328954367532,0.9340176637060569
-0.15877321806518635,2.07694731227925
-0.737512634645046,-0.31269913969029023
-0.2422863349507317,3.7798655522881415
-0.6249586314973598,0.8320483210122502
-0.3144170315920307,1.4651541867208917
-0.5913858591293933,0.18089377369534965
-0.7914929344751959,-0.7104436800279972
-0.6676891793557466,0.39296733730353955
-0.24277099001097258,1.8493282946368816
-0.48413581785111304,0.5377165431802784
-0.8549846838568852,-1.076957576947074
-0.692229014481751,0.15824499326985025
-0.1330389388220231,2.4574427990888825
-0.19301643019716913,1.85880833625245
-0.44550218041045797,2.0902517561682834
-0.7705024408986286,-0.259941130212768
-0.15656479806121187,2.2043163607393472
-0.38054371587374514,1.029307376107278
-0.5133533955006111,1.3484476684610167
-0.4851750665688812,2.732193410570853
-0.46896728147862543,0.8051842863802581
-0.23764516825410326,1.5828690879956846
-0.7552120316299054,-0.42938290693472714
-0.4361087848181742,3.1012583557671176
-0.16303816917486458,2.3062396514400887
-0.5732198210726707,0.3012084465371992
-0.46877739320964945,1.6920905673929472
-0.6657980735608438,0.4218373263044905
-0.23174880549200044,1.806561208271211
-0.697187626959927,-0.16924175219956689
-0.3888357130554984,2.6320243091301783
-0.39323153584902487,3.1608089534611366
-0.1857085722570992,2.1575429410162
-0.41067126573677076,0.849454555620077
-0.3113843091083237,3.6440266728958073
-0.742187890776101,-0.06812507867118692
-0.37130438305962643,1.2660481711581943
-0.6451895299242062,-0.017817118877308746
-0.334455538170213,3.4775009936559056
-0.5743314762163797,1.3392258062859372
-0.5063974667039408,0.418600804591096
-0.3097050003918331,3.5387453291895636
-0.5033132007946749,2.451003619702537
-0.3344209771432395,1.338517511498161
-0.2783221961175397,1.3783237680421183
-0.3922523848404129,3.1754993942480505
-0.4707387286966839,0.8261285143014323
-0.826415393422474,-0.5405630785609021
-0.5339822055539738,0.8435032803231672
-0.1624971982292015,2.069115497545956
-0.7450942921330588,-0.32074743503185876
-0.2444643098563027,3.696799335952058
-0.627790378923861,0.8171392364811747
-0.3078960343976452,1.4828555228074856
-0.5902472545267812,0.17577722801742524
-0.7927080103877372,-0.7610161365655004
-0.6811312792299317,0.3722970010331475
-0.2428697022078064,1.7823206125180866
-0.488265426079573,0.5548074347348313
-0.6946024256826034,0.16860754208333512
-0.12977140014905642,2.5016633743467156
-0.19552108148469405,1.9881485388045774
-0.46811574538474165,2.121206734790705
-0.7743405683165658,-0.26251527384744094
-0.15734477024424137,2.2442679336287874
-0.37930541019991276,1.0582490826117006
-0.5089858874774287,1.3226990135259638
-0.4862267389931202,2.795124512050041
-0.46958025282528126,0.7706474812233504
-0.24641738581739508,1.655528349422433
-0.7597003001658086,-0.46586215535578157
-0.4266087099454521,3.2353620965134806
-0.14663575895769082,2.4275487419627777
-0.5717285599018781,0.2109419883769793
-0.47882856201333257,1.49692057894292
-0.6691930421835361,0.45547470274755525
-0.2362495487951094,1.890963528647599
-0.6951134966033062,-0.18113089837310364
-0.40565073985235467,2.6840725346684313
-0.41070370598853884,3.2460464537575104
-0.1773708365354626,2.206483072135927
-0.41971144997562915,0.9104475645365175
-0.3231676793115057,3.717632721613814
-0.7418711328298779,-0.08641200130846724
-0.3663637621690551,1.2606720327033154
-0.6344779738811577,0.006289407355792587
-0.3350684441102052,3.5136006090971215
-0.5719524037215507,1.307293366789516
-0.49402807907341734,0.4514950765290166
-0.31953019279445977,3.472314869651645
-0.5148886877391015,2.567863754031281
-0.3317883933353215,1.388648961165475
-0.27106023313677724,1.571248127872038
-0.3999776576009838,3.2487782778537184
-0.45446452404600574,0.8808432847855769
-0.8268903859924115,-0.53588730542601
-0.5341215801212953,0.9245753296357586
-0.14686989432502268,2.043138447448366
-0.7449791722108404,-0.30540027864662816
-0.2577183593505192,3.818287313619397
-0.6251749664655665,0.7680206225707638
-0.31363732055427596,1.5168823404101712
-0.5977183219175903,0.14327451684756565
-0.7992162909586125,-0.7913484154393486
-0.6816193325909368,0.33466368104367644
-0.24001808950496567,1.874185255058921
-0.4889614092294231,0.5653752953286724
-0.6978910679202197,0.18317378983476934
-0.1281159657313351,2.5249134282395147
-0.20479770764770483,1.9671011721495353
-0.47004850178081786,2.1464909112598796
-0.7702956021529941,-0.26596662343428845
-0.16555947019706752,2.366742826550507
-0.3859417543566473,1.0192420443355523
-0.5214600128103714,1.341162433402137
-0.4821383845470268,2.67953770352722
-0.477133798771308,0.7793262490380619
-0.22870509697080327,1.5858819287740753
-0.7544010746762941,-0.43680897704474375
-0.4319446012681326,3.1834147739422116
-0.14951476461682262,2.40571464135014
-0.5684068515484134,0.2481614419542893
-0.4838959997270511,1.5309436081468475
-0.6686871677224541,0.468688036548959
-0.23089569405814242,1.93362367127481
-0.695365436173003,-0.1280966001049998
-0.4023174500680633,2.8756948393865622
-0.41072732311468996,3.177012984740316
-0.17566405547902664,2.3142466690336896
-0.4152268583999038,0.8949134640870642
-0.333614004671696,3.6022233520912725
-0.7481325651889218,-0.037896208008830506
-0.368327815012094,1.286534857793727
-0.6304117469570357,0.13587715412597273
-0.3445303696516562,3.4676708781441707
-0.573973818781147,1.5557743836423155
-0.5187944440328501,0.4911533769974767
-0.3332733264116833,3.5919063747727225
-0.5139216053019495,2.6336307177448295
-0.33475806130239394,1.4006582411239252
-0.26277740683464706,1.5164279320555099
-0.40745312906876,3.3368680385652936
-0.45492614760850014,0.857691011232095
-0.8253196124820059,-0.5544954175158829
-0.5014742465102235,1.0030212987028708
-0.11819093627296445,2.067107752657733
-0.743531573755737,-0.3535124561881446
-0.2632904251037507,3.6610338419770003
-0.6298003711371646,0.7698293085080323
-0.30345617803631797,1.489435734797703
-0.5959228240291466,0.10489282456037863
-0.7924398141547921,-0.7763777648479848
-0.6771692395796045,0.35635807601953134
-0.24542836105991622,1.7143584216364443
-0.49076755713259124,0.5243901205004533
-0.7006995694831442,0.10206108181589518
-0.13624874594519532,2.382904349538486
-0.19419550500943933,1.8977897337260596
-0.4755446106425452,2.095487706467225
-0.7751473509285508,-0.2514607637429479
-0.1611074942592211,2.21095151283622
-0.38411503554550636,0.9920635518009202
-0.5171916511436746,1.4151077048097902
-0.46246425432866733,2.709560194997893
-0.48740799827021913,0.7471461384139988
-0.24004370252218832,1.5829502217145413
-0.7369089291333552,-0.4251186148765281
-0.3847344554435669,3.3525674663551723
-0.16174092614982388,2.4012432621390314
-0.5679603359709406,0.29791653147328806
-0.4707938916532122,1.7617392375517287
-0.659161354285276,0.44947040551995593
-0.23591038258747993,1.8371752970218223
-0.6903533721501781,-0.060299477363477905
-0.3955794056841976,2.9372572844857245
-0.40032470123447506,3.1051125572048823
-0.18032392701981698,2.217333929053946
-0.4139554151220013,0.9307935843612221
-0.3267807920611222,3.534964149541402
-0.740078280116759,-0.0353917221943246
-0.3490600105747318,1.307642055086662
-0.6376915985175787,0.028270343804723375
-0.3327838318565131,3.480918336125591
-0.5716373003443503,1.531938230931963
-0.5005497041050943,0.5277797952609757
-0.33757550313565526,3.544215114674433
-0.5134088319823351,2.585090155150194
-0.33568898751038123,1.3922221930398844
-0.2686020354565116,1.5112231970557517
-0.40300702901623886,3.326281968205039
-0.45168309675174567,0.9703164738405288
-0.8157632057398743,-0.45216786863199226
-0.5396432290487952,1.0150060974989015
-0.16442398198937963,2.045010428053442
-0.7469486437311809,-0.32598956790923583
-0.26313700273988494,3.7600574375223044
-0.6342889371231052,0.8297118062547377
-0.29769292109157974,1.575620253673337
-0.5943312181562764,0.18736643975502165
-0.7931563717602773,-0.7491077450666062
-0.682288711078781,0.37455618951739095
-0.23893900968768578,1.8185519805466586
-0.4865847894856418,0.615486793024236
-0.7003274546511689,0.16843344763898133
-0.11561208416084817,2.4908643774509023
-0.2058427165278795,2.017033553567404
-0.4735105371333639,2.2342768574102254
-0.780916157665119,-0.2985401900259038
-0.1650611919810983,2.3757129066832685
-0.3827506668599935,1.0566233269182783
-0.5175515584742947,1.4505946779415513
-0.4971934529527276,2.8220082387622756
-0.4645011607392707,0.8038628518396385
-0.23740180649377746,1.603993292842918
-0.7620743264436243,-0.45564813163116274
-0.4444528991789362,3.1239298381155476
-0.14538200215607755,2.4058314143211015
-0.5673501628616682,0.303549269916873
-0.49250162688604804,1.6057369741911778
-0.6724879778008049,0.4808112800735899
-0.23442031679506525,1.9437648654603652
-0.6897132288325728,-0.11612929345583445
-0.40289711074670076,2.8435945758272747
-0.41564566727019503,3.066923583833189
-0.18236115796896935,2.2052572592946564
-0.40600472670151416,1.0148715761971403
-0.3305801571760056,3.57837438562624
-0.7484145799665147,-0.07063515193472628
-0.3625023820042907,1.271834703966064
-0.6209687101301028,0.08310768364213972
-0.33451695187942815,3.5098415426095797
-0.5753581836068415,1.392544380728952
-0.5031406952691577,0.4658385090157234
-0.33785129940165326,3.3605716550179205
-0.5158635112038933,2.425105386806153
-0.3317697522654327,1.3557012012577834
-0.265229428195829,1.5323437391088204
-0.40024508195139896,3.2364506618697617
-0.4567292165482423,0.911124341628418
-0.8131385800699228,-0.4582742013895099
-0.5341104021375509,0.9345119945677356
-0.15566355917208002,2.055859573253951
-0.7415342903840221,-0.2835144022192717
-0.27423335667091675,3.748288627964186
-0.6293270095621959,0.7629339906650632
-0.2973641396274998,1.4485096782385618
-0.5912033561565225,0.18643232414120037
-0.7977621206329077,-0.7910143295743963
-0.6895277131902142,0.29495337971612595
-0.2362446834599412,1.8892845866120027
-0.48683005882509234,0.5702977655013415
-0.6849051500474733,0.15212201603853842
-0.11168539945058042,2.477210829692886
-0.1903631133545699,1.930079507307753
-0.7816685382994265,-0.3052962027526404
-0.14705292575878964,2.2493609410818363
-0.37593730177280404,1.032972816484724
-0.517280768136226,1.3354873544638808
-0.49373751728810866,2.7685584497307665
-0.46999286417594605,0.7661773985354285
-0.22796552336563874,1.6038555466476252
-0.7667690984658896,-0.48611259267012513
-0.4390717670941942,3.135506052627662
-0.15041551316300045,2.342418215570186
-0.4852098037572351,1.54021556914662
-0.6705480123327876,0.43544228831620996
-0.23563800547595992,1.8484436322005118
-0.6882009444210021,-0.15412771036557527
-0.4102820570659772,2.750803755823442
-0.4056797092034641,3.114836293674712
-0.1733789880717586,2.2012048706781195
-0.4037295076806055,0.8875308732527649
-0.339097855559524,3.4138155481995547
-0.7483726397947118,-0.15152223783148425
-0.35242725677358366,1.2774377959710588
-0.634875008284494,0.017462151992593877
-0.33864392836106283,3.3893260810286336
-0.5692213749682874,1.424063224802744
-0.5000532530478505,0.509829028341312
-0.32858799058472943,3.4607735004249953
-0.5179047337689634,2.3553411638083324
-0.334807195131525,1.4147284780405738
-0.2608132811488167,1.5603211127982677
-0.41801237718405093,3.1315571110335223
-0.45977988357857547,0.8596112319444185
-0.8238216003636059,-0.5239963186022036
-0.5464555376368859,0.8866464226171504
-0.15573438647020615,2.042037326852251
-0.7402199713590846,-0.3189055350768736
-0.2715696359098053,3.691294709665345
-0.629146207329047,0.7697024346463945
-0.2889202983751698,1.5727779924751895
-0.5886512099612893,0.23327590895485334
-0.7967127440652805,-0.7829160591708471
-0.6836116638715628,0.29768767425256054
-0.23523311681770848,1.806758340987752
-0.4856383451942906,0.5623175855776446
-0.6995650617435432,0.10899602711573492
-0.11259021991327134,2.6165730144834813
-0.18726441890563206,1.9514400951211799
-0.4782646390774099,2.1101898329595876
-0.7801178841309548,-0.3264992751289877
-0.15356546455725345,2.352396107464087
-0.38554846542142546,1.051628149240797
-0.5207314225078747,1.3251065840832135
-0.5007236242759487,2.696025645804083
-0.45803436294561484,0.7646712579419557
-0.2342588277418992,1.615101930458087
-0.766712899244625,-0.4549792260239688
-0.44101635885372303,3.165305193035268
-0.13103758198018112,2.4368393372397064
-0.562956037626655,0.27074623820535887
-0.4981739833090037,1.4851114217302934
-0.6695595054473833,0.4313487905021978
-0.22921607300438673,1.97410621545858
-0.6925516816628616,-0.14820125220167257
-0.4135257678353108,2.8326381477481095
-0.41971083134766163,3.194466028902403
-0.17374457785482272,2.289052641907333
-0.40627276952345354,0.9555318266540864
-0.3323789841390986,3.585794132229107
-0.7531946709176471,-0.12589960648438633
-0.3547468812133644,1.3447919977911988
-0.6302638036734107,0.04854728210133691
-0.34247248587765666,3.4848543613182157
-0.5769700773628005,1.3498713837875922
-0.5006365394296819,0.5278570932182429
-0.3404588677001612,3.425501133873156
-0.5207429459161519,2.407152110479529
-0.32092545046254706,1.3915768015703431
-0.26446735526725523,1.5470295629728237
-0.411148242661803,3.2019206711571675
-0.4563421468405312,0.9035155658406668
-0.8246969396427956,-0.50314642109314
-0.5455263218575357,0.8648246793604957
-0.1541202870064461,2.0728063054560146
-0.7414175091231683,-0.30685338384768557
-0.272183438876915,3.8009049874731815
-0.6382379360068303,0.78496575074396
-0.30225475124369644,1.4812517242228658
-0.5911361194040737,0.3089477040736522
-0.7965238550778136,-0.7849079616565258
-0.6878694589938794,0.30181610341838944
-0.23913846622001717,1.8961252873951622
-0.48271796431725933,0.5990507324444339
-0.7033740880713193,0.18572068644162393
-0.1163942623847653,2.5141187949359147
-0.20014926879563438,1.979926879394675
-0.5983769306193896,2.135177541214815
-0.7864108107943892,-0.18940185945114116
-0.1838850185161381,2.5785945908720054
-0.3932523966591492,1.2189604665569231
-0.5308008221699086,1.561745834592042
-0.5104171731504604,2.9512256520319156
-0.4739802410690107,0.9572215303580522
-0.24888507726860398,1.7325086823640239
-0.766522672578947,-0.3882100357571206
-0.4471417137175564,3.4540224715673453
-0.14983470245515051,2.647039123978801
-0.5783557736926525,0.4530565824271738
-0.49698101848254195,1.8690019523611483
-0.6821456147146864,0.5531389355827652
-0.2439149363304975,2.1916838287767173
-0.6981249258510094,0.06040283591703166
-0.42444736288991375,3.165052422338943
-0.42629688553210054,3.4580738233271733
-0.20179118078933816,2.4825103879459496
-0.4235055987396397,1.1592184605730886
-0.3495166609366245,3.9264740188662195
-0.7564610236540986,-0.03809361684207371
-0.3681647541487447,1.4842827305920903
-0.6322292649071376,0.26660130043441405
-0.36278670509888344,3.7436647739183053
-0.5762439933816933,1.7583748943570747
-0.5027818675525825,0.6234834236954221
-0.3458848587805327,3.6741288415932387
-0.5235873031895576,2.7063641740995252
-0.3372109883379735,1.6239798608801732
-0.27123678777260923,1.7255763811409601
-0.420505167541785,3.4080417780948773
-0.46062351020162,1.0666891807131604
-0.8219048296308218,-0.41851661104363125
-0.5475628230478389,0.9014483528057557
-0.14209278459179064,2.078038137385206
-0.7472049212815202,-0.27104646583032127
-0.2781187733288788,3.7284081574169354
-0.6343909467791188,0.739965626098593
-0.2981416988323924,1.5002728085509343
-0.5831186630900519,0.19527493950547437
-0.7941068344450926,-0.7509982864022202
-0.68724074355026,0.29681629053309183
-0.22373194558900217,1.881264757383654
-0.48291781565898445,0.5973974586798045
-0.7090165526077612,0.1574550977013917
-0.11440056639955026,2.568672451119948
-0.18535590054545042,1.9714925187427361
-0.47321242978034284,2.4293526016667752
-0.7795892176922983,-0.30391695499760163
-0.14796737259436388,2.346640015474042
-0.38026849706017785,1.0814196048874218
-0.5339475685833973,1.4923194616152458
-0.49943574499952104,2.7908680265887336
-0.4564910174301723,0.8830613233631499
-0.2542278780525869,1.5866670199563921
-0.44593460399088425,3.1686019152735527
-0.13880680527147998,2.462410123496047
-0.5728908004214085,0.39884482185133635
-0.5025484255532593,1.734831234614833
-0.6750961858317738,0.49068808460435315
-0.23527758175592278,1.9939003564988431
-0.6902947889185385,-0.07098431595784088
-0.41999958942965254,2.870510428593758
-0.4246851838069557,3.1667483813949344
-0.1691997197154393,2.3227379738519547
-0.39910656808244244,1.0099677969092797
-0.3473818405803285,3.692133537318036
-0.7525892141402493,-0.05023286868010249
-0.3568478143049021,1.414903628265124
-0.6305953330812841,0.17610491886749335
-0.3475520553734918,3.531004656761383
-0.5722355015499005,1.644756437272902
-0.49901755078673893,0.5674591367414192
-0.34786568059232137,3.618809338500544
-0.5259813404777014,2.5074826959846916
-0.3072696574171803,1.5362044267938897
-0.2643265900683939,1.6571504205748706
-0.4153985550081708,3.2795362994031403
-0.8353879827370057,-0.8388346775036659
-0.9771155894411704,-1.5171432701461052
-0.23100188432908275,1.323567104401441
-0.8981733263786673,-1.3618066472013683
-0.7091960893872941,-0.13660660398013064
-0.933460948449258,-1.3952026401416777
-0.5783814032079814,-0.6043161161189878
-0.5820472515776383,0.5342115682996202
-0.7652491065032253,-0.41928113625221874
-0.8511616249695242,-1.1458210223054355
-0.564723457813514,-0.5264833743278046
-0.5154140873869949,0.9853809563139948
-0.73014300936812,-0.20211530038320757
-0.7861949161324354,-0.8174126250454501
-0.701524072073933,-1.0155502861191068
-0.5072546374064087,0.9970708321376489
-0.661258284613145,0.251455595428186
-0.6099388393460449,0.08459802497913038
-0.5364392864543576,-0.25187728215144883
-0.6181827373202337,0.28177786519264786
-0.6733612568999794,0.1784370229949419
-0.7144757523605453,-0.4928637544323785
-0.35771745834269647,0.7298371757009128
-0.8698840631707861,-1.1842084396986097
-0.8189364741191321,-0.7891061052089996
-0.6314979168895253,-0.1278323554380747
-0.5028403761344028,-0.10331905464812408
-0.5643700229603711,0.6293391661550269
-0.6654723210694812,0.29022159853331314
-0.8171233015814242,-0.9390184141348557
-0.3222444675941669,0.8764345714429242
-0.7150755615545821,-0.29693967298395285
-0.7129848179224649,-0.058139506012918785
-0.8930805841433674,-1.229005351637451
-0.4632278660400465,0.04371926822752664
-0.5681840001095204,0.6755023512115488
-0.6764268508106367,0.16664364388035924
-0.7298961786319852,-0.5284664119732928
-0.30950176146609093,1.1053779320473944
-0.6393462794346356,0.179368532077324
-0.7744039476033767,-0.43735270525932474
-0.864970761018103,-1.1679894348256683
-0.42138210853845015,0.25823860429563134
-0.7864393145808867,-0.7889655389590733
-0.686268051467915,-0.14571462254645962
-0.8582968630053103,-0.9622948848176371
-0.783201323578089,-1.1597245581546773
-0.7601085228308622,-0.6225224012669549
-0.7633108989067522,-0.39169451714842507
-0.646989997319972,-0.17517870514999945
-0.4119825401446277,0.4283390900935658
-0.8068941692375099,-0.6744876575523968
-0.9632598719981322,-1.4290564740061926
-0.21849254447159683,1.3455158439397996
-0.8969349420342502,-1.3145334046765524
-0.6802973351969713,0.06106245864037463
-0.9167387635893369,-1.333781767883913
-0.5755538778601145,-0.6092572769317869
-0.5820724353195963,0.5745105773056018
-0.7519484430234615,-0.3060839013047878
-0.8430328059111908,-1.080167227458159
-0.559104731633944,-0.4424144888826908
-0.4996037019666487,1.0966637102684091
-0.7165985797835388,-0.11375117559638842
-0.7771144360867078,-0.8066927529467038
-0.7000933785363497,-0.965376650938399
-0.4944240118568218,1.123450662167126
-0.6505056964801254,0.32191238842383524
-0.6009950073390291,0.15555956884142497
-0.5283934573609717,-0.1501191522994218
-0.6031181122966526,0.3985998145923875
-0.6695687853779667,0.24381988991891496
-0.7133382036467992,-0.49992856127003826
-0.34333730566641907,0.9008039500318987
-0.8675904804001962,-1.177008046032709
-0.8141644444927867,-0.7455092530663578
-0.6331873061813456,-0.032640100779172565
-0.4883680378155912,-0.007078940439784132
-0.554946944163858,0.8134241763769463
-0.6560595409331458,0.3266145407500846
-0.8174936785491957,-0.9289338958677176
-0.3146726178235215,0.9917459951386325
-0.7017753964933362,-0.2888185514089196
-0.7048591790707439,-0.07921635804993415
-0.8908271352315661,-1.2657451573820775
-0.4582174782073187,0.039193515824402725
-0.5595107067336273,0.6692241199664357
-0.6740410265384953,0.2312200887633286
-0.7326395755855808,-0.511088587004447
-0.3142550481971966,1.0522432738864955
-0.6317664564233418,0.25125729257257384
-0.7696410437971348,-0.39741193649291356
-0.86214319095415,-1.1460077582951966
-0.42201866634547014,0.28470785025604356
-0.7872926209003718,-0.7592329660474589
-0.6840858032381046,-0.1436620774179332
-0.8522157948696697,-0.9607642739682514
-0.7913535453703924,-1.1866795322043848
-0.757930798133195,-0.700900789775976
-0.7552315382202865,-0.39374849017794367
-0.6429722231058207,-0.14251500014931562
-0.4129059170213685,0.4200759521556084
-0.8063039834353075,-0.67909803282671
-0.9628560544097058,-1.4526424954608348
-0.23901895658683997,1.2368639915593733
-0.9011793952633397,-1.3315636288034731
-0.6707717101172844,0.08733780413178427
-0.9225111880932089,-1.3428971154248661
-0.5882205452003231,-0.6408288012131436
-0.5755363494846891,0.5036759798282595
-0.7388713390146245,-0.29345962707466355
-0.8383025945005147,-1.082596689780222
-0.5727211756898856,-0.5241971547043587
-0.5041315571292171,1.0158692833685277
-0.7138270169899091,-0.11536651519833935
-0.7765693626178568,-0.7412393969025974
-0.7048750265439702,-0.9827690865122567
-0.49132779755402434,1.0780988647330005
-0.6399521834281389,0.3581355684422906
-0.5980814451300889,0.18588144610012225
-0.5303958292123031,-0.20592733006903463
-0.5990158074266732,0.367108278386906
-0.6508536482721741,0.26771150955876516
-0.7143534697016702,-0.47331074710116766
-0.33207184649520005,0.812891073368587
-0.8726327185990737,-1.2486791234410937
-0.8079559795323603,-0.7170549567861048
-0.6202414428889391,-0.06195211495865871
-0.4922044661302704,-0.07110896456136179
-0.5513305453496999,0.7615543794385238
-0.6516294575347972,0.32344393524554355
-0.8149254440143351,-0.9678451890898698
-0.31167550226499435,0.9707862376696206
-0.713972638658468,-0.2710847193613272
-0.6953178415907376,0.013139274305503879
-0.8871907926569261,-1.2636132975298595
-0.4563942134947809,0.04471520321589778
-0.5600725254207957,0.6401828559628135
-0.671354105387049,0.20599818211550724
-0.7294394838706413,-0.5193943226769671
-0.30841539892269576,1.0314060848047968
-0.6335877896057471,0.25913847056086375
-0.7702235172467762,-0.4156058387450018
-0.857504032393801,-1.1500638919231183
-0.41254167873791203,0.24496960663071227
-0.7873043759238278,-0.7747141829331922
-0.6871270959857699,-0.15339176940994592
-0.850613783852572,-0.929357364168079
-0.791419176290076,-1.2390688947371065
-0.757747283845999,-0.6873042846697845
-0.7553363078521189,-0.33622187187516467
-0.6455828267227951,-0.12666219050426963
-0.40165359196153305,0.47421822832391497
-0.8126942877279031,-0.6783918122785184
-0.9628259959450414,-1.4622224413038722
-0.213848166221147,1.3276639122442082
-0.9060303173269454,-1.3131315960373304
-0.6786455035091895,0.10234545207248258
-0.9187465843780864,-1.3160093812871714
-0.5649790341010479,-0.5766868459325979
-0.5744772327790886,0.5991801069630116
-0.7487038664974166,-0.2615441815499735
-0.8402899845347283,-1.075453138484991
-0.5603172564519213,-0.46681767158799337
-0.5015429014773647,1.1668046261873097
-0.7250325545013265,-0.11020258380373316
-0.7843339482895022,-0.7876141685273146
-0.7013333003726285,-0.9725136763757221
-0.49266351339063774,1.2121238662820781
-0.6575686564883441,0.33020675091391966
-0.6057132550366624,0.1716896367439844
-0.5331969184179218,-0.0889233612308929
-0.60864039124939,0.43611040911649185
-0.6716585586498579,0.2743620560190309
-0.7145840005054117,-0.43575730477132885
-0.3466621308740113,0.9671840599761399
-0.8717647889875437,-1.1646108586731556
-0.8178271614729254,-0.7337104909079772
-0.6361727830349914,-0.08311315719783391
-0.49913722197704535,0.01182330511876567
-0.5514865512692271,0.8792300086719957
-0.6598261545520638,0.31530940615772945
-0.8216846361692256,-0.9626004385104441
-0.30356900300361567,1.06537660171471
-0.7087465584917881,-0.21741435924331198
-0.7123154371028795,-0.01129893073362509
-0.8937385109407272,-1.2173872645654482
-0.45104046340106624,0.09036688723750325
-0.5605736014334344,0.7686822726243532
-0.6830148796634844,0.18607148207663626
-0.7273773107602154,-0.4796997016988217
-0.30500954159133037,1.1514878011218177
-0.6285043501129799,0.36654942573083066
-0.7717938073439519,-0.45694004426433493
-0.865377720999293,-1.1718751785625685
-0.420371380773488,0.3544398769152713
-0.782049429726742,-0.6965077413495216
-0.6851045324607509,-0.05772728367001895
-0.8597785598290301,-0.9584905711488421
-0.7812616423282059,-1.1577018407379749
-0.7555107021583634,-0.6031030656022872
-0.7646986050225609,-0.3804094141463195
-0.6592442269910523,-0.13565485723150295
-0.40025849442760186,0.5512008896511014
-0.8085395596597555,-0.5877712061850042
-0.9637311981841212,-1.4235770886622754
-0.2159577790707891,1.5209678113095717
-0.8935870197477522,-1.2523920928980716
-0.6872644321929134,0.05885363517681774
-0.924727213108152,-1.3461568901455436
-0.5767767286786332,-0.5451213336782271
-0.5658151211055211,0.6942201885765698
-0.7477066163829773,-0.29538666028669275
-0.8386575067375115,-1.0112069575714773
-0.5685247344036208,-0.4175519429641821
-0.5035109850286704,1.2799812416842842
-0.7141635103083349,-0.012302943668735078
-0.7774134040695625,-0.775001608670164
-0.6909207337589249,-0.9064773769230545
-0.4826501804201195,1.3372577868795283
-0.6502721002594353,0.41074819583256844
-0.6016301160376679,0.2242338458506265
-0.5216199139307005,-0.10328477543191711
-0.5954198441957185,0.5425152873013812
-0.6737497460637057,0.28668773229213834
-0.7072229440528496,-0.41136130623046097
-0.3225203043482834,1.0131158470654156
-0.872663815253873,-1.1603802031787487
-0.8155368825270106,-0.7296039386152977
-0.6339775818611894,-0.0350547597218373
-0.4853873024708271,0.043304512349902125
-0.5460559284982449,0.8548776328691172
-0.6574426015355251,0.3498522639593404
-0.819402677844056,-0.9253992910335751
-0.28921930478031027,1.1173936789346441
-0.6993636003832949,-0.18512020780858218
-0.7034977932213581,-0.00716284384207222
-0.894688027947274,-1.2073033625199638
-0.4498292080399152,0.13086624915432393
-0.5552354172651682,0.7955407480060344
-0.670376879792547,0.26154191604756444
-0.7269866785493833,-0.5357869851852233
-0.2990421366360784,1.2229202345463064
-0.6205235494591407,0.34208449994354556
-0.7686139318401125,-0.4584120070186508
-0.86584069199781,-1.1533398103714498
-0.4099225589384704,0.34600438566594255
-0.7854177913271694,-0.7325234695592205
-0.6869113648338189,-0.1712166580172279
-0.8570620873067922,-0.9439992666861006
-0.7830524991680949,-1.2057528702270452
-0.7556385763563045,-0.6494181228947598
-0.7623862465731164,-0.3675271852607901
-0.653964067948286,-0.23138722173201376
-0.40344268820123597,0.49718116387625383
-0.8131085310291556,-0.7289606482063528
-0.9694192110925233,-1.4420709902493603
-0.22589718046753032,1.2972055823039754
-0.9006364313349269,-1.3239532703730132
-0.6837062199465561,0.005759576842702674
-0.9235288931741834,-1.3471249742953149
-0.584836610660787,-0.6429468938841669
-0.5704427508950359,0.5656738018093921
-0.7506472119928826,-0.35677349164099526
-0.848536988837348,-1.1069663185163028
-0.5666348108405787,-0.5423004242811544
-0.504141324637156,1.0639938745931359
-0.7190077534860733,-0.1669569738950219
-0.7841245406330837,-0.8036935111392629
-0.7018952102308053,-0.9805463110992583
-0.4925218622819571,1.147761942521557
-0.651773118980059,0.2571343828593315
-0.60460675682287,0.12834531822816386
-0.5379437570864827,-0.24560610719737758
-0.6078792368604816,0.3400762931469114
-0.6701707609726238,0.15345555228088226
-0.7153017793102536,-0.5418350090135533
-0.3406874281866281,0.7509006232612805
-0.8699248555810233,-1.2297810804986733
-0.8168313574566188,-0.782380542353267
-0.6355928329164995,-0.17681746655466196
-0.5014958287579003,-0.11131020186328233
-0.5479013150923868,0.6522196293573119
-0.6551999334935348,0.14392332106387284
-0.8191857285604858,-1.0218081020797685
-0.2983013877319148,0.8084969948429275
-0.7093240686557156,-0.38083768499901766
-0.7052428839047533,-0.1682207158607486
-0.8979295339804088,-1.2837778213477602
-0.4509281298234367,-0.10032181938615425
-0.5594042297464882,0.5508808864063892
-0.6754476930757755,0.07348449529304679
-0.7278618476940513,-0.6056577235236609
-0.2983257493825882,0.9092610341838481
-0.6239170477711302,0.1036471031077873
-0.7657749366562281,-0.5392926821922563
-0.8625229727836012,-1.17947214479945
-0.4180378684864944,0.12689575904362732
-0.786756097556261,-0.8329053295392101
-0.6751905471780753,-0.2890805575004246
-0.8567359743940249,-1.0380535439559053
-0.7817634502881529,-1.2806782973014326
-0.7544838901682737,-0.768309339104805
-0.7490992126183387,-0.4871284874194364
-0.6407089876283079,-0.32236103145016615
-0.3914768958913593,0.27667964942195206
-0.8106402985965298,-0.8170666861461722
-0.967858082912435,-1.498057556992678
-0.17317734702053644,0.989909045505895
-0.8971973061454008,-1.4145914381328992
-0.6745075848992395,-0.21131701242464523
-0.9232421466070233,-1.395872755692292
-0.5613103617898688,-0.7966088215601892
-0.5529265861845504,0.27961493684252275
-0.7383451982443349,-0.5495859781745327
-0.8411424072763424,-1.175092229681356
-0.5602108768384246,-0.6951755188681779
-0.48626173191145955,0.7850628050796533
-0.7082892641055183,-0.353149146156606
-0.7805937675798192,-0.9433074930799701
-0.6970083562995306,-1.113989535319577
-0.4582429407723041,0.8374977956896827
-0.6358945640725466,0.08579410488592965
-0.5853954749745185,-0.09900853237496876
-0.5178658144727499,-0.37772728994514554
-0.5858287547837104,0.16735985996799158
-0.6552419096450545,-0.02567486334170138
-0.7093495874591067,-0.6835019576016785
-0.31811429010269393,0.5705246045059096
-0.8667891214830968,-1.2982292977187717
-0.8150687020676497,-0.935134164118895
-0.6136438988370675,-0.3271541056357665
-0.47117987556695795,-0.28830774490778527
-0.5346689489307535,0.4711580486701897
-0.6474540139189185,-0.02500689346283619
-0.8173504287936086,-1.0922217193556347
-0.27281495435997316,0.6525347917474846
-0.6973109191591529,-0.5114084853592378
-0.6911273585980662,-0.26770526902372466
-0.8934791356205027,-1.332626266748905
-0.43754154541202983,-0.23917195948456377
-0.5459159206398289,0.35963037941360126
-0.6632939040360577,-0.12333311784500928
-0.7190751841834082,-0.6746660820546682
-0.2656910876007037,0.7603832689052761
-0.6176958812529586,0.00049835601565279
-0.7653676290646182,-0.6059282511535031
-0.8635735318616162,-1.2522907274973747
-0.40621149905806975,0.10895711072723496
-0.7832928425619513,-0.9076989754807208
-0.6825383979855993,-0.3122436003628016
-0.8538651869271594,-1.0264238864676856
-0.783550934461882,-1.2395442238765315
-0.755904627069123,-0.7171209908103415
-0.75964162196853,-0.4838898641027353
-0.6436781536137857,-0.2099585191402364
-0.3956735724655189,0.378470885423368
-0.8073320762799394,-0.7199669439491146
-0.9632943644723564,-1.4592351623620994
-0.1985117638137463,1.2620657455645203
-0.8966448358626137,-1.3762883026650692
-0.6787404869707678,-0.04686975802765303
-0.9223821464045864,-1.3910506353374503
-0.5885060961337073,-0.6637820202233531
-0.566115391797967,0.4564107900113808
-0.7466326588388801,-0.40935104277033535
-0.8431487089546532,-1.1195004613181248
-0.5584090203948583,-0.5445354669329022
-0.48508776167590234,0.9800389587836869
-0.71134032677452,-0.21881823797306132
-0.7769721657795853,-0.8650790573647698
-0.699271798435131,-1.0389373502407413
-0.4776804607751095,1.120837529976302
-0.6504181736346772,0.25022293278958835
-0.6000619519382556,0.04937146106043844
-0.5323365187897713,-0.26656248163458085
-0.5912069837925501,0.27425625321836405
-0.6691971079355734,0.11817219086599462
-0.7142088520975118,-0.5415627339366009
-0.3308880394371597,0.7742481195295876
-0.8695354313650997,-1.2488025254136383
-0.819683080578453,-0.815872686487177
-0.6322799436237075,-0.24527487272249227
-0.48376025230516323,-0.1664834257021533
-0.5375073068413148,0.5769511643924232
-0.6492684630442812,0.11147603931110284
-0.8202581312412642,-1.0723065920664319
-0.29170554059814136,0.6637989927566301
-0.7010350715718752,-0.45652163299301096
-0.6930370932342584,-0.2432776266221287
-0.8970599588594859,-1.348143893914489
-0.4402390537251625,-0.16469071911441585
-0.5388809644774591,0.37509765451441573
-0.6619252119669823,-0.05966328652348718
-0.7253230866459142,-0.7509417103442477
-0.2554256749526606,0.7009605626795545
-0.6104681959239934,-0.06642634801095598
-0.7569749218600108,-0.6702290517220222
-0.8617089518149004,-1.2428583729958478
-0.382490551312222,-0.031200402138293393
-0.778203225938862,-0.9605966749522508
-0.6698688894297306,-0.46266087598883016
-0.8480778537327224,-1.132568333318413
-0.7759104170524064,-1.3218701763444083
-0.7413415915197569,-0.8725634775076061
-0.7498164224746152,-0.6353761032750126
-0.635191174112698,-0.44781925282207075
-0.3641736626956698,0.1357065342723675
-0.8017057251704374,-0.8612039535304681
-0.966420361520034,-1.534154861213673
-0.1534086868775542,0.9069063036118707
-0.8999238288820843,-1.4825806654792255
-0.6493893079882729,-0.31882501568297683
-0.9355864842318622,-1.4695098336778813
-0.5576683609279083,-0.8862367156356947
-0.5356398536283667,0.2297888284160668
-0.7346727029461926,-0.6104719500692326
-0.8302891966010622,-1.2414642321545493
-0.5352678439115528,-0.774201258132188
-0.4560574562454862,0.6311430656967338
-0.6960660646788648,-0.4429866159671092
-0.7664190318340318,-0.9708575918397282
-0.6898070795567137,-1.1420900853336744
-0.43730809141030713,0.7545260612984124
-0.6289444247592738,0.022570567122601193
-0.5814326435194398,-0.12687294028603802
-0.49750005075667725,-0.4305474589901368
-0.5704160678727924,0.07369359907016698
-0.6417701158514089,-0.09234677186109275
-0.7050719110760889,-0.715261705570098
-0.292092010096762,0.5002906955411988
-0.8682888554442598,-1.3282314912112656
-0.8118667805181758,-0.9696116733135456
-0.6120357044687662,-0.42074487653290865
-0.4624012186712194,-0.3268474811940069
-0.5120858274391252,0.30712374582794194
-0.6423603757308125,-0.09999206907551605
-0.8215582099140237,-1.1796681823811581
-0.2425289757116581,0.5240475105760294
-0.6938590142173079,-0.5887272304347593
-0.6919278998381713,-0.38852565130024097
-0.8920238205280665,-1.382234869778144
-0.43227025899250077,-0.2600685178475805
-0.5237101144108651,0.28176975777086416
-0.6643039810562056,-0.24462322884425297
-0.7335086427254716,-0.8252798707739379
-0.23865981439038908,0.5755136285566973
-0.5924062790839766,-0.1758848673221458
-0.7614232849585052,-0.7052952060498623
-0.8598678468777757,-1.251125895526865
-0.3848335892211068,0.083431352014877
-0.7829623398392602,-0.9239529793664374
-0.6634409101075437,-0.3110426811949489
-0.8555483222448623,-1.0912264770270141
-0.7777799305801568,-1.3002505684019792
-0.7489112172836996,-0.7947036254287605
-0.7531850155667921,-0.5632165587496893
-0.6436173830314237,-0.4009348904500191
-0.3765210098043591,0.21631753466327902
-0.8124430256182191,-0.8501098331041421
-0.963402283459176,-1.5120888014430294
-0.18493521977295835,1.0296142731589681
-0.8994273587006336,-1.403310128926277
-0.6820096851787468,-0.20776101809165282
-0.9212670675867776,-1.3956710714758536
-0.5680783115640112,-0.6998330186322002
-0.5535628074415077,0.42434775622020965
-0.7449222060849052,-0.43946138058638023
-0.8410562045833356,-1.1001223132847624
-0.5517825251191573,-0.5374516419947275
-0.4831656016699303,1.045985595457334
-0.7192543677806496,-0.20500504207982478
-0.7781581361728542,-0.8180782619940457
-0.6961029404913743,-0.9686614556016344
-0.46922103568582263,1.2271095399105285
-0.6494186020706362,0.29782628467831634
-0.6122190528173886,0.14977759740557228
-0.5174895431317312,-0.1549634527706643
-0.5883898329975457,0.4693307591490193
-0.6733724455458046,0.24573892685290283
-0.7186237526565747,-0.4973765187058981
-0.3199593637182494,0.9710814790863049
-0.8613321780463682,-1.1739294830975364
-0.817529925125716,-0.75063820664578
-0.6311375752662723,-0.058836806064646974
-0.4762551246692157,-0.01893370910685427
-0.536589119414384,0.9201264984984048
-0.6601299066673145,0.3325334017442649
-0.823496148144239,-0.9585814603879332
-0.28545457657643225,1.0985362362366735
-0.6956157364488926,-0.18120485313774426
-0.7062327712412458,-0.00014637325257427225
-0.8944127441761299,-1.2314856810844397
-0.4347014146653517,0.20269708459298968
-0.5466725020144486,0.76656730434061
-0.6698728950419751,0.22573892320534233
-0.7347376317008067,-0.5482696608815643
-0.27585385810498453,1.2331084286791474
-0.6203536256560319,0.3615933044755774
-0.7773140989305196,-0.4110555178855515
-0.8575470034500252,-1.163953825122376
-0.3913333797828247,0.40502854631275914
-0.783625134880972,-0.7158303739851954
-0.6805795231078318,-0.07288401020228025
-0.8544184841220647,-0.9442390350211181
-0.7819522525909522,-1.1390335619670655
-0.7472931382736969,-0.5535536816351405
-0.7581559794923174,-0.28329347358804957
-0.6503457229659722,-0.09838265053698375
-0.39302056660606544,0.6628109637001183
-0.810433602775039,-0.6201150681291516
-0.9612530012932917,-1.4114554402561008
-0.198560758499978,1.542007711810259
-0.8941020217944582,-1.2637240226659496
-0.6791892883842309,0.09933304733772319
-0.9170784163931784,-1.1168949959123398
-0.5725928465583733,-0.5625646778510033
-0.5547377505063069,0.6640953135276786
-0.7501137632334312,-0.3068018410618303
-0.8405435260263117,-1.0440193434150924
-0.5515218305313833,-0.39448535392507306
-0.4820391283189181,1.3083499507645282
-0.7256804264878902,-0.08633525047786522
-0.7794212148793107,-0.7970117614247751
-0.6974186255513604,-0.9467073135990474
-0.46984164341442586,1.298434025909054
-0.648422983224321,0.3853167104095629
-0.5989888509768855,0.1681096715742494
-0.513180301941603,-0.11588204031779098
-0.5939175031663161,0.5096963314285421
-0.6662165861487784,0.2896778975760425
-0.714906002949255,-0.4601032344900078
-0.3216652694910826,0.9399268690314184
-0.8651100466260322,-1.1906827967614932
-0.814153124203406,-0.7288096979330702
-0.6249461867756829,-0.005514407151906098
-0.4767851068607442,0.0012938165473840857
-0.5327303667957923,0.8647780128712592
-0.6530711375146336,0.3727073976574948
-0.8193813210281095,-0.9503859819849321
-0.2911295294752691,1.154479202955464
-0.6975117043344699,-0.17815030619164746
-0.7026153620367416,0.07245431495444321
-0.8926449625848951,-1.204949541198817
-0.4277070841556855,0.18418921624183932
-0.5466939745936499,0.8665104385940858
-0.6755733306180569,0.2899438697337852
-0.7322655397285855,-0.5134258719286873
-0.28204396717285996,1.3079149368182572
-0.6217581074968561,0.3903351048299471
-0.7735465035929104,-0.40433724113506153
-0.8663624950048836,-1.0940802603371986
-0.40137600734425005,0.3892353645285866
-0.7835876240061814,-0.7035057836595237
-0.6777968402080861,-0.03575135215966446
-0.8589214825537541,-0.9214446953539377
-0.7771736198791711,-1.13149317615656
-0.75103207242665,-0.563069864609975
-0.7617574100358828,-0.39703417736055524
-0.6564069779530919,-0.14463233249330443
-0.38811328607775814,0.6352807323243379
-0.8090866595921461,-0.6363458420161907
-0.9629680748775222,-1.4105543422502977
-0.21050389046511558,1.5069562729332784
-0.8965035748136759,-1.2810937130079858
-0.6837289918488795,0.09972226849723809
-0.9235467583638824,-1.307304234244512
-0.5680583953944519,-0.5545774149902418
-0.5633258092248185,0.6927222648119535
-0.7509188091291281,-0.33604332900960276
-0.8453227235538721,-1.0323688638319326
-0.5611273726452272,-0.43825709904187343
-0.4965599056295113,1.2880958382110945
-0.7235081636221781,-0.08211761392099887
-0.7833363232962792,-0.7629388207067915
-0.6962389140804592,-0.9562374317754798
-0.4803728718797622,1.3471759209610514
-0.6558677497640418,0.416570995441402
-0.6082089919996853,0.24029752124818787
-0.5366806037796165,-0.10053256494371227
-0.5910298453019659,0.5271918302781231
-0.6694857339776333,0.27033880722975806
-0.7145515182833864,-0.42050223851499663
-0.3245740336296573,1.0015841178420717
-0.8640436228710324,-1.153595750070842
-0.8174183503291944,-0.7342004286361394
-0.626016614254327,-0.00011763346307092082
-0.4852199996959567,-0.003612851666753014
-0.5440548490921787,0.8450153311928073
-0.6590066094720542,0.3813143229161921
-0.8294559386386157,-0.9564205343647647
-0.2853764698876919,1.2071806824965574
-0.7013406791389312,-0.19381753883137398
-0.7001693166927462,0.06947455510488332
-0.8950153069309588,-1.2172858781668494
-0.42658281853678304,0.1914118603042388
-0.5488468313864474,0.8430769701491492
-0.6699396675654874,0.2353541996753689
-0.7316019157063989,-0.4780651457500299
-0.2895312064861359,1.3262392511058565
-0.6185031250850735,0.3804947404358064
-0.7632444675331014,-0.34812795379169603
-0.8615651422598558,-1.1030797200712177
-0.39417678113136023,0.4396010125283916
-0.7830896139221064,-0.7167578750582964
-0.6727422168805044,-0.03638321281553242
-0.8555346650873554,-0.9066404957079386
-0.780449104118097,-1.1385481131405821
-0.7456707973560447,-0.525127316952616
-0.750914577963819,-0.31887340083470883
-0.6463897524863625,-0.05850552552302446
-0.37431899123897316,0.6634163765917769
-0.6313738817571738,-0.15560104877987804
-0.9882950421165378,-1.6471980535786206
-0.3081713900413151,0.3069127284755628
-0.9196697432591141,-1.43785913488842
-0.9417641828930394,-1.5161630842632874
-0.8563610522975448,-1.4127531187821927
-0.6032079916180653,-0.8464858712785159
-0.6213248774712983,-0.12716445471099158
-0.7196781184738792,-0.6089791393408757
-0.8038516427471077,-1.3563163315453934
-0.5980224161328472,-0.8051832493625009
-0.5642759419686355,0.14938256330101946
-0.6899455119564162,-0.43064074834202515
-0.7478156392873558,-1.173800170148269
-0.5450467565977996,0.19722238843041545
-0.6522142321556563,-0.16179812496300952
-0.5889378713358994,-0.5861949803730813
-0.6514601545607386,-0.3459340484234722
-0.7669713518583946,-0.7958435494554967
-0.6184157599730365,-0.7525310150820939
-0.42236219260866614,0.04220687159120046
-0.8895996099333439,-1.3464619660953236
-0.869510497601824,-1.2715445997304546
-0.6463355435916244,-0.8724011806435252
-0.527637300207464,-0.48202867072748057
-0.6182760813864597,-0.11663245378820591
-0.7708883208446281,-0.8332906987211592
-0.7194205414646604,-1.0895278681838017
-0.40166322184184594,-0.011268373057882308
-0.7589207424301319,-0.8853535223666436
-0.6656776005122815,-0.38406632370068283
-0.5589573055066309,-0.4854281209730563
-0.6418568653303207,-0.28633077810404134
-0.6679714854820922,-0.3734896134499839
-0.6616126203260649,-0.9003499085336757
-0.6976549913201797,-0.5887641166123676
-0.8238067721404658,-1.099748358823012
-0.9486625029462262,-1.6393028071955231
-0.4764263481455584,-0.40886746440499766
-0.8241372994005587,-1.1682743348624103
-0.7379431470674576,-0.8603799902770191
-0.8675627131929758,-1.3004378277701145
-0.7929679058175102,-1.0911859136379092
-0.6477903708036986,-0.44875849993321965
-0.5979638034696481,-0.06649218720726993
-0.9819969123934282,-1.680593344938757
-0.3482187642003576,0.12472391927884935
-0.9317378602015591,-1.4516452127182693
-0.9288798525499035,-1.5001868187698617
-0.8417089267641416,-1.4648966302242243
-0.6424290260226369,-0.3450835596293847
-0.6902416633477626,-0.5366145890916318
-0.792830711337013,-1.2748277630072145
-0.5901372551700137,-0.10635760064054833
-0.6651844544431916,-0.4367686735018065
-0.7459237403408898,-1.1904062882874298
-0.5738369108111221,-0.0686564282665903
-0.6151359671852151,-0.12918212851074942
-0.5716587843007375,-0.5821705907635273
-0.6700633041930889,-0.4256404541153377
-0.7519305764485171,-0.8037043168874973
-0.6070511713788823,-0.7558506320792551
-0.8985297887816592,-1.3789117478976014
-0.8606823800158196,-1.305611760813316
-0.6385599020720768,-0.8805162198575722
-0.6172420572167084,-0.2021499346410024
-0.7666687705322384,-0.8599809149973368
-0.713498277503193,-1.1244822032947177
-0.40201787054933846,-0.067107475360976
-0.7565627235693286,-0.9042175438742832
-0.6577696555032849,-0.41154823773838317
-0.5576160380732639,-0.5417690763157601
-0.6228037758220221,-0.23241138273246426
-0.6671034427155548,-0.44275361922868517
-0.6612125226309806,-0.9287506379604278
-0.38728023395272115,0.03725205611351251
-0.6883846257081236,-0.532763036501225
-0.8242989667481826,-1.1263364454538238
-0.9479172859715186,-1.6535555727595643
-0.46272270149781797,-0.39617900479735624
-0.8152880394613998,-1.1583628986959953
-0.7209529614364231,-0.762508735979438
-0.8625929698796156,-1.2868805722803034
-0.7883170140469666,-1.0411759746192575
-0.6434126121155637,-0.40180112177436317
-0.6090679352921999,-0.16415753982882206
-0.9824651115506451,-1.6776053428331266
-0.31784592260558214,0.2124286306869882
-0.9241401502235284,-1.4293496518443558
-0.9366350041676414,-1.5007176384105998
-0.8447105929167205,-1.4560492011577668
-0.6189370640222112,-0.9393613063038777
-0.6306885128426379,-0.30996417154636685
-0.6926537879146415,-0.5705132790206953
-0.7928876982837304,-1.348450700418386
-0.5809321651135629,-0.02277649626166195
-0.6749481696238064,-0.4636514004860209
-0.7470162527594215,-1.2244427449177975
-0.5529664370364487,0.08930493690682245
-0.6226473697660442,-0.20500466613728144
-0.5785975833780661,-0.6146443996800652
-0.6567478403497502,-0.4665743856309007
-0.7548659700129124,-0.7917908753625709
-0.6139579411687406,-0.7554345376929317
-0.8988880943284321,-1.358582772602729
-0.865247504625564,-1.3091090481703338
-0.647190584154352,-0.9122800075011159
-0.6138250247273283,-0.17837384046043325
-0.7713203572403589,-0.852511945965089
-0.7081759987760118,-1.0786098611293942
-0.39208231354820416,0.005169482378214185
-0.7556205371660542,-0.858302068377037
-0.6604290833042727,-0.4027504175538601
-0.5592059425973268,-0.5064263487924869
-0.634903863766063,-0.2725283244470659
-0.6610309779543312,-0.3798012014570008
-0.6604524906661683,-0.899739829502971
-0.3975881256332036,0.10263756581236122
-0.6893868470527109,-0.6095009283820352
-0.8272216053343688,-1.119947404189152
-0.9456625228226809,-1.6278311572223259
-0.4672638218578106,-0.4054157693050045
-0.8215704180690052,-1.1058606713048023
-0.731929668601397,-0.831654733814676
-0.8656392327434248,-1.2356552305886856
-0.7885258650764875,-1.0865654243044158
-0.637735065479481,-0.361791220974715
-0.6024467904051883,-0.02190354604816286
-0.9871316127160304,-1.6786708945017108
-0.32478488015269186,0.17731015345157536
-0.9314004952878856,-1.4437968060752187
-0.9389217089302923,-1.5306031525269315
-0.8436333672912264,-1.4555409697926096
-0.6349400807453429,-0.3059463971545359
-0.7035965483469967,-0.5394668925454009
-0.7999121141916937,-1.3132764193404707
-0.5833875817981955,-0.02084360811876873
-0.6786101975051513,-0.3947303057707915
-0.7503521664342174,-1.1967356859424396
-0.5666301239118222,-0.02431339832046958
-0.6287444343682508,-0.11429553690515251
-0.575414354301326,-0.6052428126344547
-0.6655868729835644,-0.40824946196470935
-0.7540530612925145,-0.8058263913838308
-0.6092567237585038,-0.7717828267706337
-0.8971292526936636,-1.350734531754524
-0.8634806208433288,-1.3083717539310922
-0.6364548415357167,-0.945433921705787
-0.6180754302753919,-0.2096046175031484
-0.7642475180171819,-0.8345079109450653
-0.7123380372518117,-1.0904801499567678
-0.40231755181157286,-0.0010864872402117087
-0.7605240775720112,-0.8899036733900401
-0.6637646873988924,-0.4423925362462605
-0.5456844541102064,-0.49226968392841186
-0.6351793830631793,-0.3068306205845774
-0.6543046986499096,-0.37999175417797026
-0.6495051863215598,-0.8989124638271815
-0.6962577542931232,-0.5971998046249596
-0.8225560401245998,-1.11557785540446
-0.9437082656451943,-1.598600532931151
-0.47914677992461363,-0.4507655200853369
-0.8209987024596586,-1.123064905205253
-0.730021476855432,-0.825744843472501
-0.8650724003588213,-1.2419606642612835
-0.790479539821257,-1.0433682889580203
-0.6369883961592799,-0.3988885200618182
-0.5965650021196588,-0.06490990952268064
-0.9816312437487277,-1.6657822781297258
-0.3318633758653325,0.18770693985579529
-0.9230576361960867,-1.414101889443719
-0.9286904382906535,-1.4789813620804249
-0.8437148549855583,-1.4249289145113375
-0.6377058042286592,-0.43413025433763525
-0.6921719284400464,-0.5272022162077858
-0.7920709022195158,-1.2633074759120761
-0.5877974285867171,-0.07304257292766914
-0.6793938449329192,-0.5041279531315173
-0.7341206094723509,-1.1734157778937397
-0.5818272038145609,-0.04452339822721141
-0.6188100618794456,-0.1105914778184908
-0.570305601699824,-0.5606950015234632
-0.6759824494999727,-0.47333343182576154
-0.7441688261058097,-0.8063506467889274
-0.6007770708281662,-0.7070102719420039
-0.8615659913517522,-1.2323622884068948
-0.6285708497015134,-0.8522785950949632
-0.6276788811707639,-0.27235670599994355
-0.7573624432058813,-0.8083711943265364
-0.7019992371325975,-1.0711085578030133
-0.7653114394467612,-0.8672175098984716
-0.654601692289852,-0.37502720172458404
-0.5403604192838565,-0.45313579576319785
-0.6519683589744972,-0.3380072040124694
-0.6499017683234405,-0.2468037904074554
-0.6419750999258105,-0.8399712512334079
-0.7028194081782514,-0.5808595676987216
-0.8167304035073826,-1.0592668143864288
-0.9447365681215996,-1.603155086347106
-0.4917719431363624,-0.4579826401520467
-0.8278877438134451,-1.1604234256890071
-0.7386277012124036,-0.8441354083040307
-0.8680188701176512,-1.3207782683322828
-0.7944512676632522,-1.0701229488945163
-0.6473764515172289,-0.4242904461115099
-0.5889454459618432,-0.015766274465094543
-0.9822032783134222,-1.659966311773372
-0.3630352901663493,0.05454741652830092
-0.9284937984721822,-1.4746963911915698
-0.8386319210635109,-1.4036154044884177
-0.6526886284108145,-0.45044436767214613
-0.685360650676699,-0.5038986793267903
-0.7860499797138853,-1.2919141475739904
-0.6016375876121669,-0.04920245764417924
-0.6632492400226547,-0.41764960393365624
-0.737509909778319,-1.152992010184855
-0.5846741739095047,-0.12206685633654146
-0.6123982540270065,-0.10807556240649721
-0.5671315811546079,-0.5777949088260088
-0.6890947765648885,-0.5509255818508905
-0.7351084654499863,-0.7484442472532897
-0.5949629710398991,-0.6863154537229044
-0.8523427217789069,-1.2625931284680203
-0.6195909212147795,-0.8362911366138306
-0.6433849751794147,-0.39384260436424723
-0.7561129712812469,-0.7893316572173272
-0.699670681277785,-1.060991138953045
-0.7707048957902396,-0.939077771331591
-0.6559982568384044,-0.3494910702074068
-0.5323552328378657,-0.4926898986933335
-0.651068209998083,-0.4026248551312172
-0.6409699925125505,-0.34494932811907053
-0.6430174249999603,-0.8684081532582988
-0.713175277767971,-0.6706877099348278
-0.812274854599117,-1.0628506683282724
-0.9447866392707573,-1.6194846458666479
-0.4985573648753395,-0.48621094297495127
-0.8330011162498082,-1.1662208561227625
-0.7404473027676031,-0.8555346931229879
-0.8725660510885325,-1.3028816579242202
-0.7953452594680707,-1.1127988728867682
-0.6588853396440789,-0.5321003164350557
-0.6069539443450498,-0.06412055232616179
-0.9845755305623172,-1.7011919947146814
-0.37794502952247333,0.021700355209900046
-0.9343619342474517,-1.4994971428276813
-0.8449006298167279,-1.4462728346609024
-0.6500558592884413,-0.4682813115191929
-0.680006697824183,-0.5058164326410217
-0.7824995449697467,-1.2946972638371166
-0.6032445656602485,-0.19784505850454104
-0.6619854475998419,-0.419339572166018
-0.7268367916444824,-1.1067572547231301
-0.5804014987914541,-0.12199568655852971
-0.6104590585315913,-0.1366832710660937
-0.5633914794005466,-0.5624909986158688
-0.6672697525025562,-0.5089839030027712
-0.7461146045307299,-0.7837012211029961
-0.5914586244201345,-0.7063277134116814
-0.8622262876883704,-1.292173040463298
-0.625286294371386,-0.8643775321951137
-0.6242412065061209,-0.2591680266023783
-0.75820820540346,-0.8442757347467476
-0.702231424006472,-1.0968760533930715
-0.7665501677816771,-0.8999692484864408
-0.6564286104827493,-0.41563038593669416
-0.53426289434864,-0.46560564165140256
-0.639990954980265,-0.33061116628023607
-0.6517152094850678,-0.34949729093572757
-0.646070733235005,-0.8652547541628997
-0.7144201626697759,-0.6890984307952674
-0.8096384288709444,-1.0703072015723665
-0.9476140327842013,-1.624765226243803
-0.8318516282014088,-1.1962461070342552
-0.7448902760408546,-0.8854113385714597
-0.8754273304288964,-1.3585149052169632
-0.7989331917358999,-1.1188797136034836
-0.661177072392642,-0.581781924377174
-0.579625203851746,-0.1216661935188468
-0.9815333013771996,-1.6545981333720043
-0.38952533675828943,0.0005980276879781754
-0.9307082109312862,-1.5073105535296185
-0.8410639440803944,-1.4221274347272423
-0.65945019693269,-0.5516624166014895
-0.6750098375103946,-0.5028692848753891
-0.7822602796486879,-1.2941409443201808
-0.6139985971114372,-0.21635715952890866
-0.6521347352613566,-0.3878813334113398
-0.7365718021136789,-1.1676379445701828
-0.5932586639264583,-0.19611419365526467
-0.6009808914163884,-0.1260425531381412
-0.5460438915967749,-0.5728586344017786
-0.6932334050169123,-0.6649013095607882
-0.7343930260804756,-0.7859233042491536
-0.591692001180327,-0.7301430192371143
-0.8591246906750218,-1.2976551288210463
-0.618199018535618,-0.8666458435591036
-0.6384020350458485,-0.39551548849075735
-0.7520115170367533,-0.8656559214498241
-0.7060695956929629,-1.0755975808595732
-0.7698279786914255,-0.9296713044013154
-0.6483011755954711,-0.3846086571008054
-0.5383013003736273,-0.5026876537216938
-0.6482516851741011,-0.40885503174445426
-0.644633029390221,-0.31363108309787024
-0.644051331894411,-0.9087635636484706
-0.7079374097895392,-0.6392054053199057
-0.8131465078355882,-1.1055939249408142
-0.944733433518965,-1.645949935342483
-0.502639050107113,-0.5069427243696704
-0.8311462784332231,-1.2086287975175647
-0.7465086174345621,-0.8445524349208211
-0.8762878152248661,-1.3318944036662865
-0.7948399392855738,-1.1480731483899493
-0.6495464347007897,-0.5216016251157393
-0.5804044644900168,-0.07018043283406253
-0.9812868037560609,-1.6778511491321957
-0.3608376073417928,0.043773584878984806
-0.9263500381508605,-1.4815307139210505
-0.8392856399340012,-1.450532556363752
-0.6410142811829432,-0.47286362264640225
-0.6818447325792063,-0.5223730823182856
-0.787125802926969,-1.3155573307106254
-0.6013498268276021,-0.23186299753657458
-0.6569690978517222,-0.4203353958279151
-0.7298563322727945,-1.1575559789497383
-0.5866754341502406,-0.17220486480543057
-0.6067394967009474,-0.17903440519121613
-0.5564959180493713,-0.5770446650064984
-0.6760653426012714,-0.5747889153518558
-0.7344577231952911,-0.7874166684478656
-0.5991692455514372,-0.7193215272973523
-0.8597737872557211,-1.3310428125565448
-0.6322299400323035,-0.8787534956030996
-0.6412825628243484,-0.3846999343976723
-0.7527896221852928,-0.8680753077612278
-0.6987682375356875,-1.0517333139787908
-0.7668906720338436,-0.9618539250271103
-0.6503555298088433,-0.3767938510327731
-0.5358448530906091,-0.4635414027374082
-0.6556546380050978,-0.4092663292659594
-0.6442085021008597,-0.35608210353469516
-0.6370043885084617,-0.896752111442678
-0.7047112229195597,-0.6627365499858864
-0.809616988542468,-1.075575094935399
-0.9429335313807923,-1.6032130829730393
-0.50302664058071,-0.514627263604863
-0.826049041308996,-1.1776487003128222
-0.7448828920769317,-0.8418932628961104
-0.8754153289115272,-1.3262900134484499
-0.7955984041213998,-1.143850954594271
-0.6532340597980092,-0.5627017271930886
-0.5866366433412227,-0.06918226272443098
-0.9826701715785282,-1.6547166706371998
-0.3715679109023417,0.011553608246812896
-0.926123094178423,-1.4532312353313572
-0.8374262130687649,-1.4499211620290124
-0.659491490720716,-0.4613715409359291
-0.6815197026629498,-0.5493862987888304
-0.7834369951222898,-1.2937263885193508
-0.6111430219517174,-0.19283034544808586
-0.6599623224948663,-0.39266523958506816
-0.7336692927812819,-1.1552545576343825
-0.5911091655224366,-0.16535997924037477
-0.6032883600194723,-0.17203313553293306
-0.5530702297982971,-0.5807360140358508
-0.6817580802285056,-0.6007674038365354
-0.7402112420399783,-0.7684992758762166
-0.5825067482149566,-0.7237330693912807
-0.8543805575932818,-1.2838531189922995
-0.6238762789335321,-0.8897807389737835
-0.6369381054625098,-0.4304523490715304
-0.752235615915956,-0.7907489544022093
-0.7059992322380155,-1.0927796710248647
-0.7716964573332357,-0.9393124152904158
-0.6458273252010827,-0.4100996730861428
-0.5310042466910643,-0.4932789938941283
-0.6530541904201249,-0.43505742335290065
-0.6387785701677597,-0.3639357209571594
-0.6235708040758037,-0.8516817130730059
-0.7118587810717589,-0.7336679516515765
-0.8157998865176641,-1.0538500994730458
-0.9420248370238412,-1.6345871737545068
-0.8327059157035381,-1.1723729384180055
-0.742084127929306,-0.8821781895311864
-0.8635691151959296,-1.3356356826011866
-0.8019516005286096,-1.1304484114128395
-0.6620708099744101,-0.5714474045671503
-0.5787373385558898,-0.07288209644523239
-0.9836165338071875,-1.681376536784538
-0.3666735322168705,0.01978080831895268
-0.9284073094090416,-1.4721004996006914
-0.8368326887235176,-1.4353932512665253
-0.6525439987645143,-0.5195143082035394
-0.6767996696828215,-0.5077885553670025
-0.7821156654366408,-1.2681983636772203
-0.599969676635846,-0.21812687687548654
-0.6568400334669188,-0.37203658053427824
-0.7372096326627909,-1.214418020623331
-0.5904558528954584,-0.20735600513475538
-0.6007282194856961,-0.1351960827252641
-0.5455912198751871,-0.5652837052487236
-0.6868148329632847,-0.6032847277345168
-0.7291161869041671,-0.7710522667817128
-0.5824761224122934,-0.6960450556089111
-0.8507096729256729,-1.2637930948454423
-0.6120279718128155,-0.8687376497579977
-0.6488135243752415,-0.44003104776039925
-0.7448284223572122,-0.8621254980759683
-0.6947341572705095,-1.0984110036396935
-0.7767603425547063,-0.9736398002590463
-0.6443668899794187,-0.3906952516305334
-0.5117667292720092,-0.48918861152015913
-0.6537531628286312,-0.4553028149163547
-0.647585015946033,-0.37976481765885706
-0.6317324437779581,-0.8825435198271598
-0.7111496606792972,-0.7121201783752112
-0.8098029301676797,-1.0950859919022373
-0.9384195137751479,-1.6270198262068654
-0.8340257886923257,-1.2342790341936456
-0.7428910409077278,-0.9059423605567556
-0.8739983800979181,-1.320418076417532
-0.7954007939211348,-1.1416090265355032
-0.657897885058884,-0.5356804159074255
-0.5775136923062585,-0.09972211942941836
-0.9806083951945223,-1.6387026007918444
-0.36750978578689086,-0.057693202725298764
-0.9301206272735033,-1.5150502678172002
-0.8320503377602051,-1.4568352455242253
-0.6539275906432443,-0.5454490483095109
-0.6768668396753342,-0.5938094619342356
-0.7819691540894524,-1.3310816020013816
-0.6007812506531754,-0.20578945216889627
-0.6562661366781535,-0.46829697414187516
-0.7273962006167396,-1.160215588801996
-0.5811795884491319,-0.22292795921726255
-0.6095043285869804,-0.20992211681182107
-0.5513713028656025,-0.5751027808151201
-0.685350112216184,-0.6000878238749778
-0.7388540767581377,-0.7622741307600485
-0.584881732317691,-0.7668359082418119
-0.8530989837385388,-1.2713514008015045
-0.6151910229598625,-0.8842061785824233
-0.6428451735365079,-0.4131557506417493
-0.745945535162984,-0.8667603565511501
-0.6984323552705534,-1.0908502537491007
-0.7729706417809733,-1.0135302180299244
-0.6461484824367669,-0.3755811616435021
-0.5266205512085942,-0.5346279572628141
-0.6554078754435035,-0.4777683409785993
-0.6357101031936576,-0.36111401803149823
-0.6383738330053992,-0.8913335062346559
-0.708732773720356,-0.7138434892725505
-0.8070319357778464,-1.098867224712776
-0.9405531161167489,-1.621312439809338
-0.8361492478902802,-1.1927605798232461
-0.7437081621681914,-0.9149730490290124
-0.8713979361129913,-1.3438086613742173
-0.7999605074295717,-1.1538371081746417
-0.6553520674354245,-0.5565271146151696
-0.7183107435482549,-1.4402046692471862
-0.7606235138548618,-1.3928515571209423
-0.7775065650065549,-1.4823296426241714
-0.7843221417110378,-1.4592014790882502
-0.7923762364572539,-1.4705169550796022
-0.7904686366300999,-1.4469298052120405
-0.7997346278739644,-1.4885751552411925
-0.7907830581450056,-1.477472980112381
-0.7957266063660836,-1.4838793082135888
-0.7934952415805315,-1.4906534942405067
-0.7935734881765698,-1.4710348911387812
-0.7978699197324263,-1.4642932365414891
-0.7976124308109365,-1.480320204204695
-0.7999608273711948,-1.477381727200399
-0.7898789955970196,-1.4943909077674602
-0.794400842393815,-1.5141303101782422
-0.8007617373424359,-1.5047432467467423
-0.7983564144999612,-1.500741873644395
-0.8008445368055443,-1.491487094421663
-0.7934114015886362,-1.4855320226637014
-0.7965947923447215,-1.481858115164193
-0.7961790552497966,-1.4817048042872674
-0.7861641608698434,-1.489212526488986
-0.805147557687187,-1.498586007239691
-0.7955814296987335,-1.5162285514326275
-0.7994667923465433,-1.501486687689723
-0.8023892410988239,-1.4963349616121497
-0.800172056374327,-1.505068980292803
-0.8051265863055439,-1.5298881026628004
-0.7934755053141203,-1.5118775106874196
-0.7992768598564842,-1.5395361999128299
-0.8019143106593204,-1.5206481676915946
-0.79761569904019,-1.5260545935485077
-0.798885729324275,-1.5214649121296429
-0.8000533317165544,-1.478759876202279
-0.8028478458011352,-1.524614887958881
-0.7904619517107033,-1.515144864950024
-0.800347512117331,-1.5271492241287459
-0.8025350403692862,-1.5129857536576194
-0.7984706884718592,-1.5060181646458732
-0.8023403712462552,-1.5014858169698033
-0.7990742723584475,-1.4908489521484478
-0.7953287348065494,-1.4985457895487098
-0.8019347728082448,-1.518223096135171
-0.7971478347586103,-1.5275745228884496
-0.8043323723387142,-1.5207034572520357
-0.7972616652869638,-1.5220172021608613
-0.8013307441334737,-1.5074863589850263
-0.8022507392918066,-1.513858040993494
-0.8027329793660691,-1.5112328162614095
-0.8013526336421084,-1.5090760562023582
-0.7944222815668984,-1.5000788734880688
-0.8011756406489488,-1.4845563185327402
-0.5470201839133974,0.7283813662232497
-0.8397496661888111,-0.6561601217561898
-0.44905572430784213,-0.1444543022742154
-0.9364828939279872,-1.4715757153563727
-0.283581287468913,1.6732304965871574
-0.7802924197115266,-0.5443099709891172
-0.6627286210048178,-0.5708072338827391
-0.4211193909436868,1.2510265094420179
-0.6332124035551856,-0.10484287006435422
-0.6132118096799279,-0.3286251267822108
-0.37243207160916664,1.5281057348711788
-0.5327567395985016,0.24478993063350202
-0.6050948986869926,-0.38003219101170127
-0.24912606268873805,2.2271784586372703
-0.2330019488130935,1.482362594543769
-0.7032073534894371,-0.7784604389351669
-0.27345537427381084,2.030924162802795
-0.41468119923269053,0.7090639113233583
-0.9143024434444627,-1.4389960439656513
-0.5350851239530887,0.5960049279298101
-0.26883444208207213,1.195326252482934
-0.663706849222248,-0.5857629279478327
-0.24945667138664718,2.175493672931625
-0.5911381566744538,0.060234310457945583
-0.7864006375693582,-1.0782130212984649
-0.32945237854806864,1.6191190146274972
-0.7089731881225094,-0.2930438641657894
-0.6659944904601904,-0.6074845934476396
-0.292518641171566,2.040581772946121
-0.43834557264271035,0.6139275626562937
-0.7363331346980959,-0.9039479054420954
-0.45142488706446665,1.0962184929741534
-0.6544127970795637,-0.12717161763790175
-0.8464498124211923,-1.2860048748954334
-0.7551007618133433,-1.0195388073456866
-0.5950296965457779,0.41906793096085176
-0.8224749949936953,-1.225131303701855
-0.4227714089635086,1.2437808002311084
-0.283651655973605,1.1519423930246453
-0.534751612997527,0.8582535593437883
-0.8366085638970617,-0.7351818190454067
-0.45777696440878923,-0.16402047035047806
-0.9412941952603304,-1.5143055516719965
-0.2618587128372307,1.8608996372864126
-0.765795341711731,-0.4673728766940396
-0.6847130925449576,-0.6911891432607326
-0.4036885062273825,1.3280205796611
-0.6182376168959123,-0.01969984886629078
-0.6286505998381264,-0.402414712657829
-0.3515321439125055,1.6080286075586419
-0.5098538668426251,0.3231641530498753
-0.6148969185463009,-0.3427357677187904
-0.22374222284842987,2.3837385201763825
-0.21434491122852306,1.6007608427801083
-0.7001863527553878,-0.7967257882231487
-0.2610929454292792,2.1532211386988656
-0.40147741484401256,0.7479894810985872
-0.9172117776129156,-1.4366902578426848
-0.5157884120320363,0.629307928344361
-0.2511968176320235,1.244980640395901
-0.6615436792311767,-0.5609789364329345
-0.24654362301484872,2.201336998171266
-0.5790773796910764,0.07850036778589126
-0.7843077052736473,-1.1029349279536127
-0.32845133205046656,1.8288347137387044
-0.7059223630085967,-0.3753695868325565
-0.6665460632892253,-0.576054297683623
-0.2849831236698789,2.0544551050844517
-0.42744317295550305,0.6443236633310154
-0.7248683278539687,-0.8435999238581797
-0.4440268371176284,1.146262405228491
-0.664156255523359,-0.15086622317612947
-0.8413330049031784,-1.2924785982713198
-0.7498687657463055,-0.9579747529463749
-0.5965869243283892,0.3972215981069251
-0.8152982027126108,-1.2320765185709979
-0.4104513136785543,1.325425658114095
-0.28839289177406513,1.1732189756083287
-0.5304063220468995,0.7877216348849994
-0.828229596360812,-0.6376620890495249
-0.4328841333566034,-0.07679586595768428
-0.9375853319752611,-1.5283294483214007
-0.25996338032105687,1.8090326711437752
-0.7660386563711933,-0.549883814153748
-0.6680310366750213,-0.5780787133177913
-0.4030966633760838,1.3422909397537868
-0.6140508343349199,-0.014819029869385436
-0.6133587784740845,-0.33913335591292193
-0.34535929772454643,1.6775423588342648
-0.5134027687423917,0.30755724391779876
-0.5993354275580656,-0.31624673847626394
-0.2328919266829087,2.3733633465113853
-0.2197159222407818,1.5901852519566575
-0.6902625365209215,-0.7256671529689
-0.26133978233333194,2.160523214673409
-0.40904833503435106,0.812157533229726
-0.9133084531455551,-1.476460663847116
-0.5257295359496992,0.6702625522710339
-0.25473353831016676,1.279772600675128
-0.6554789747731896,-0.4669569950800726
-0.24216608109941978,2.279694137657511
-0.5819139889130065,0.13158629849309078
-0.7772551824563123,-1.0715445658461682
-0.3238243428182903,1.868497266930221
-0.7044640513648642,-0.34588595737212985
-0.663738634228456,-0.5777208531675537
-0.2888938278133407,2.1247718991834943
-0.4229040517041802,0.6908032137218567
-0.7272862245417682,-0.8518201669066066
-0.44846281437954766,1.1547673852465468
-0.6501368520457362,-0.1685128455518316
-0.841813588481592,-1.263805458860561
-0.7476465221065949,-0.9906535680204474
-0.5881812111617217,0.4520491316397656
-0.8125080076831463,-1.1784548910301134
-0.40904449858921277,1.3125766693930465
-0.2864995929254274,1.2057822564244849
-0.5411757132318347,0.7909834345660149
-0.8299300258756934,-0.6722022440531547
-0.4309713683967578,-0.12364209716668334
-0.936827097633399,-1.5025220761477909
-0.2697540704665566,1.8027577014403182
-0.7568780779319656,-0.46742378816735963
-0.6660054594847786,-0.6117961506506118
-0.41184277836979993,1.3726820051841138
-0.6105378200510015,-0.05838538581648389
-0.6115178804436704,-0.35619071065627933
-0.34350089666402445,1.7107996839434976
-0.5033145020563065,0.35581545499328976
-0.593404559493926,-0.3313218163076407
-0.21794582809164476,2.330552138511602
-0.2103926563053492,1.5959381713982153
-0.6951365894771082,-0.721171633638783
-0.2529536480521087,2.1969712259989227
-0.40184990818437116,0.735024568249494
-0.9089471202840944,-1.4287546217565494
-0.5172888950182858,0.6775590931060538
-0.23914518923907113,1.3400279792367866
-0.651729266137389,-0.5369727259078291
-0.23057085454815357,2.252010052800762
-0.5814202327487215,0.09507751833580208
-0.7841652882928001,-1.0564089711953908
-0.32233180595852223,1.8388084911553666
-0.6987152006712852,-0.2700056976115155
-0.6674056941230377,-0.5838524385192265
-0.2725132010998273,2.0606295880321026
-0.4220257014210847,0.6852145914846184
-0.7200541642140517,-0.8375471804708758
-0.4345434193244653,1.1732420552257516
-0.6435257005342496,-0.19059578979791592
-0.8370728117581117,-1.2419970655805466
-0.7503254388068661,-1.0151995144439871
-0.5852970581681657,0.5025485852117031
-0.8170259813795597,-1.2087752139986256
-0.40892994363391466,1.281311014640587
-0.27860928381257494,1.1041797545405183
-0.5329911484958418,0.8267675785951913
-0.8300250742129273,-0.6951023299890614
-0.4334801436621759,-0.13066744893128085
-0.2487674196157728,1.869187530909908
-0.756155065592772,-0.5293219051459789
-0.662544802764193,-0.6352894440221548
-0.39050449918598623,1.3796749192578839
-0.6072500010966918,-0.07032984064083125
-0.6155120613385034,-0.40720941954804596
-0.331200240470586,1.6475843708152438
-0.5101379234617712,0.33288391877793716
-0.5893286237153349,-0.3667046827685526
-0.21155256360782365,2.329056485489594
-0.20146377300728135,1.5673561675412793
-0.6870123425715722,-0.7342656357055954
-0.23866757473745265,2.1919801579964444
-0.39265277478519084,0.7463783412113327
-0.9113468689748985,-1.4613906680004456
-0.514169567655915,0.7390690666976729
-0.23529235658440933,1.3039425232645758
-0.6582479033487209,-0.5612331489041492
-0.22678146568057217,2.2675337848059782
-0.5821988563731791,0.06222572842878882
-0.7804963298279861,-1.0950046243302056
-0.32110585586661833,1.7701121612876236
-0.701042347135721,-0.34633011261934477
-0.6608915561284414,-0.5941789080878617
-0.265258729968249,2.4047457687409346
-0.4258764092906198,0.6174821227215699
-0.7216624949704955,-0.8044210155274083
-0.43593042495458934,1.1339549841268
-0.6475279533588384,-0.1675453750338553
-0.8394147503439567,-1.2849022785133206
-0.7455827092126942,-1.0057292055908913
-0.5837388753424164,0.458080257113829
-0.8092059884652517,-1.2221920007521183
-0.39451727276748544,1.2703660842156772
-0.26472841298443495,1.205565225797723
-0.5216285005369502,0.7523541898089621
-0.8281600272847556,-0.6762098260373512
-0.43752771359843406,-0.1530551212702671
-0.2480422680669025,1.8081450161727204
-0.75503286269479,-0.5236535191767626
-0.6647462721932895,-0.613890561473386
-0.38676717869849747,1.4149875836969859
-0.602040849832152,-0.07393041965109864
-0.6125096114605808,-0.3591608764171814
-0.32805059921509444,1.6072946303500542
-0.5007915440339435,0.29546073044040494
-0.6073979713612822,-0.34838981063571733
-0.2117224646698519,2.4152841864960632
-0.19280524714488578,1.6054002992293817
-0.690120985285421,-0.6982099699754953
-0.23587086905258225,2.1987947876218716
-0.3916686447963008,0.7523624187199554
-0.5011007244051808,0.6863637284795432
-0.24105608189494349,1.2201107984440442
-0.6603047775259362,-0.6157717823830251
-0.219836401416249,2.255299472022035
-0.5752545891534313,0.09181547089536723
-0.7789279907865818,-1.069943720121027
-0.29729030882525775,1.7876677319147884
-0.7022735444573681,-0.30684297743702027
-0.6604421745017964,-0.5602500928700944
-0.2567961288297866,2.064156386287253
-0.425699189576769,0.661321421606311
-0.7204661184338393,-0.8171278264034423
-0.44024419962414696,1.173159674905249
-0.6511739658792948,-0.19543409530006078
-0.8411753538889993,-1.2877440092206622
-0.7503097735370029,-1.028456632578976
-0.5789797593636069,0.4899226627211523
-0.8043442101193516,-1.2002893444068774
-0.3962297697348772,1.3446281671914668
-0.2723823259059456,1.2604362084924692
-0.3676668298849299,0.6911037886814118
-0.8163332690948526,-0.647813269234524
-0.44398200993438086,-0.1459480355013228
-0.9381416733777158,-1.5199908610704007
-0.243712583137202,1.9408451026052627
-0.7527634086712295,-0.4670900206741039
-0.663455500505651,-0.6388283249790101
-0.393774500695944,1.4527076641428087
-0.6138959593807694,-0.01727551525781784
-0.6126862419913192,-0.33299872213555515
-0.33380489187913615,1.7563594252237673
-0.5080840321378189,0.3685165070722141
-0.5956940533309851,-0.31843583917805396
-0.21760940530877204,2.462904429503852
-0.2074029800505029,1.642072442530156
-0.6900143263288547,-0.725192276856294
-0.23211654527364445,2.248527913716516
-0.4017548727367867,0.8119621904499021
-0.9119752650578429,-1.4426832321076328
-0.5148633390034647,0.7083624925721639
-0.2419909964103445,1.2534670203603953
-0.6613904049618224,-0.5419735698261283
-0.22848828829057632,2.3187401137634516
-0.5811064907132164,0.11044679981054101
-0.782668791672756,-1.0846894457227756
-0.2993712226407814,1.836126167415023
-0.6995432335110409,-0.2917142843999596
-0.6597367224979269,-0.6153876176287462
-0.23824028644162698,2.142910518689719
-0.4110881002949297,0.7513917890435149
-0.7195897240000171,-0.8179805036469616
-0.4353591545616229,1.2390047764692216
-0.6500562186465461,-0.17443237595205213
-0.8422259207128331,-1.273222470917955
-0.7528914813759149,-0.9745416622707639
-0.5724357033376668,0.5068099523519125
-0.8066582983127257,-1.2286825474059482
-0.39135175818803214,1.3759530509584992
-0.2605434844553014,1.1910712657389009
-0.5182690207558134,0.8401073199347451
-0.8264015915260988,-0.6471334854698774
-0.4375056958687044,-0.14301067919830712
-0.24944657505309475,1.9030845265246736
-0.7573169240179697,-0.4766206351496734
-0.6661865098162565,-0.6384323562677392
-0.3929089100397531,1.4252566473540726
-0.5998353522493174,0.014703731199154857
-0.6140157851607694,-0.3560842053926363
-0.3390285374503798,1.7852421936518355
-0.5031602889192417,0.37378452891709074
-0.5915306066181684,-0.3192122195388341
-0.21259714633778326,2.481008916034285
-0.20408620145960876,1.6866507562428308
-0.6981491498709187,-0.7292684355243257
-0.2398882340088091,2.3072993049836343
-0.39753423931674525,0.8218012206262182
-0.911174543013566,-1.4592867716789848
-0.4992000528335848,0.728306057171259
-0.2227134635049095,1.312876818782405
-0.6627189637511852,-0.5429152814890126
-0.2176142124196601,2.318027939999772
-0.5754385249159658,0.12287213498002125
-0.7816322809618441,-1.0854609258923733
-0.3086105162914124,1.8753056547174645
-0.7008643211295049,-0.3193465266850229
-0.6574552772401772,-0.5679183391585307
-0.2570680074371592,2.160802745781824
-0.4229619652927392,0.6410440747262556
-0.7173236821625785,-0.8235542618803056
-0.42607824193373756,1.1667886642093823
-0.647777770532631,-0.10302689642242463
-0.843039473303496,-1.3009039051504552
-0.7453011041062866,-1.0207143581898794
-0.5776642239737951,0.4390582013614553
-0.808565230759031,-1.2205689922561553
-0.40453349478831574,1.2940426716449558
-0.27686001936905413,1.1650327968749496
-0.51612649996743,0.8203990434785791
-0.8265246904014938,-0.6939136178623211
-0.44737878662983144,0.07469357748197142
-0.9336791264661718,-1.5075018465599275
-0.25430401520014073,1.897447145556325
-0.7551042506408653,-0.4548495106559527
-0.6651107344427991,-0.6367796747383093
-0.3864697950686372,1.3910741537729605
-0.6065874918577195,-0.037872466473244326
-0.6194553717248226,-0.34560885926470547
-0.3171529649402076,1.7705371067296134
-0.5085720877775812,0.3736587242170298
-0.6016918560809096,-0.3458046895661716
-0.2066867571608968,2.3546272635995575
-0.19351272220899973,1.6558429995321116
-0.6930900135457454,-0.7061057056891551
-0.23098476578858212,2.210702572761566
-0.39432991736392614,0.7802067607146363
-0.9121074642734607,-1.454433377995305
-0.5108474682619466,0.6449004893974948
-0.2282252628504145,1.2326811054891287
-0.6528235452854286,-0.5658972703418337
-0.213549211023087,2.4404342143009745
-0.5778511131202676,0.055000915931647465
-0.7840276509601127,-1.0743167887268787
-0.30241991851586236,1.934109661129119
-0.6994638681498818,-0.32536151544199937
-0.6646594773700377,-0.6254951077320772
-0.24335931238202546,2.1733861961868444
-0.4178363371668711,0.6592801955200487
-0.7193657582099917,-0.8422292880751032
-0.4302587315542893,1.13633239180008
-0.6453802039681538,-0.15406835016714454
-0.8396090507519998,-1.2669199586585782
-0.7460151078125512,-1.0249878052828454
-0.5777418291542403,0.4355491876278514
-0.8123861427341684,-1.211595557226593
-0.3917514210094223,1.315283800725232
-0.27204251564723636,1.166208118920291
-0.5169786124589557,0.8312749621960096
-0.8262191032954657,-0.6359118974589488
-0.4460949610721805,-0.14267558907041272
-0.23212422247760267,1.9393428793239493
-0.7612917969503127,-0.44816132840048784
-0.6697378393305708,-0.6645593453092831
-0.37734438116757507,1.4103407726620956
-0.6001700174877441,0.020810841339453434
-0.6137506532752163,-0.3924956545998094
-0.3183595307557176,1.772410347214887
-0.5016408561017718,0.3651207975247199
-0.5999910793705365,-0.3150008814322333
-0.19331347712029678,2.417917570380237
-0.18309109731059497,1.5966882957528068
-0.6896669504007544,-0.7302458882398898
-0.22400386748091666,2.228492069874495
-0.390837450426908,0.7998158866012302
-0.9124829535086534,-1.4319148933021821
-0.5151239230981756,0.7214993576543407
-0.23016530767421778,1.3042177589988113
-0.6558131032461244,-0.5208378886505645
-0.21266496909374633,2.2389288133072736
-0.574894743631612,0.1144654323100755
-0.7851356573710913,-1.0581619931556931
-0.2853509572292723,1.8369229574191264
-0.6978867872339611,-0.30668702625735045
-0.6621859949262151,-0.6035200363003578
-0.24176878745814562,2.2075175745776794
-0.41011532250121613,0.6811191743686222
-0.720449527555251,-0.8347154993911408
-0.43265872342554035,1.1939274431199212
-0.6418234051957762,-0.11958716124644242
-0.841054287177978,-1.311743301900492
-0.749562690613267,-0.982445578352503
-0.5708630209105121,0.43573690246865143
-0.8157620003343804,-1.2078468056149447
-0.39417607436036206,1.3637510953536496
-0.2607825035910723,1.207615062262605
-0.523759229732494,0.8045795439505017
-0.8245284942345011,-0.7094653557539656
-0.23306001938594545,1.9896808559951598
-0.7564430282466119,-0.47857943500048933
-0.6589848889793791,-0.5599874287100894
-0.3746496405691775,1.398153876368109
-0.6064341116468073,-0.061954402123904795
-0.6145711907478428,-0.40995545352377205
-0.3377649207485677,1.6719157058621228
-0.4935747183738425,0.322497158675426
-0.593166980211869,-0.3470094107547498
-0.18869505856026508,2.3366461318663516
-0.18673396233069506,1.9877447526121828
-0.6939871823622621,-0.764089246671188
-0.23394782966710187,2.2364325232635185
-0.3920005691828504,0.7360920058396836
-0.4970684102042281,0.6344158060589375
-0.22217058168580717,1.1895570911415543
-0.6530818673899427,-0.561881037443327
-0.20578019787475949,2.250009613633311
-0.5723663828903831,0.06129174904006329
-0.7771400728123256,-1.0894723006429683
-0.2919643972018792,1.839655460901849
-0.6903382839609064,-0.3049921896717628
-0.6659272780318612,-0.6361858439510224
-0.24634996419539484,2.0926370388718682
-0.41851294225463187,0.6392196997699966
-0.7195669930986239,-0.8301955199700151
-0.41996204222816436,1.1194881570317439
-0.6434753060150447,-0.1731043423841208
-0.8439791891336379,-1.2825106653052103
-0.7540799594464038,-1.0493939282988851
-0.5741480987398229,0.46702160695977696
-0.8087004770367925,-1.2240457976235912
-0.3936683232152933,1.3582602441646432
-0.2601554106191358,1.2042352482719487
-0.5116214179360089,0.7981216569145639
-0.8242711396481098,-0.6907784469086673
-0.4483612565835503,-0.1965686601816219
-0.23933508804066056,1.9641593899413843
-0.755235718238119,-0.45495598881439164
-0.6707087638459681,-0.6738520811028881
-0.38266748111791427,1.3798881280140338
-0.5984675162474722,-0.022389442993963227
-0.6155822581202945,-0.3945224378494271
-0.3107074777478813,1.7019329414760875
-0.4969343712079096,0.35031365936617814
-0.6049410463350883,-0.33207193453033246
-0.19038331870490416,2.435475669615868
-0.19421085327318033,1.6443307305126273
-0.704136659034205,-0.6942387110073029
-0.22403479422082523,2.2675862365262005
-0.39522294894470006,0.7754524167451904
-0.9087320264475451,-1.4613252806667183
-0.5050657286554328,0.7433094167247043
-0.22809933028230372,1.2608755264291163
-0.6525314439244352,-0.5519365547118675
-0.20992449570506533,2.4270597435010037
-0.5779735674286846,0.1177480991179109
-0.7803625241193738,-1.0395156448282532
-0.29937465351395276,1.9243933089276364
-0.6983020988753122,-0.243293959329083
-0.6654106329123383,-0.6191764305709121
-0.24567696780711995,2.1731300845636956
-0.41445541165213096,0.7052166161021085
-0.718570644329828,-0.8289339407934673
-0.422155844900292,1.1669673283621378
-0.6495756840098214,-0.14938567955928034
-0.8440630456571291,-1.2602643549102461
-0.7493446254336918,-1.0100802354595038
-0.5767846172160518,0.4822750265018306
-0.8091066338287844,-1.2019073974479795
-0.38658225656728273,1.2847660447031743
-0.2633606374669366,1.1680532909964971
-0.7210613656235095,-0.755297966268986
-0.7860407143475746,-0.6977268767792177
-0.7851766734934302,-0.727736259366285
-0.7888051952318021,-0.6965842647638448
-0.788655434688639,-0.7852564329344072
-0.7921325144962865,-0.7244578109176714
-0.7822916139614686,-0.7002313378482176
-0.7894852384777551,-0.7582248988187237
-0.7864960859754275,-0.7525000325518436
-0.7845177045066972,-0.7862026386615293
-0.7864433836088457,-0.7032863081185408
-0.7876969732864926,-0.7022068652743275
-0.7765754563245542,-0.7674512955438704
-0.7785268881054954,-0.7175921658116966
-0.7905308141749574,-0.7559756008364459
-0.7869209322291517,-0.7404249422143739
-0.7826768650917503,-0.7706685338670913
-0.7819241978549043,-0.7468924282807912
-0.7751244998235025,-0.7389846695445113
-0.7817714644651006,-0.7143395860100119
-0.780693356541303,-0.7400436223793216
-0.7784643379959894,-0.7470346114086288
-0.7806821657716922,-0.7048808152646889
-0.7776134313348685,-0.6986214131575188
-0.7811411987825553,-0.7360375368145223
-0.7822952331211852,-0.7404181555389906
-0.779824493682479,-0.7394091720799653
-0.7890138623264785,-0.7446875939655306
-0.7804807927984384,-0.770315103026044
-0.7825473525547592,-0.7292003140178217
-0.7799097844393998,-0.7675288037959901
-0.7816785682453065,-0.6972036064639517
-0.7809683594495381,-0.7599382239804531
-0.7795175310781268,-0.7072193808958942
-0.7814844713845284,-0.6673008001441327
-0.7825984861083412,-0.7230145212896706
-0.7839992450423281,-0.7159638239756996
-0.7846800485590784,-0.7634200673887248
-0.7878375472133569,-0.7810035915584435
-0.7818173339352478,-0.7603070096159277
-0.7795733656249797,-0.7670312304291795
-0.781545438976653,-0.7343916154666128
-0.7826084935759061,-0.7349740816462178
-0.7828074603042428,-0.7436669578076354
-0.7822354409398158,-0.7434239079384959
-0.7847233053681628,-0.7585102817586509
-0.7813319842345829,-0.698020156506466
-0.7823564313772201,-0.7516068279481964
-0.783249365540201,-0.7858259772965217
-0.7827645327186716,-0.7229091934881524
-0.9205921309201784,-1.4916932421968978
-0.9051895703753938,-1.4953979588267925
-0.891993393567741,-1.4563427724587616
-0.8880710497976098,-1.465399584107607
-0.8858282906782696,-1.4898249567517496
-0.8875770027922794,-1.4358811201363444
-0.888727735510016,-1.4205363241444766
-0.8854618150197945,-1.4605955582241212
-0.8808292194833318,-1.4422556995260372
-0.8859185755377168,-1.4523873122378403
-0.8835470958605552,-1.423276061508596
-0.8891449819712852,-1.4242257933061622
-0.8885019304386077,-1.446660004760406
-0.8887249434617313,-1.4309270942291101
-0.8829680302177055,-1.458883797740503
-0.8865803371517071,-1.4219703363170948
-0.8833162568003543,-1.4404950326105916
-0.884007308135217,-1.468915690310783
-0.8934407711878094,-1.4598013991439471
-0.887086562639473,-1.435393356598533
-0.8868686056680748,-1.4383260054427738
-0.8862485100261839,-1.4663509025693957
-0.889215311704582,-1.4673748211966264
-0.8807771232338228,-1.4377365813811342
-0.8830732548559803,-1.4359088983165107
-0.8839531732093904,-1.4153758778944578
-0.8653465056958407,-1.4649006035930312
-0.8824966102518457,-1.478440288884676
-0.8824276116446158,-1.4492694682442804
-0.8827535844755354,-1.4666821280432263
-0.8837838017607929,-1.441021380246241
-0.881854845450853,-1.4500079647227877
-0.8817014002597674,-1.4352711667218032
-0.8840040070116579,-1.435867611108938
-0.8840791395766461,-1.458444350406772
-0.8841326194657126,-1.435515841046814
-0.8789157402714838,-1.4431134157915033
-0.8787750125528287,-1.4426959270129842
-0.8844064800839195,-1.4158888562971372
-0.8775364641580767,-1.4530964052503659
-0.8863776184740058,-1.4164781359078866
-0.883905934556422,-1.428065257232132
-0.8795813136133568,-1.41502297400283
-0.8808622624666685,-1.3997355557272566
-0.8853938469983017,-1.4528092849903091
-0.884429568874132,-1.4078045076247292
-0.8811327183222597,-1.4134090284707073
-0.8780596709716233,-1.4297696274750915
-0.8782308454724255,-1.442768420675212
-0.8818696645810522,-1.4457109488312538
-0.7224101406733842,-0.6215703551524162
-0.22912875892289747,0.8868599773744403
-0.9038148281267935,-1.446812363924247
-0.9804487919931468,-1.7056982895421249
-0.9075888927841287,-1.5835981718607928
-0.573853770243675,-0.8518505235009604
-0.56853869881866,0.14429337945947557
-0.7790246445777778,-0.9794635459826071
-0.851282176211003,-1.4713317855939503
-0.5656201979596277,-0.7463925057361037
-0.4934250303547064,0.59848183872348
-0.75766154539497,-0.8839740037590156
-0.8164562824875823,-1.316093407206454
-0.7017215661301892,-1.1300261113270327
-0.4799309087213262,0.6882128516169408
-0.7264256011736813,-0.6465688220253599
-0.6736329667880786,-0.8217472726256068
-0.5209685711610175,-0.4363331712525672
-0.5992725617349923,0.02875498337417076
-0.8378352253746371,-1.180547168423523
-0.701658812066034,-0.9327238769099646
-0.3198658493026079,0.5266785605189763
-0.8685612326848995,-1.2931610578666082
-0.9245868217455193,-1.5484930635226057
-0.7381477008552193,-1.0730573763395337
-0.47236963762813655,-0.2633617464830447
-0.5533571762198217,0.4057806217757591
-0.8512025389882502,-1.1962890876863201
-0.8022444756517197,-1.2419262059434797
-0.2926874842201175,0.5797219517033303
-0.7055680385478973,-0.4345638753105325
-0.7627543964033575,-0.8135329289730171
-0.6657661124074494,-0.7535143482076307
-0.4805068680935818,-0.21647576130209084
-0.5624519344544243,0.38608945052093974
-0.7617640116518962,-0.8562568831553294
-0.7570749811390147,-1.1128232369764524
-0.2967421856034964,0.6576153169689638
-0.6318950165594623,-0.06837281367767817
-0.8968773905230414,-1.4047080011611424
-0.9880142765202485,-1.7456630706618832
-0.40336067691491273,-0.045170540585299956
-0.7822637222265201,-0.9344343790429783
-0.6832088250647562,-0.4192018758334771
-0.843940021341437,-1.1812410010788261
-0.7552616533503727,-0.7911172000500408
-0.5774426721163892,0.1946947248466377
-0.7229474989818608,-0.6203715206084804
-0.20911316139161973,0.9834805175828736
-0.9032474758840141,-1.4332907830309305
-0.9836496922863165,-1.7180324500400532
-0.910151732616126,-1.6138335869459406
-0.5550153189079536,-0.7310389213514392
-0.567654817287201,0.3190517988418449
-0.7961812169117056,-1.0562544723926917
-0.8678521014664892,-1.4819129043766697
-0.555742181669725,-0.639450934332588
-0.49423643669390965,0.7992517856964281
-0.7912678775500088,-0.9196951311202624
-0.8355425056849073,-1.3544993023782115
-0.6815134530154145,-1.0548031053417621
-0.47619540599607446,0.9119885300766688
-0.7482005793070792,-0.7352135206676812
-0.6936103043436884,-0.8793240341643545
-0.5016950001119992,-0.2634940236772609
-0.5959292518843745,0.25064263469284637
-0.8443851382875269,-1.208172707737579
-0.7293664502415358,-1.0273942499298132
-0.29571127760883076,0.7187119401253195
-0.8689647663354931,-1.269963990654316
-0.9379663447194106,-1.575949518758978
-0.7521459049749031,-1.140605982143633
-0.45479780320287977,-0.15594568229483585
-0.5376299244887487,0.5891886356598515
-0.8590648266841581,-1.28709254621531
-0.8084250045901518,-1.325009508444183
-0.26027441139366664,0.8698943117023399
-0.6987748948346493,-0.33629408893250623
-0.7889895876438942,-0.9555512549390368
-0.6757244866782504,-0.8430357683960381
-0.4615583730731899,-0.0898237120234483
-0.5514444872675109,0.562366259548559
-0.7804817815746223,-0.9305040098574244
-0.7649569089638018,-1.1317122968201616
-0.26335832607092236,0.8697021025852429
-0.6187133619210503,0.1413398674813418
-0.9087638995312852,-1.4640037453227006
-0.9882994973652754,-1.7497630773890622
-0.35984765481082415,0.19597303486647505
-0.7801601464753528,-0.8165757288719786
-0.6720968521603778,-0.23432610057881165
-0.8269511945443254,-1.0766158705324906
-0.7460102694834652,-0.6751417615486679
-0.5650852043590341,0.4079718302603352
-0.7512227012083952,-0.7130726434326127
-0.16939974250423162,1.2256268045763643
-0.8978377545027512,-1.3450868013120227
-0.9903246035284005,-1.7494178740599375
-0.9177802965633295,-1.6788963085780837
-0.5431777427701975,-0.6286486190259739
-0.557387729403466,0.45790775898321373
-0.811889271793648,-1.0686824804791952
-0.8759203493636122,-1.4982263953443378
-0.5387929566684498,-0.5720332430435296
-0.48712026663693253,0.951492274074105
-0.802806306242515,-0.9928267550817942
-0.8374873875683333,-1.394043361357656
-0.6695285808892562,-1.0496205380591126
-0.45597386299017545,1.065887251625153
-0.7623992112262331,-0.8595525670673418
-0.7030418144351831,-0.8965935801544029
-0.48856156602188244,-0.3089856318166557
-0.5838718897460522,0.26482037929242225
-0.8553381096316346,-1.2749056027325785
-0.7295676483583826,-1.0320499302470034
-0.29161274283827515,0.6933443283473011
-0.8609361000064173,-1.199589091099775
-0.9399377224887917,-1.5553244872657246
-0.7660761085689682,-1.1833581834749338
-0.4450968498172496,-0.13332296715340508
-0.5284287464427038,0.6351794276455809
-0.8670416582171669,-1.263249313737799
-0.8168246683123199,-1.3229889961526928
-0.26285024396508555,0.8241650994506018
-0.6928813284530708,-0.34549746300941914
-0.7886448141371644,-0.9907409333901014
-0.6909292022527092,-0.8324236337093431
-0.447448331628819,-0.09059141370683804
-0.5476191810211116,0.540811332804092
-0.7922125774031251,-0.9479611737542308
-0.7722140054951583,-1.1719265549940923
-0.2511649658105273,0.9647216038075965
-0.6153693674718391,0.10942755745241567
-0.9113983761982456,-1.497288194316193
-0.9906160775956803,-1.7699568964002965
-0.3539561381178844,0.22418444910390195
-0.772904146140831,-0.7977784169821618
-0.6697965852848836,-0.23816416191971684
-0.8314777279967885,-1.0643898313435947
-0.7512416238207715,-0.6611137785115991
-0.5711265017816798,0.4165048819249582
-0.7535076789309155,-0.7685614360624791
-0.17148080013370665,1.2249400564900905
-0.8960843755375079,-1.3694852916881533
-0.9918163022142735,-1.7533199829355233
-0.928960370502629,-1.6576845106330058
-0.5492268385794659,-0.678688249680685
-0.5610290383512823,0.45230921854799294
-0.8223063706176171,-1.1455375507084582
-0.8836039384146879,-1.5681918944736266
-0.5409417174745595,-0.5747510622631338
-0.47920951987986965,1.008010248728084
-0.8109043871037259,-1.0499192084645816
-0.8422472375368715,-1.3936753491426717
-0.6691166261119476,-1.038227990879631
-0.4628089868528219,1.073098447037792
-0.7675059871333525,-0.8762538785742389
-0.7174415317007161,-0.9783803200941337
-0.4915731791518438,-0.3348161384743759
-0.5870747009775761,0.22594070834492325
-0.8602870613493312,-1.2769325531807985
-0.7455989583156872,-1.0969937997559713
-0.2984673459257655,0.6649238736349379
-0.858329394408942,-1.208756232539769
-0.9415791683368184,-1.5938654754949821
-0.7692235602457043,-1.2138602669143357
-0.45343678671752574,-0.21893280292454687
-0.5274869147383183,0.4824311887464244
-0.8697484754220883,-1.3746354492813266
-0.8274360604455077,-1.4123589401886927
-0.2504059073346582,0.6824562515907835
-0.6958074638503423,-0.42942500596679584
-0.7990796366024912,-1.1368905702738943
-0.696830477091817,-1.042000481504916
-0.4392939490071051,-0.21673382018925885
-0.5315588333420078,0.39716743865223975
-0.7908541047744038,-1.034234102687642
-0.7789247143460053,-1.2801277498556631
-0.24734853549819624,0.8487444690091845
-0.6145178089219887,0.07933454208841856
-0.9165519077357651,-1.514880571466537
-0.36016608335657174,0.10261149726855828
-0.7790002951262528,-0.8075116750915166
-0.6691140606385725,-0.23464002028929687
-0.8326352563744215,-1.0994510950712706
-0.7494645430492948,-0.7181368141729843
-0.5656137335387692,0.3873241779978743
-0.7652949726559685,-0.8662410118449595
-0.17713573628877516,1.1781136700582646
-0.8899411826424571,-1.3231758034415086
-0.9901049721361925,-1.7295180103059662
-0.9325867746629668,-1.641399819063176
-0.5454946144816941,-0.6485833940515091
-0.5562267027773373,0.47695728708203405
-0.8305923167124323,-1.158592799592744
-0.8878766932682742,-1.5247934539732357
-0.5398361609279985,-0.5671671815030583
-0.4837857347269448,1.0120728909145842
-0.8131470020252246,-1.0551473026837732
-0.8504695261415837,-1.4810022820808815
-0.6661320576113431,-1.0205413772362708
-0.4588177247258966,0.9984375140993504
-0.7746422024687358,-0.9058687555365557
-0.7190267433067851,-0.9856302319017674
-0.48536016555351086,-0.27430253002215094
-0.5799013784913464,0.22878472191665294
-0.8670907322847058,-1.3377496368922257
-0.7495349485739367,-1.1420232941596642
-0.2925613039937383,0.6402022721100797
-0.858889206512514,-1.238382179573447
-0.9475020996982029,-1.604925475565859
-0.7737120986095446,-1.2375194048318596
-0.44389775315700936,-0.1507071935863784
-0.5303492359934388,0.5759667326199385
-0.8726842083609085,-1.3559836119501125
-0.8259818852508428,-1.403635898715033
-0.25325846180175504,0.8419058999052325
-0.6929144434600821,-0.32293917342161205
-0.8082436222127329,-1.0578480689164504
-0.7010298348543795,-0.9468390300702776
-0.4304998416279592,-0.040851277652914575
-0.538435617936592,0.5928300329349232
-0.7973475831261752,-0.9628048508881963
-0.7788722045599826,-1.2206322884268492
-0.25062040971646155,1.036276941303382
-0.6006581739431064,0.14849424946132622
-0.9180146166089961,-1.5026980061719588
-0.9969448321379812,-1.7633232789776752
-0.34310185026869866,0.2773354436958814
-0.7701782415087185,-0.7789365771812196
-0.6629488691708915,-0.2118875241471967
-0.826659676982977,-1.0895511509194662
-0.74203622255586,-0.6229769176681218
-0.5642436929639479,0.4643408646474752
-0.769110786233099,-0.8192300909689179
-0.16221343792270704,1.3704684978269022
-0.8849769217824001,-1.309347889341039
-0.99485816994645,-1.7457016960543765
-0.9259859148407232,-1.6459252238719868
-0.531001505540767,-0.595418831933618
-0.5460043902918429,0.5027182423236847
-0.8288519066946456,-1.1669882863603371
-0.8876678028925288,-1.5392544189791486
-0.5259012880735834,-0.5462004682829913
-0.4737079619893979,1.0877627719731315
-0.8139320733346189,-1.0535306545736258
-0.8441328843414249,-1.3863705722490482
-0.6647552972805351,-1.0193898713524268
-0.4568592055313976,1.1636580034863546
-0.7732320064440898,-0.8445432586511958
-0.7179245482444654,-0.967853642435049
-0.4850036368320578,-0.269597560364612
-0.5818478278984652,0.37658787356154216
-0.862441976745996,-1.311212462159048
-0.7587975826643342,-1.107873051107148
-0.28089463903504036,0.7946399544623834
-0.8583928418002662,-1.2171896210378501
-0.9451922484996736,-1.6248218444996974
-0.777100345138815,-1.2295013200424594
-0.43407927647298444,-0.0921001423704424
-0.5217662812997049,0.7050786059928154
-0.8745350157283713,-1.29567001875714
-0.8274817859476423,-1.3661760515093486
-0.25418247963011986,0.9454381847339226
-0.6870161912633795,-0.23365455188354778
-0.803930860728078,-0.9808337050382312
-0.7065942755111541,-0.9314794874909644
-0.44012006036735474,0.10660400767932526
-0.5447984153516173,0.7572467099544491
-0.7991317566823037,-0.9492034770986724
-0.7808275829981541,-1.184018134124016
-0.2368104972471058,1.1989800551878105
-0.6217430340113277,0.22756960951215105
-0.9147949303411438,-1.5004565103519478
-0.9923995749631418,-1.7692336795598713
-0.3531688495834125,0.3396569649232067
-0.7718717314178971,-0.7577718841670755
-0.6684908892298379,-0.16180499873551102
-0.833920676463477,-1.0843272238659827
-0.7459119449192841,-0.6299353424649589
-0.5621786774208373,0.49455177828851166
-0.7760011251490224,-0.8306880035904975
-0.15200687053886347,1.366532090604264
-0.8910342920679937,-1.3371867542692946
-0.9920935416658685,-1.7396042996680412
-0.9286675719800072,-1.7020384220238374
-0.5308088204589517,-0.6043099551935797
-0.5485337954868388,0.5494572311825081
-0.8304756754425358,-1.1747182730937378
-0.8857142001759101,-1.554039915434024
-0.5226000476568584,-0.5038318291768572
-0.4809039106112693,1.1461489496907515
-0.810653257123867,-1.035905175710226
-0.8438813159075881,-1.4445010939165006
-0.6651706994442291,-1.0274640734225333
-0.4599826274583044,1.1675821356611722
-0.7732714270290146,-0.899814643009947
-0.7174828180818607,-0.9615639912137219
-0.47436174739370485,-0.19695476052658045
-0.5720493051486941,0.37598863294956736
-0.8605112073799187,-1.2584044235023144
-0.7521033249684741,-1.0934944615936375
-0.27581246349816463,0.897990854030938
-0.8578239886713089,-1.2047154620221516
-0.9422396213776856,-1.632728072039435
-0.775826354846906,-1.1953838340980751
-0.43076387261577664,-0.061052492908522826
-0.5203584293112105,0.7953459807638681
-0.8713884081464512,-1.3266712706845358
-0.8320905683092064,-1.3566872944168595
-0.2450194461487622,1.0325698442257543
-0.6929465843856204,-0.24799025634870614
-0.8065632958965983,-1.0363825006155278
-0.7085663639394782,-0.9080840440014519
-0.43443802487548033,0.024215056454101547
-0.5400608209710428,0.6612701154576555
-0.8018843472907047,-1.019686276971965
-0.7784348045398886,-1.2450789601966197
-0.2468425628202165,1.1198135692898468
-0.6151022477304124,0.2202593171086789
-0.9122940894187943,-1.4880753488276928
-0.9916006941695541,-1.7948957753121946
-0.35830361110354186,0.2464795546982394
-0.774083762088055,-0.7699637237200765
-0.6668935518357382,-0.1390574573483932
-0.8276618101494672,-1.0817528393750835
-0.7471794837974198,-0.6608972383096723
-0.5613197879404239,0.4930980081910635
-0.7688362157639297,-0.853434010357194
-0.15735956793606848,1.431921879668531
-0.8897497697162488,-1.3627725130943704
-0.9912257144652484,-1.7770639030214896
-0.9292089235354903,-1.6678120483191838
-0.5400930576279893,-0.6064401634160459
-0.5499160024993551,0.5905405006405724
-0.8274830506460145,-1.1353994446363782
-0.8864604870484079,-1.553550542985866
-0.5261513657990303,-0.5093015474748326
-0.4696802168346613,1.163999347941797
-0.8181778455566493,-1.0897299104826865
-0.8462569339406916,-1.4679402379065623
-0.6628341042574839,-1.0316099392036724
-0.4618506428954182,1.2524152066560506
-0.7787390104769624,-0.9174597897001762
-0.7197498645843994,-0.977403320617034
-0.4698986209960459,-0.18435743961108536
-0.5764494701126134,0.42936725490875066
-0.868182412708139,-1.2786046754860734
-0.75279267924916,-1.0870917323205243
-0.2866312603549123,0.8841862144923907
-0.8603944485258297,-1.2244926091068131
-0.9461712035108083,-1.6478413662068498
-0.7728765725799159,-1.2341676239593722
-0.4242427201802751,-0.042232816655518646
-0.528533541969943,0.8063881318250357
-0.878302663566398,-1.3373630316611964
-0.8321522299275144,-1.4076105387233986
-0.24980762846373855,1.0461222537254498
-0.6894885475038863,-0.2623818664115795
-0.8095735846990333,-1.051097568148346
-0.7089861967667079,-0.915213186188131
-0.43760236021242116,0.03423694600175503
-0.5436799880851633,0.671710645546771
-0.7980241557901925,-0.9930338692528813
-0.7866608026192176,-1.21729667927929
-0.2501224275960524,1.1170929515499788
-0.6099016343610164,0.24403262775732498
-0.9174644049788123,-1.5080218138625945
-0.9959074355906543,-1.799287926217742
-0.34611509446427485,0.20988747557426352
-0.7715466545318327,-0.7593200117770952
-0.6635463304892795,-0.17596684553215886
-0.8301884501533437,-1.0844640176838618
-0.7447144262734453,-0.663671023520719
-0.5584833575773583,0.5326599158147918
-0.7736496993555029,-0.8609050068452988
-0.1572595416474311,1.4585623929204723
-0.8911858863984452,-1.3601564438438944
-0.9932969008391046,-1.7707682170684331
-0.9269047604126501,-1.7045973218273778
-0.5323947463984615,-0.6098218417278864
-0.542266119152877,0.6155654874582424
-0.8269672222042217,-1.1450531748268937
-0.8894510831014963,-1.543952052043248
-0.5167504569256169,-0.5085746215985724
-0.4786209237459328,1.1249644898412283
-0.8146101889966025,-1.1280732261480058
-0.8491087267400796,-1.4721450403573308
-0.6611029651819705,-1.004218861500969
-0.4569680080757694,1.2176747663774545
-0.7789560527162083,-0.9130727137153891
-0.7241146283235951,-0.9963013994878549
-0.47690946147672625,-0.22891269874027725
-0.5749803520986853,0.38128201799641864
-0.8724265866959208,-1.3612877147560611
-0.7590579692035099,-1.1401870433782886
-0.273846600981959,0.9179500870989024
-0.8607829342863049,-1.2516399376618839
-0.9470104764511948,-1.6354764662893935
-0.7773756251534275,-1.248639373701826
-0.4290748516485825,-0.04124347783864074
-0.5305174648812132,0.8106101552956273
-0.880274915781539,-1.363264009853911
-0.836839523995989,-1.4010645548721843
-0.24924523770201007,0.9556646708407655
-0.6927654229934668,-0.27920488517137576
-0.8106714954227745,-1.0666218811882655
-0.710248685808555,-0.9717806057011646
-0.4276010461068671,0.08856820169622343
-0.5394543694752215,0.6807824378104814
-0.8021621891848615,-1.063869132524676
-0.7792916104270315,-1.2415388042759838
-0.23352715805225044,1.0722684496752084
-0.6077696734678213,0.23199760853752766
-0.9187246454999609,-1.4996585873997659
-0.9977145758468506,-1.8198595195058012
-0.34397458346771703,0.33448975579328694
-0.7716400035994968,-0.7681641938555992
-0.6649441783969081,-0.16839014645151074
-0.8305313348247724,-1.0702763492869682
-0.7394858812150144,-0.6498386234398743
-0.556482790339204,0.5358029420799544
-0.7760160617167758,-0.902490454250515
-0.15487661481099263,1.5025611922098392
-0.8956934088741193,-1.366472209205891
-0.9938290063914348,-1.7513615978930699
-0.9296567752421889,-1.6946192756037801
-0.5322657721908561,-0.632248961566158
-0.5482954914558862,0.6192296987577426
-0.8327954062132004,-1.1927669864412376
-0.88774156271147,-1.578980527443968
-0.5210083781604014,-0.5133870439554329
-0.46984246017813375,1.1925763774668767
-0.8201277467191463,-1.1264543719384725
-0.8503649984128738,-1.47242564078203
-0.6633814345350513,-1.0121552428140619
-0.45394814097594594,1.2481595696851613
-0.7834581078757623,-0.9334590859116576
-0.7254926207085831,-1.0170427924467658
-0.4794266832398189,-0.14798541424939043
-0.5748641102585534,0.44471091721422523
-0.8675311629913709,-1.3481186863851247
-0.760645305611802,-1.1450011015245036
-0.27769620879720597,0.895641081628026
-0.8610465120165236,-1.2103832120598548
-0.9464671754358183,-1.6301334503586005
-0.7809198449461302,-1.2603756381934275
-0.41491940973735025,-0.011281028451403163
-0.5225885012622193,0.8026103611180773
-0.879326880559592,-1.3654712225173922
-0.8345988542352685,-1.4123601640200791
-0.23897292496626082,0.9915879675678692
-0.6916386550566276,-0.26677674753866326
-0.8078614692302534,-1.0614987328451526
-0.7093188097795581,-0.9768862491116197
-0.42923558484868696,0.020337498305989243
-0.5389179312810631,0.6839013919292387
-0.8036109244429648,-1.0439159228631152
-0.782570915684772,-1.2307803336223897
-0.23809845180842054,1.127664114674848
-0.6069011935817797,0.18936973627256654
-0.9214038702122762,-1.55952958417107
-0.9946450320457649,-1.812639647154397
-0.33954890386934977,0.3169865598408244
-0.771666763314121,-0.7918395125364717
-0.6635084811931348,-0.1659920004633853
-0.8249998492459605,-1.0408234199042172
-0.7376094730053302,-0.6237963675817265
-0.5565692278093689,0.5286251966227926
-0.7762848902062542,-0.9293118725960552
-0.15004678079243478,1.4563504791330781
-0.887828979115724,-1.3541265470490476
-0.9944396047514084,-1.7454267616019001
-0.9305007758579733,-1.6978500382547261
-0.5204667239250779,-0.5895607874849473
-0.5445431758533728,0.6427168234273468
-0.8341284471629185,-1.204616981082549
-0.8875368817544218,-1.5762812580862269
-0.5109085637903,-0.4608004921618732
-0.4695927586539988,1.1890551485953413
-0.821688448624988,-1.1483775649571741
-0.8549791221263106,-1.4435951794614967
-0.6579070672589448,-0.9945329868044381
-0.45020686647762637,1.3799042061853277
-0.780881600006065,-0.902648749990659
-0.7217426367017133,-1.0440574719844926
-0.47288049868139204,-0.12180933678293432
-0.5715861321396786,0.5110079197414776
-0.8667063293897508,-1.3244606166650705
-0.7563471133155287,-1.1188138184629832
-0.25858958200948334,0.9280012412405356
-0.8616902664978423,-1.229934356482045
-0.9517056350989828,-1.6453344274906048
-0.7730990391980198,-1.2428395499986573
-0.4191406860563646,-0.04262718162175777
-0.5159921359003039,0.7624717817602638
-0.8793691904273638,-1.3362977533013527
-0.8312151807062079,-1.391022851683745
-0.22560876668195362,1.089905396877598
-0.6854818243307094,-0.2831964985786181
-0.8099105539164446,-1.1187498043163544
-0.7091231476091711,-0.9495486068337344
-0.4265050961355471,0.04758552653852993
-0.5310727420427946,0.6578747331263539
-0.8022162623045822,-1.0709081875016733
-0.7861198666362763,-1.2538708837324606
-0.22260358671657954,1.1385319873891422
-0.603898184200503,0.24905259779084482
-0.9177881002504522,-1.501789736071062
-0.9936177249241817,-1.8056522411929214
-0.3249948439196384,0.33533192914389215
-0.7689209718811155,-0.7650672162479912
-0.6651021761412359,-0.1583892804390198
-0.8238808936879598,-1.0558599493208145
-0.7385978199106258,-0.590926991598606
-0.5553235503018645,0.5702110727021201
-0.7747549731860953,-0.9072816477289769
-0.13619733136488554,1.4935143590809248
-0.888729979864747,-1.3311894802126278
-0.9931431286852005,-1.7712742234607544
-0.9282803777776011,-1.6740482085116302
-0.524485818302828,-0.6009846806200536
-0.543737735229752,0.636398045243052
-0.8366698417283085,-1.172053000562539
-0.8884853793121918,-1.5890815659864208
-0.5134277704422485,-0.4605993392899442
-0.4795574546455268,1.1523684447037796
-0.8183209164685725,-1.11055742905967
-0.8549260643386731,-1.487149849083272
-0.6498927869166774,-0.9663739321299283
-0.4538335496353596,1.2440744296462856
-0.7817293880208928,-0.9459469476786546
-0.7221236805414722,-1.0027195804214628
-0.4682640247998814,-0.15622113307075935
-0.5711214320450656,0.43250631601395734
-0.8658834567538946,-1.3336436586820157
-0.757614471125699,-1.170320704622588
-0.2609628550496958,0.9236506622331708
-0.8579186042393185,-1.2206880771027742
-0.9479580317642177,-1.6623746864820688
-0.7774531352170105,-1.2667264470769788
-0.4150697185071702,-0.001073238971883328
-0.5232725894597732,0.8035498791344062
-0.878563374280115,-1.3454161245553171
-0.8291578203583689,-1.4239813815058884
-0.2317584997642924,1.1030789878964924
-0.6851083532492134,-0.2497256471545004
-0.8080349899458422,-1.0515291624522156
-0.7100753880471053,-0.9745376626266824
-0.4214152460028663,0.0985888509797998
-0.5340162019894296,0.7108767590953482
-0.8055379633854012,-1.050235969523664
-0.7878985674771903,-1.2640919458240223
-0.23988693054762228,1.152064893411879
-0.5997317921311799,0.25505271259300105
-0.9214778254783926,-1.5660593134800458
-0.9930619849853426,-1.7808058641872628
-0.3366896017470684,0.28002395432665
-0.7700830054641683,-0.7233757144438353
-0.6651157636056914,-0.13407092219523048
-0.8254170373615817,-1.0676799324211275
-0.7414848389006606,-0.651443423578847
-0.5577778019670694,0.5818349811102617
-0.6306090877355018,-0.8332805513476391
-0.6211824782073014,-0.7550735694171253
-0.1958352227691414,1.903840197196428
-0.4862180269021475,1.327932600287177
-0.8942901935563986,-1.3866298575988611
-0.4494083110299483,1.6681552055749567
-0.49540009618307557,1.4046845788282019
-0.6928961278836827,-0.8260573605875432
-0.6486484280787143,-0.7508785549178271
-0.6145574246090284,-0.7310736089700871
-0.91281697658037,-1.4775503648543646
-0.25431959128090725,1.2040909094013301
-0.9723380298867442,-1.4943207339038305
-0.6749161410442135,-0.6976032543132651
-0.9250514815281684,-1.538425427217212
-0.2817283103207259,1.2229308097389084
-0.9689102883732694,-1.4865796810879526
-0.6752880104003698,-0.7135511763749192
-0.9211302937214891,-1.518912828772408
-0.2539520204026635,1.3215410356222648
-0.9654872073233908,-1.441862433472952
-0.6830319227782887,-0.7481907311184057
-0.9245562962669545,-1.5119996166893146
-0.2506214858821707,1.34285167647782
-0.9692315142615715,-1.4907657649552515
-0.6868440909723728,-0.7233677877649115
-0.9244185840998811,-1.5215927382656942
-0.2742183862283976,1.324706722420164
-0.9640869312468159,-1.4801493257457046
-0.6802112885885918,-0.7021050057316529
-0.9219934617831901,-1.4788848569064152
-0.3008543937301506,1.2422420323693375
-0.9686746003954617,-1.5068815975612884
-0.6642639648547948,-0.7343912045337833
-0.9205211322802103,-1.4928653106600043
-0.2916442679706172,1.2012768423774598
-0.9676223560802586,-1.4775357201596004
-0.668914495520339,-0.6904049631978424
-0.9193327574559129,-1.53771193452011
-0.3011843077489573,1.185093444977937
-0.9685049443264655,-1.5103088728844773
-0.6619471756032309,-0.7184972020810692
-0.9155229747522695,-1.5287079103101937
-0.3198547817425659,1.162433694010147
-0.9703727517581235,-1.4930626229524258
-0.6545782917560774,-0.6871604001916893
-0.9229475200932571,-1.502900111383149
-0.3205053399035218,1.1226925921007944
-0.9692323831861296,-1.5042422171975045
-0.6509616052530752,-0.667670755493649
-0.9142793507092353,-1.4952104791526155
-0.32582956717160527,1.0857590431711706
-0.9706011467781557,-1.5259231015573749
-0.6408205189726789,-0.6543657597287438
-0.9190011516821012,-1.5133306024606774
-0.3138256382600685,1.1052399774915194
-0.9685517690331452,-1.4931452451037306
-0.6619102405014987,-0.7427514767598082
-0.9159589033581798,-1.4993350303598618
-0.27056953510401455,1.2155123720609105
-0.9637835114109139,-1.4818889537506121
-0.6689095585794298,-0.7066781123415735
-0.9126219127634878,-1.4787999028481837
-0.2436612691053433,1.3262066465780828
-0.9642451963004035,-1.4885509282715832
-0.6751678089956359,-0.7271933873438234
-0.9206986852934094,-1.519564651901912
-0.24461573903537637,1.3401919099046276
-0.9646531717053919,-1.4934700471806466
-0.6727031856926246,-0.7073039764857465
-0.9139934373454184,-1.4831096210916344
-0.24818659432635193,1.3120132428781186
-0.9617779976131465,-1.4563497173015456
-0.674983063613039,-0.7087527984261257
-0.9157028649592356,-1.4842735539683958
-0.2533676400281189,1.2860573449724957
-0.9629965450937856,-1.5070664236445064
-0.6688511095390495,-0.7003858462644696
-0.9220094241536503,-1.49145980468377
-0.26529285758448257,1.1956843112468536
-0.9667292745349959,-1.4858249693838599
-0.6668520127334797,-0.7387585976477499
-0.9217529002449187,-1.505517287106063
-0.26712940646351885,1.2460853931819214
-0.9625943177292972,-1.508990501420929
-0.6625240708415352,-0.7160815929869392
-0.9169819102570571,-1.5189514179718637
-0.2726760194955725,1.1848284581191773
-0.9643921793847545,-1.5004443078718133
-0.6658345758773276,-0.6868797532569533
-0.9170532262407649,-1.4847227162039642
-0.27556455759607856,1.1916667856467145
-0.967190475872627,-1.517272459234729
-0.6583808230634034,-0.6956702307300358
-0.914948285943728,-1.510687274748678
-0.2801993099270486,1.1586875746794856
-0.9665526543661214,-1.511180492075021
-0.6578772237394984,-0.7157120211437045
-0.9184868011722069,-1.514916226934136
-0.2868877027285136,1.0989701301992196
-0.9676045632816688,-1.4703188509003624
-0.6584140834223534,-0.721853400228738
-0.9132999641573336,-1.48863147631001
-0.2897523388993698,1.1344598692604178
-0.9664323909653668,-1.49510811997585
-0.6557100652304167,-0.6523472102875526
-0.9190075845276402,-1.529473062175945
-0.29190763532256336,1.12583329613712
-0.9697669186534217,-1.5037552189481715
-0.6484604296352705,-0.6874714204248553
-0.9140354071663916,-1.4925155149099172
-0.30101832110502225,1.1136155639650187
-0.9663242070148096,-1.4915625991055301
-0.6484110594748134,-0.6666414372911107
-0.9122202002597664,-1.481435211774922
-0.3055208631290511,1.1040273004394578
-0.9672335757764258,-1.4746978375281516
-0.6510313557518161,-0.6815972979131493
-0.9172978320383511,-1.519419533549409
-0.3014441157867825,1.076977336968319
-0.966806407780215,-1.4955974132748309
-0.6532039929403649,-0.6985449550003335
-0.9170627018154742,-1.484067427481654
-0.3148889485883149,1.0559270423057707
-0.9704916535459776,-1.5089576532015379
-0.6478360538923912,-0.6962496510150437
-0.9141554936630206,-1.4925663727732645
-0.31381816924176725,1.0293988215812246
-0.9675463918968623,-1.512177503599587
-0.6502380650490418,-0.7093089578269238
-0.9062235771756841,-1.4962101804026355
-0.31744266118967956,1.0198394754461795
-0.9701691267856585,-1.54417707753355
-0.6494423700930608,-0.6595620856950204
-0.9124037901384634,-1.520054600421576
-0.32188369122496907,1.046770176358557
-0.9691316792734117,-1.5184075189882031
-0.6467706129588293,-0.7055595392446026
-0.9109833132270957,-1.5453475784716626
-0.3234009061467642,1.078759582845455
-0.969416558342803,-1.5208315781669501
-0.6490457528445811,-0.6700566967315227
-0.913145398233002,-1.455441406852825
-0.33845974327096295,1.04566664995409
-0.9690002430341214,-1.5152091173076945
-0.6438512259642972,-0.6903476680430991
-0.9070063103264592,-1.4813426012289694
-0.32922813314008303,1.0106475851718533
-0.96737395532001,-1.5053926805690514
-0.6475805308161173,-0.6581616651203028
-0.9127646610636619,-1.5228807437964293
-0.3283965767700352,1.0437479925996598
-0.9709846329504781,-1.5258805512610114
-0.6455802871360589,-0.6608424312591563
-0.9099888288611675,-1.4986564384020817
-0.3144129384079401,0.9703898731598681
-0.9672089366372574,-1.5101780652214813
-0.6484549278124423,-0.6928388308365999
-0.9120961366050766,-1.4809521601985327
-0.3249044388729486,1.0282496578693148
-0.9681896879177238,-1.5273002907435873
-0.6489402206127457,-0.7186494820461857
-0.9148702914793363,-1.5083001524912443
-0.34217922201267914,0.9757818680335273
-0.9727728153185141,-1.4904838720308358
-0.6501441601486582,-0.707259154599031
-0.9154390428848487,-1.502764324599962
-0.346657361869261,0.9793069935132397
-0.9722638655525453,-1.5300144191350231
-0.6440239327521908,-0.6988080546472998
-0.9141104546616745,-1.4882774736167876
-0.3484817086001022,0.9640232532806274
-0.9719758520192194,-1.5262197795949553
-0.6450909696397774,-0.6606623055446936
-0.9115587218308564,-1.4808830231245327
-0.3304056927914531,0.9346276925525769
-0.9715362532688927,-1.5168953649192336
-0.6336355030279752,-0.7177332896146014
-0.912236357036747,-1.5147158779658063
-0.3526934739230433,0.973133706531288
-0.9691814417478165,-1.510331852819748
-0.637115110036643,-0.6748207115027057
-0.9145301544462531,-1.5038084530221754
-0.3512111613756773,0.8851654312864106
-0.9717480272512049,-1.483395587974199
-0.6432234073056033,-0.696488132111982
-0.9138303153496639,-1.4924062294003668
-0.35500192493446653,0.9261513801182972
-0.9671868991477288,-1.5065546466839534
-0.6397274027511941,-0.6567802898614403
-0.9127388986494658,-1.483262080624119
-0.3614926968688993,0.907263621079599
-0.9683860834591425,-1.487132307868356
-0.6324891671112967,-0.6998334241247364
-0.9144403116564497,-1.513849779695581
-0.3545570040577362,0.8371673839566351
-0.9709029133135352,-1.5363397361642905
-0.6414678877366166,-0.7202939849058158
-0.9108110849609254,-1.5198120813700648
-0.35946693193670065,0.8689421505723194
-0.9725331986099688,-1.5356299948008305
-0.6388084810919685,-0.6778406668836523
-0.91375622784621,-1.4884205414064837
-0.35901103486425945,0.8473815741338233
-0.969394987992876,-1.514458051288496
-0.6375282593479679,-0.7092012374793479
-0.9127996007988612,-1.518534293052382
-0.37317707428734204,0.8564509469049959
-0.971464473249471,-1.5336323859524426
-0.6549739169252882,-0.712981075904513
-0.9123209737980408,-1.4869974349612944
-0.381688129073657,0.7641887096944424
-0.9700072390327785,-1.5321106360499281
-0.45455834469196876,-0.010650941810349979
-0.8613090987393152,-1.3896833078783177
-0.028078740518337142,3.3785470176058277
-0.5664822988357827,0.5657431379430156
-0.5694558286013359,-0.40893027117700875
-0.7479027780272135,-1.1334271125412574
-0.7490458665678719,-0.917424394798739
-0.6227936467493028,0.12094014626848376
-0.5266117127075297,-0.17458840866801073
-0.6689605153986076,-0.8760218868349725
-0.8283642662025208,-1.206765413227636
-0.6545811325730008,0.01897224516766921
-0.42706353935450236,0.26377129119321013
-0.45630187482272244,0.02140613776100775
-0.3669306869177317,1.555289823404427
-0.7468518798534787,-0.44048982501603906
-0.46779510789570744,0.12617996343387827
-0.6010335087066884,-0.5591161682906957
-0.4178252545750095,1.0562625430022716
-0.3953026321842863,2.422223555016823
-0.6882068310676365,-0.7599964895118687
-0.4686585329153814,-0.1951988231363067
-0.7118193307485078,-0.652860438972207
-0.343535748029419,2.7487883214365576
-0.4374489085146607,0.19757873876303733
-0.732432141796847,-1.0144132341628134
-0.4194819793589226,1.1074583835326597
-0.646144741491484,0.2006206455027542
-0.49716000630576007,-0.10983889393652374
-0.8182929284308498,-1.261650377072985
-0.29917658799311964,2.0430665909965753
-0.33379070555222606,2.6648079965710614
-0.4612799443049095,0.08865607997638647
-0.6105346379190245,-0.6268385017026867
-0.2481333713567328,2.9051777699663432
-0.7340777043649097,-0.31402877823767833
-0.590438247946444,-0.5119519157166657
-0.7757940360932413,-1.1884245115207792
-0.2451590119598101,2.7802549057622055
-0.5408462566193777,0.8231463341513214
-0.6244705709807906,-0.6136432453510947
-0.6789513910984335,-0.950269477188544
-0.2427307503128484,2.7911862736361335
-0.47360232028621774,1.804460202120594
-0.5629226280376035,-0.41027437536834355
-0.4926817541590271,-0.26317469609577604
-0.36547950975910715,2.3368629880757443
-0.6583286695669178,-0.743254590062095
-0.9190224408329061,-1.5303642885080897
-0.4693815481668163,0.5049246272049519
-0.426261886716909,-0.005318971633399117
-0.8602671679578282,-1.3994811726372172
-0.14544014987707204,3.0375194292622596
-0.6076724125500312,0.4392110208989037
-0.5522195351356722,-0.3404627415553423
-0.7426049009006672,-1.118478082977952
-0.7755997478646539,-0.9358362747792384
-0.657814556693199,0.04088084227958061
-0.4990203448683183,-0.14517193684653878
-0.6640837301613337,-0.8532338446343117
-0.8506848514971828,-1.2752405896091148
-0.6722377759754826,-0.13659213671118073
-0.41486429779890016,0.19568105184489493
-0.44335959354424426,0.0569553845381392
-0.42718229329487994,1.4581646713030973
-0.7694606022142184,-0.5754206286535315
-0.43895938328395934,0.13846000286198534
-0.601877712283644,-0.5784320129088218
-0.4852037915330777,0.823218219442452
-0.4548543932711763,2.0089979864592156
-0.6674759798021844,-0.77399443482186
-0.46265602509299936,-0.22090647181492373
-0.7430477691705587,-0.741453316636165
-0.37381114313591274,2.5343985249104883
-0.4342296397573268,0.20071641252683192
-0.7349770930458308,-1.0410434017393868
-0.44128823716460003,0.9883295187332435
-0.6562875950029737,0.10901477742930082
-0.4919547395587957,-0.055313184964352224
-0.8223618354727179,-1.316680920169837
-0.32102861221854806,1.9644347168544012
-0.3481090353677453,2.544733915756122
-0.4516567560332264,0.07238783251593306
-0.6107320602562741,-0.6921876420486881
-0.26386894945154254,2.8393709981909603
-0.7385957846306246,-0.4028864136681696
-0.5815027499908246,-0.5172871609192828
-0.7765293095268252,-1.188710012349338
-0.2621343364612375,2.721922921912272
-0.5441065497683935,0.9112072634322439
-0.6224155617944733,-0.5858267870253429
-0.673095513356271,-0.9155136205395471
-0.2514644486677316,2.7484280737744604
-0.4750109795311246,1.7165644192812934
-0.5693644502566377,-0.4495040861127594
-0.4921799429037168,-0.2564172029093122
-0.37483108224561423,2.2225089402732623
-0.6564638603548532,-0.7426092878288953
-0.915908740895031,-1.5174298267107607
-0.4833698117444603,0.4326060531689298
-0.4265544655638037,0.0205894820692738
-0.8646405730588496,-1.3720883684588578
-0.165461272307051,3.109510299653741
-0.6045319996253652,0.4210357179602124
-0.5447957993244334,-0.3314540008912941
-0.7438395412546898,-1.1039618013775399
-0.7813773556848063,-0.9920609674891887
-0.6592425167782332,-0.008967742550567592
-0.504021037862295,-0.13932153879123338
-0.665831837958494,-0.8482335716866918
-0.8566632608957679,-1.2928024256140225
-0.6786689246398477,-0.18288376707782486
-0.4158384520856786,0.2473522109503445
-0.45083876029034164,0.010670980210157555
-0.44085456171617765,1.4233007267218662
-0.7723162375510477,-0.5778799898723818
-0.43800649110714207,0.12267653047968385
-0.5932572419773979,-0.5785281039685561
-0.4828853441913832,0.8194917853591619
-0.45212883434439366,1.9269912334640373
-0.6676408346940029,-0.7387618515485039
-0.4662642526331303,-0.22393875290179077
-0.7417570897980843,-0.7001119127997599
-0.3792843243717062,2.5060953605595717
-0.4273425706846138,0.1950965276327552
-0.7348780163288744,-1.0211667023308777
-0.44684437931447774,0.9578600883388377
-0.6566640392325391,0.07148477456753372
-0.4902283712929819,-0.10570911279622924
-0.8240604284607778,-1.3158456283093587
-0.33039746848164403,1.9794469286898069
-0.359390891637568,2.5333974507563615
-0.2781596534029377,2.806534927655475
-0.7450078989319175,-0.4295972524490325
-0.585105478825285,-0.4485954760548835
-0.7749887545658061,-1.178260485001503
-0.27818248917983834,2.6236430190478206
-0.5596600796224348,0.8569450059212211
-0.6748167928968974,-0.9332165831205439
-0.26262793835122733,2.679362359429098
-0.49472849936517316,1.7264446945432061
-0.571681529749461,-0.43538564269265406
-0.5017170185774896,-0.2891825847373682
-0.37573124446384587,2.2753587362302414
-0.500332366312306,0.4430879490371264
-0.43210334162162867,0.0067273379759881236
-0.8611006237854302,-1.364581588242059
-0.1727796428429198,2.989385651985552
-0.6154958403845373,0.393021146734493
-0.5464871272414662,-0.3135619198902318
-0.7451707092192325,-1.1016772626033133
-0.7870771261660682,-0.956611009628624
-0.667327275981701,-0.03314829373515321
-0.8575754574213186,-1.2087211036871959
-0.6872328937581321,-0.060821201238627026
-0.4047087636071589,0.3250608882017511
-0.45166074565188324,0.12661616813108068
-0.7715236541107576,-0.6196254574432802
-0.4388276406070803,0.1774658683048419
-0.500310621852485,0.7879815124377683
-0.4676867594852515,1.974217971379345
-0.7507832699110208,-0.7508770873001225
-0.3819784529762207,2.4703098549712634
-0.4264698725654111,0.2040003627378708
-0.4653449468725721,1.0229306154677387
-0.6631627692963374,0.07833298674047756
-0.3445599007793262,1.9469521752365921
-0.36707389046631556,2.4949047734594627
-0.6109395152011151,-0.6256276108710621
-0.2890120012123847,2.7442360131982806
-0.7445954443673328,-0.4282590212642762
-0.5888232879168398,-0.4605995114552155
-0.7728976409201235,-1.1968259524216374
-0.2882196832309645,2.6582334764589204
-0.5505165187886788,0.825300625756237
-0.618849607749157,-0.6213191334692723
-0.6805635434903157,-0.9312457410223249
-0.2773753842693029,2.6577631413562974
-0.49398980466007025,1.6697830168657486
-0.5608655295008407,-0.4121856811672178
-0.4860206321289269,-0.2508011569707208
-0.3865539214573662,2.2597527410844642
-0.6619568486343833,-0.7224393608683698
-0.9151789727117619,-1.4704504159671716
-0.4897684738414385,1.4178018947739206
-0.425268274695522,0.03273787376303161
-0.8598968349161903,-1.3986416799594115
-0.16936678969131824,3.0564372392900157
-0.616831218077015,0.38066171404048205
-0.5407388696615588,-0.30065232964849703
-0.7429419179580743,-1.0881386744951342
-0.7894538979348943,-0.9557823594665222
-0.6731244310369761,0.011672135903431469
-0.5083648448002196,-0.14507738147785737
-0.6586788724612941,-0.8134060684364535
-0.6870883927401221,-0.1495266139618692
-0.40765997820072963,0.33185996966406045
-0.4428481006254752,0.06524131287257029
-0.45794658233126123,1.5251486317151104
-0.7813091596991778,-0.5672614969445557
-0.4433211937661672,0.19821959689748836
-0.5940982570595332,-0.555559086051818
-0.50076239987541,0.8786537486632948
-0.4668868173880217,2.118746214952976
-0.6705595600152534,-0.698138335327344
-0.458309824077226,-0.13965687449337122
-0.7568238777702907,-0.6927126077518757
-0.39992598155423265,2.5806068694228435
-0.4274525508668741,0.30624478562635277
-0.7321062622988845,-1.0074071886217801
-0.4625017097202067,1.0726756037657021
-0.6680231095094159,0.15620529731605476
-0.49312034854512754,0.023034005556004655
-0.8252773870329844,-1.2316839417757082
-0.3515967147706421,2.1301151456036043
-0.3718595256952841,2.6402339097490315
-0.45331247319797396,0.16165960978905458
-0.6128437965274848,-0.547367114747144
-0.2986548191779249,2.93718744828181
-0.744724410141453,-0.3178156077449426
-0.577308104378132,-0.37809963833484894
-0.7738011839004533,-1.178867871608999
-0.2872966298777991,2.721712553003573
-0.5620740901028387,0.9845105288871194
-0.6248050803538876,-0.5605764609914408
-0.6755993516975349,-0.8808033966037336
-0.2795368565469253,2.8629880474269163
-0.5057132462135805,1.7956584688221635
-0.5648998115410799,-0.3538847322211356
-0.49129822792787947,-0.23962224479484484
-0.389123580787052,2.469036894049965
-0.6596131906492035,-0.6654642261537358
-0.9134792589983751,-1.5196701331589422
-0.4953278218319015,0.5489582811850604
-0.4398047848479935,0.022322345110856623
-0.8665539244616232,-1.392260002506536
-0.18711485342389367,3.142240478065469
-0.6196841307099903,0.5252471010925264
-0.5495453628898288,-0.30770648116588023
-0.7458553669187384,-1.0384764136267877
-0.6685482496728543,0.39292727899234464
-0.5015074768631661,-0.041115951827707276
-0.6677235897149909,-0.7671129907076557
-0.696498186948364,-0.107401745982692
-0.4121794492017788,0.39539958952778215
-0.44583595894605194,0.1463687862878198
-0.4599562492504461,1.6338534116207293
-0.7838717331725265,-0.5155607642268946
-0.43181893227342083,0.2625711581862608
-0.5940155833045158,-0.4988307499649889
-0.5129208162694185,0.9879578570857968
-0.48376027088905077,2.1547598919498916
-0.6751302696022097,-0.716184906313635
-0.46884000156334954,-0.09472528509535888
-0.7557038465409956,-0.6555510010489494
-0.4166701972627612,2.576576818937726
-0.4314870759673063,0.3205324443182524
-0.7270950031266736,-0.9532855214135643
-0.4721381922728191,1.2200507704533838
-0.6719511735516072,0.20340318897119886
-0.4999088587501717,0.02878577304760266
-0.8207396418887328,-1.242690346819631
-0.35780023088867186,2.2043191024992597
-0.3810256839294366,2.6871715921710964
-0.4526893829472952,0.2292288303425249
-0.6031871561924962,-0.5771383311804678
-0.30377532566412846,2.9827380034280764
-0.747574341362017,-0.32400541701480806
-0.5921565463992919,-0.40552253473483013
-0.7704045679837513,-1.169314061221382
-0.29039782242294243,2.8531604156513843
-0.5590337104877149,1.049906421068283
-0.6229046856585045,-0.557280598085338
-0.6832546438796983,-0.8810711078329743
-0.2971125564839405,2.869537625447593
-0.5016544659255363,1.7790842185674867
-0.5683776585345258,-0.3421138818102523
-0.4903729118312499,-0.24149642347807543
-0.39274907514661705,2.42181499605498
-0.634849729149094,-0.6244404454297967
-0.9118562690008511,-1.4733704585302667
-0.4940755949198236,0.5648568705009571
-0.4185548916454731,0.12385586882165844
-0.8618654085100466,-1.3760696354472137
-0.2108099160842522,3.1433127974062076
-0.6258861455382916,0.4439592237128123
-0.5486373071684382,-0.232920176334741
-0.7384368553913012,-1.0771825709238563
-0.7865657039561608,-0.9371696282401829
-0.6797311171421149,0.07344681817022275
-0.49760877388634234,-0.00541064893209775
-0.6648628264442819,-0.7820460491113037
-0.6978887138676324,-0.06344683583690217
-0.41018397638878656,0.4161526066714846
-0.44695342558260465,0.14773909101006455
-0.4576983538682392,1.7921136849777868
-0.7816657266285705,-0.5957941255935866
-0.5068973823944953,0.9614822629197259
-0.4788009235373223,2.157119292010851
-0.6667765631961677,-0.706169968731909
-0.4721349024895108,-0.06311028445512096
-0.7555035278357556,-0.6856626599706692
-0.40004314788752904,2.546331378292403
-0.4345414654956086,0.27390706987141517
-0.7289510752630258,-0.9619169069767759
-0.4758229036407479,1.107707961609629
-0.6668206571087258,0.15359926155383424
-0.4931755055978664,0.028021521400635074
-0.8208582362022311,-1.3018379647227105
-0.3639376198187887,2.1017691358430923
-0.387470902829274,2.581296705292853
-0.4569551747169499,0.2038489729339985
-0.6203031482419363,-0.5903726241478201
-0.31608730216222025,2.8084945878169822
-0.7587114823927825,-0.3964906878798962
-0.581972636557419,-0.41891748985412264
-0.7815810021448174,-1.1167021448873338
-0.32546679609904594,2.675349066851108
-0.5662109845201209,0.9615812440643117
-0.6875650201457248,-0.883929876270106
-0.30763323832240785,2.740944423634121
-0.5198211840275981,1.7666281620006414
-0.5719926528775444,-0.3287434930555199
-0.49010836844989714,-0.18561921389997732
-0.4037893844886664,2.462525460801007
-0.6600547249347583,-0.6138284616553145
-0.9195750093643398,-1.4561783042985776
-0.5205586011768112,0.5232235947368424
-0.4367845285751465,0.12304985791867085
-0.8627501950364028,-1.3368981478240705
-0.21827745887863387,3.0588695664208125
-0.6330482637874368,0.42327161590040513
-0.5497420400280106,-0.2487111441410257
-0.7495805633974836,-1.0509450575267862
-0.7995534888521088,-0.9234535547479634
-0.6812161965936284,0.05171221493379202
-0.49988801309143366,-0.05374971415888835
-0.674112659480068,-0.7926150636028666
-0.6975105325012568,-0.1225436356915873
-0.4149896442456896,0.3998439499310455
-0.4547138476817578,0.16015005134026328
-0.4754131542081847,1.5597066005327465
-0.792546450865389,-0.5650148326781048
-0.44030902319747817,0.2690002236373525
-0.6000277132861376,-0.5116683880542676
-0.5177164126313102,0.8689728956225833
-0.4842640706096137,1.9560653475077558
-0.6705305085935357,-0.6961547582464819
-0.47161891434951453,-0.11017395729540308
-0.7624023438702244,-0.7286645856683311
-0.4068092792920719,2.464741155426744
-0.4247503419814018,0.29372395166565285
-0.7318722325340148,-1.009655855764974
-0.4660154302674461,1.0765305284228999
-0.6710812568237826,0.15502429309842386
-0.4913164316784019,0.022281388988048434
-0.8251397846701277,-1.2378175735153218
-0.3454090955628428,2.0435568711740126
-0.3846336230979609,2.514321389156124
-0.4526687913044884,0.18410313087822694
-0.6130822488652306,-0.6186986772092191
-0.3152272310662801,2.87153433192984
-0.7514730849932827,-0.37117189465235173
-0.5840584041745632,-0.3838761736437205
-0.7787540946330993,-1.1308519241207262
-0.3061625186712021,2.7290272430376317
-0.5630841143217006,0.9479521326886227
-0.615813655497938,-0.5400170481476851
-0.6827820793363879,-0.9062113949862618
-0.29688947035026103,2.766066495469734
-0.5064550000397541,1.7490216071879432
-0.5616666225135062,-0.34830858041916335
-0.499064028136057,-0.19182035609855458
-0.40595677309490164,2.2327969055759365
-0.655071930528457,-0.6379452256855105
-0.9130223635875354,-1.499045579674415
-0.5175690549147459,0.46889170324044455
-0.42834909819093003,0.05131882772086904
-0.8653128408764016,-1.4002903037212875
-0.2236399895053104,2.9889489074230764
-0.6241794791905849,0.42308459761251654
-0.5468178101483122,-0.30238886699409595
-0.7438605125831099,-1.0445698209542567
-0.7943161772038355,-0.9611443984340584
-0.6819777231843202,-0.06134070329442595
-0.5031478609542908,-0.0935044031805285
-0.6684097762037589,-0.8120264760780542
-0.6954875276342208,-0.17739360230809567
-0.40807076688634036,0.3787088004774379
-0.4407855717530882,0.06836416356526054
-0.4717556876605282,1.491459634264684
-0.7920970008321833,-0.6228626713770553
-0.43643100813683533,0.22248770335043305
-0.589657829686189,-0.526060288506171
-0.5162361563194793,0.8979006780667667
-0.4808752769595581,1.97790110066522
-0.6675367104954346,-0.7240477886261774
-0.47339400720170927,-0.14444363783688496
-0.7670785591351745,-0.7143369031131852
-0.4003055898754231,2.496453742464092
-0.4240002251770201,0.23355126148148603
-0.7311169319805348,-0.977338233401392
-0.47065649901797646,1.00429310391275
-0.6690106978422735,0.08349879562572521
-0.4889265337841156,0.005111834544678451
-0.828663493064727,-1.2723150846990594
-0.38296775935312344,1.9399855801249604
-0.38477891497913397,2.5221112118937095
-0.4519671213496891,0.14142434851033625
-0.6026635400646091,-0.5767202968390777
-0.32436669842522897,2.6846442765693816
-0.7519754329555979,-0.39714883069264156
-0.5883116901605866,-0.4082051742143531
-0.7768298241924798,-1.1474490719681385
-0.3199310518149537,2.589169778371166
-0.5675111720176462,0.9373428765920029
-0.6160024944743148,-0.5896070343930069
-0.6771120467363503,-0.840600714682926
-0.30605788132895034,2.6924425908294083
-0.5116627058685661,1.6340893746532217
-0.5649543872505014,-0.31665718493004824
-0.4935038832866434,-0.18847869510607074
-0.41089294987834135,2.2622705994784673
-0.6539551869505013,-0.6677679808258641
-0.9149253672022855,-1.4808538041996389
-0.5169889943151736,0.45107359497976035
-0.43631557900845885,0.11096713719780749
-0.8605295187570711,-1.3841301647309903
-0.2119240327846842,3.010261018147511
-0.622577363899133,0.41447940981045733
-0.542230654370478,-0.25430705332949627
-0.7469065336140657,-1.0614000519213584
-0.7899168970301209,-0.9789491306590428
-0.6773223747961717,-0.04434219338073778
-0.4873185648886891,-0.028974916002330153
-0.6606459791294392,-0.7898065299027976
-0.6978905453758872,-0.07706049824659458
-0.410269509056173,0.3849842167516386
-0.4452370876989573,0.07812572419388042
-0.4643155188886291,1.567333382724124
-0.7862219073492545,-0.586000704945378
-0.43058241005693954,0.2691232713887512
-0.601943855978395,-0.4749359155958258
-0.5164613996533336,0.8756701527733448
-0.4860972951472194,2.043191141829792
-0.6695249560287407,-0.6860520945617503
-0.47120268322905334,-0.06049112799919287
-0.7580872499904234,-0.6784653201119635
-0.4089759066752854,2.5053019444803066
-0.4302835707516903,0.32859058355610665
-0.729549517296793,-0.9707700734203963
-0.4841952479374439,1.050392266265789
-0.6742257520014584,0.10428128086231664
-0.4913938553093606,0.07448956416727004
-0.8208601170134832,-1.2651447523137824
-0.3642075021774239,2.014446105201682
-0.39162803464346296,2.5631358631566448
-0.4435186698214386,0.32654931750340593
-0.6123819687409588,-0.5521638111962628
-0.31401134033075495,2.835793340337616
-0.7579636888760193,-0.36712359490815416
-0.5911918675828257,-0.3923586015204378
-0.7742476810470627,-1.1870125452547742
-0.3125022779995779,2.6893615528728376
-0.5691259574514508,1.0088752332441664
-0.6278242796299294,-0.563392342354869
-0.6640176663806989,-0.9132105873291694
-0.29296508665827836,2.8117669816451736
-0.5161314399623477,1.7572612499193914
-0.5741740516937823,-0.3832606703919629
-0.5023141952196176,-0.19223961282597601
-0.39365746860476397,2.448523593061532
-0.6322662408488218,-0.6331899856308649
-0.9095613792095927,-1.467519318733756
-0.5017477592954871,0.5318054796500562
-0.43592826290604275,0.09851693115523519
-0.8594628937947948,-1.3780397358803684
-0.19920136674491534,3.012642204990676
-0.6225590316473487,0.41054975610220096
-0.5468612203444093,-0.22508968382856953
-0.7406330324563655,-1.0363459496075476
-0.7866657269070327,-0.9242864773967703
-0.6763899407040325,-0.005549482824403651
-0.5055785314180746,-0.041564707817858815
-0.6611899013642555,-0.8133676961386591
-0.6997552926745615,-0.13791413824414664
-0.41090430077569795,0.3707324968523075
-0.45324538737265224,0.09609016890675826
-0.46135885683675704,1.7510304317373022
-0.7853787827743021,-0.5742855488500875
-0.43258640921877917,0.264780663444617
-0.5898522755673021,-0.4845948497493456
-0.5049633293013721,0.9141664048225009
-0.46470055549708644,2.0675728687308497
-0.6781283675088876,-0.7403055179559276
-0.47369720888211847,-0.10094451127306237
-0.7570703898865472,-0.6765772534321264
-0.41453673721148965,2.5457149112617907
-0.43343003813592806,0.3110760954772573
-0.7340327597705916,-0.9775629354526125
-0.4722800018432779,1.1424583187613009
-0.4810881420315136,0.0008749918004918866
-0.8192018896741674,-1.280008419251879
-0.37274212675027785,2.0352111486324302
-0.3913187367079021,2.536219143605541
-0.4546255989274735,0.18689125243226268
-0.6000818427938011,-0.5957623706416266
-0.32112665280050434,2.7324900555060205
-0.7575472426302218,-0.368894059257607
-0.5879948060156291,-0.41405361357093856
-0.77614554913974,-1.1327975601256024
-0.3059940111601436,2.664367360055451
-0.5736012412307616,1.0675389421115753
-0.6120062217971978,-0.5425725711828082
-0.6830200362355979,-0.8802364369959912
-0.3173582654286625,2.736978314101911
-0.5165894689147066,1.655118319437138
-0.563081731217514,-0.3167298624774718
-0.48636807903252055,-0.18245294239230403
-0.4043075885689123,2.2568616492035303
-0.6607946818261852,-0.6708472108071237
-0.9113051800956895,-1.4655363116960636
-0.5160213285012574,0.4985627056911612
-0.4278856955155641,0.11700267588080926
-0.8588846736203473,-1.3749484808135113
-0.2151682112456571,2.9234938939335025
-0.625175544260541,0.40654011280309627
-0.545748141938573,-0.20712808620700335
-0.7412392398074602,-1.0658408874901615
-0.7974132730585785,-0.9685500612198699
-0.6825051701652575,0.010520444377270455
-0.5018130169039324,-0.01821820325443435
-0.6632482047045313,-0.7916477587018595
-0.6999422905374982,-0.17841589427103782
-0.41368696272744565,0.35355386143501505
-0.4431906412720227,0.12461044657989007
-0.4627831586732053,1.6535620242077016
-0.7931381599394012,-0.5714626512252274
-0.43352547132938973,0.267264268621842
-0.5912168487238184,-0.4914748718432468
-0.5201365559196788,0.8984234843047503
-0.4916144703864772,1.9176244054178528
-0.6759299426627068,-0.6787589979769395
-0.4659624982025035,-0.04684599541952156
-0.7665415813869949,-0.7239656587295269
-0.424253841481535,2.431211040198499
-0.42762902808864145,0.32710222940054295
-0.7368490130726997,-0.9999158104149255
-0.48081406799277515,1.0495545553023191
-0.6744293232576818,0.09345919237996853
-0.49060696547382304,0.0356175567132242
-0.3713390184425901,2.0139140207718755
-0.40345679059887685,2.483178994410398
-0.3128235371456965,2.8458885553843793
-0.7595344464693764,-0.39680852196631206
-0.3080694704878784,2.7382012426791196
-0.5749989606865767,1.039772858412243
-0.3035735102840969,2.7373437492237382
-0.5137610005579943,1.7006346115216737
-0.3972014893506035,2.3175364203387008
-0.7969038195907441,-1.2729226975192558
-0.6397289453597944,-1.0115775295328966
-0.7297365037129723,-0.7965243434692924
-0.7392706901613679,-0.7601995391358145
-0.6240967503549456,-0.9669157479732362
-0.7709867824659389,-0.8184874097618171
-0.6152090239149874,-0.9160559549103726
-0.6369477236890165,-0.9472017401582311
-0.7448268562303657,-0.7676560554295075
-0.6394116802124579,-0.9990827750165976
-0.6784702427741239,-0.5384222093490909
-0.6654227260938316,-0.4750028848806156
-0.6992142345670619,-1.012745823008318
-0.6942587376826854,-1.0464063513271626
-0.6713863895578375,-0.8983915885918754
-0.7062408040353847,-0.8835264627643391
-0.7916836195799742,-1.4142235691235012
-0.7027971065330367,-0.8899534254294963
-0.7862083601210134,-1.38825093796389
-0.70048009607451,-0.8770720727022396
-0.7913917477890036,-1.39133811598513
-0.7924931733954722,-1.4270544713282391
-0.7837504349720357,-1.3852029454768267
-0.7910326052797638,-1.4195644994742924
-0.7907869398368101,-1.4075362488643386
-0.7967340626313547,-1.4269619821872275
-0.791404939438766,-1.4092175167188365
-0.7975790691130302,-1.3999699754666368
-0.7914281211882275,-1.3670469983890092
-0.7926780390682057,-1.3954771284912302
-0.7896169209618189,-1.3964999116977572
-0.7908306404580658,-1.4053743577742321
-0.7941367344861106,-1.404627981964815
-0.7926739826858678,-1.4138508273811212
-0.7903975511347127,-1.4176141057282814
-0.7970232978838319,-1.3978759118367323
-0.7898465100249975,-1.3891913315780424
-0.7929809846027464,-1.4213540965097604
-0.7975487937793229,-1.414426714431758
-0.7909742396866766,-1.4092521934034554
-0.793616950967668,-1.4105006294891418
-0.7940923137065845,-1.4187737413676662
-0.7925588317917882,-1.380623701968819
-0.7969416967298931,-1.4073396656350199
-0.7943328736560129,-1.380789382739378
-0.7974621404756415,-1.392957080419943
-0.7967095956488058,-1.392158834589099
-0.7938262014690506,-1.3429696787611731
-0.7948197138514461,-1.412244497427559
-0.7992979067970102,-1.378089784948285
-0.7956854486880937,-1.4179719399964288
-0.795371136166662,-1.3961744155174824
-0.7941504281374399,-1.4020085499805193
-0.7961376137614498,-1.3596267818602399
-0.7974649515469961,-1.3953861146994735
-0.7944877370885033,-1.3978120488314847
-0.7954552139086681,-1.3922361497768538
-0.7929733344106061,-1.3712589259680859
-0.7971273844439792,-1.3945430094771059
-0.7947145632517517,-1.3764478787934111
-0.8010484333886831,-1.4007202332057873
-0.7903702209562758,-1.333263087288762
-0.7994875218350264,-1.4042687541054155
-0.7950076749184395,-1.3817980424213174
-0.7974597223964366,-1.3965110818298079
-0.7958573006955301,-1.3849506206477176
-0.7983572567439821,-1.4003075820413733
-0.7970542068661532,-1.3538230829047013
-0.793071775415393,-1.3898605791665426
-0.794723565645688,-1.3974446250503778
-0.7996140904753739,-1.4091037333778493
-0.7965792401907255,-1.420049979369093
-0.7995583299077408,-1.413250457207153
-0.7962028218855898,-1.3994936576682655
-0.7994911633159719,-1.401410603620375
-0.800460833637295,-1.3734492875496838
-0.7952922606777093,-1.3822195987691568
-0.7985311385702066,-1.3643536001538215
-0.804032845865702,-1.404168639512852
-0.8022669654073258,-1.392256991593879
-0.7994329271774886,-1.3729108113270858
-0.8055571113035126,-1.3863208205150548
-0.8026648555184829,-1.4103380421487854
-0.7959904675049884,-1.3566146099489516
-0.7946266194783212,-1.330268913608449
-0.7929625758151291,-1.343376911509894
-0.7901942021106895,-1.3634535791217544
-0.7834001640573897,-1.3229099494253764
-0.7743132781858157,-1.2589753239631014
-0.7680976924586893,-1.2866501271401034
-0.7568295802505747,-1.251733715159126
-0.7496567328718694,-1.2257151588436668
-0.7390736714816784,-1.2206857919426979
-0.7339674699886535,-1.188460562294458
-0.7316491240975069,-1.1868904985639275
-0.7199223370536041,-1.1255526304917445
-0.711095809998117,-1.127217091631735
-0.7117605412558036,-1.108946832928849
-0.6956646636218029,-1.059249366620973
-0.6994626105240332,-1.033850355464068
-0.693802897002287,-1.0429524185909123
-0.692758313566868,-1.0177101653992202
-0.6897995579511842,-1.012141855865665
-0.682753301279537,-0.9884735295266531
-0.6857038981563404,-0.9784989307277092
-0.6773842667194135,-0.9705213081130506
-0.6754831828864851,-0.9631627605099862
-0.6771187909501054,-0.9457614275883197
-0.6742982194068389,-0.9618547874664616
-0.6699952954516678,-0.9371324783930262
-0.6706619273001828,-0.9071832364166801
-0.6692148589421538,-0.9446832211791139
-0.6698094051671517,-0.9137436186419106
-0.6700378288498073,-0.940728431683447
-0.6677246401995854,-0.8977854522050923
-0.6699975215482362,-0.9100394017435598
-0.667550456838096,-0.9279544900323329
-0.6606226093115045,-0.9457677602939891
-0.6390351471026333,-0.7395971915215249
-0.6304087015857825,-0.6591545901439753
-0.6332615630199203,-0.5998339654419119
-0.6298049935669848,-0.5385409960619024
-0.638060196130275,-0.5647076376607518
-0.6397328292110118,-0.5698024338571765
-0.6477503635981953,-0.5433581723288436
-0.6333640723999213,-0.6293490024413801
-0.635617235598594,-0.5944169464247557
-0.6960154941395164,-0.4580007179857227
-0.643229287376223,-0.7701113812607346
-0.6630790048637807,-0.8024690141764701
-0.6593724718587325,-0.8117245340923616
-0.6589495195955188,-0.7764183515902461
-0.6590987708845983,-0.8267033782900741
-0.6673015359385208,-0.7961468604981599
-0.6493442842747829,-0.8142696684318076
-0.6831334525640018,-0.8506486713003591
-0.6795407805398399,-0.8881196247102845
-0.6931490774471267,-0.9031256775360479
-0.6894277520874513,-0.8041580806956927
-0.7002861588877048,-0.9071880051394805
-0.7016754938471348,-0.9093086374088513
-0.6937333062615867,-0.9157203525784658
-0.7319931801532488,-0.3624648360400722
-0.7318381996668382,-0.35111028588932836
-0.7546443768883145,-0.4647303154821133
-0.7553220787740338,-0.4110063511655946
-0.6394267662872819,-0.6653858152250112
-0.6508735618405281,-0.6856324706407753
-0.763631644350976,-0.6516433603384142
-0.7538864463145044,-0.6527023874141227
-0.7557143877461727,-0.6295442515654117
-0.7544997826168148,-0.6041993518924733
-0.7652551598003605,-0.6642679824574598
-0.7523496142172806,-0.594137549460574
-0.5833351089534115,-0.6550601132367264
-0.7549602444913065,-0.7486671982591349
-0.6207230905907585,-0.8848531191122417
-0.6134344205986189,-0.8117038271328407
-0.6240079002754323,-0.8983535039540094
-0.35511239933047845,-0.4032990023619828
-0.5414107175069233,-0.5144815712998696
-0.7677972302299912,-0.726662921418802
-0.6114012522021838,-0.7776627944547145
-0.6086219649898906,-0.8656174683610274
-0.6041901633567031,-0.8332159085893462
-0.6027459853006417,-0.7631721674840005
-0.6157777860214227,-0.861926154167262
-0.3526946830710767,-0.5929346260892957
0.49670634635943756,2.8308812560799694
-0.1317002133054569,1.5111751900155226
-0.09428057693288228,1.6578897700591844
-0.7058227284815066,-1.0321751578833005
-0.5808198575535325,-1.2004134116665028
-0.5734622195325165,-1.1469665274412169
-0.5733801853647967,-1.1365765857886023
-0.5593446190616387,-1.1486448166572363
-0.5757565481033364,-1.11039604448775
-0.591114284920957,-1.0723757621504606
-0.5866418800696287,-0.628666312644373
-0.8298536337947566,-1.4031905099103261
-0.7544445952521125,-0.5083435848275454
-0.6203607743779208,-0.646198388253581
-0.7652225099700933,-0.5276254547027679
-0.6342691948707267,-0.7675926216185955
-0.7591582200811066,-0.5588178993969365
-0.6208085197477049,-0.6845022900470125
-0.7638047450599759,-0.5815991228831006
-0.6184303468325307,-0.6862763921616346
-0.7716606370455061,-0.5335153581844432
-0.6174415532457235,-0.646242177708843
-0.7709685416502227,-0.5201382909243715
-0.613515675203313,-0.6569426770461608
-0.7817290309835708,-0.6853157636196561
-0.6048699796793165,-0.586951406729403
-0.5972609100447581,-0.7745921534885472
-0.6140263573943476,-0.6435793009755095
-0.7782322161378096,-0.5679587068419636
-0.6130314562957858,-0.44696222842396816
-0.7751813020331149,-0.5891883283041484
-0.601539024179042,-0.6945946457610014
-0.7746171603245298,-0.6542017418454567
-0.6054638924444998,-0.6683652429017417
-0.7861112030192854,-0.7831765891382574
-0.6146125640265764,-0.6851371037687158
-0.7734243635894009,-0.6087420636066048
-0.6150596901179051,-0.6215061398169773
-0.7778659669584196,-0.5900570614723994
-0.606628840205307,-0.6117923659725533
-0.7858966588227316,-0.5790326090450164
-0.6084922335339172,-0.5319169788090644
-0.7843372535649361,-0.5093870554342166
-0.6136065090862975,-0.5064455643942032
-0.7776454782690039,-0.529844738372146
-0.6126978991024428,-0.6416276271287891
-0.7857726526345608,-0.5451744520098387
-0.6112398096739662,-0.6111548504314086
-0.9099463769666648,-1.4307441289857221
-0.6148872481932895,-0.52237416962861
-0.8287901054244745,-1.064425790423516
-0.6013013133719101,-0.6124202409787389
-0.8706474157254873,-1.2635299276400713
-0.5824785392965482,-0.5298946870748409
-0.8641127153796759,-1.2411122340059275
-0.6040391199270672,-0.550322427446315
-0.8540423804491124,-1.216929837707492
-0.6188419399882424,-0.6320746812811822
-0.8497503795810342,-1.2218891629331274
-0.6299298177093984,-0.6867302001655249
-0.8473899551332315,-1.179961551302598
-0.6389887117722638,-0.6850078349158417
-0.84510005977867,-1.2603473510068053
-0.6455382733909519,-0.7421381100697027
-0.8502476288969065,-1.2568038584684893
-0.643679124202941,-0.688932486747919
-0.8454627729065678,-1.1882362002910896
-0.6520058862357588,-0.6911570920999427
-0.8457290515189175,-1.1598232771174184
-0.8367762302776904,-1.0695410655641966
-0.6483476306339877,-0.5041193348707151
-0.8433880966684988,-1.2674593244970753
-0.6496478520038071,-0.7593185204262682
-0.8386682892535559,-1.2654216789044255
-0.6545797169934988,-0.8200863438750785
-0.7929234961847273,-1.118136976379458
-0.6574104388545698,-0.7163102666580996
-0.6622906144629521,-0.8200149782643238
-0.8443247213017155,-1.272838309055139
-0.8442073380566419,-1.3001682865603557
-0.8459138996102914,-1.266897426580461
-0.8108775659193782,-0.32810348391559657
-0.667716569656498,-0.2426631755836008
-0.7566768342443388,-0.2866566179589366
-0.8121139241966313,-0.9456700804256646
-0.7490824677731183,-0.24196164701650613
-0.8231765544667947,-1.0015024642856918
-0.7463091534351318,-0.21834109920030648
-0.8223749876634499,-0.9982646174934715
-0.7468456744131338,-0.18115188353362505
-0.8273551018350929,-1.002061617856253
-0.7461431670990594,-0.19067330946993988
-0.8306576613428626,-1.0192270956040363
-0.7451753614149152,-0.29579147094069125
-0.8228088916226751,-1.026841993584693
-0.7469401175709647,-0.2812536687561945
-0.8316799506982966,-1.0632718522102058
-0.7472576353526101,-0.37530662889977195
-0.8319853916402564,-1.0865649921318523
-0.7481215272523526,-0.38998287827199474
-0.8279706453168277,-1.0596061121628002
-0.7443204201281804,-0.33899208284705074
-0.8320583540233364,-1.0944716406325736
-0.752730246758877,-0.3360058601503757
-0.8308511633985834,-1.0771885890474573
-0.7382896551558268,-0.22741537156480884
-0.8373106330401248,-1.0803897975028067
-0.7411221063906113,-0.3308602740040771
-0.840699724236626,-1.0510630750767385
-0.7470685981801559,-0.36344345664543154
-0.840520456008404,-1.108519394569714
-0.7517201366751356,-0.27766534840253654
-0.8413815135191639,-1.0855835982101893
-0.7519453409098413,-0.24044962639551715
-0.8441474280015026,-1.1041916871364617
-0.7512414562211354,-0.4095432890273199
-0.8501135804475781,-1.06603036387283
-0.7438152121670955,-0.3135039707366992
-0.8413070816169246,-1.138909722753866
-0.7454556031954005,-0.4690553330896021
-0.8461204762411347,-1.1272895036300374
-0.7502353336647224,-0.20905256417926754
-0.8477249910896125,-1.1287747350529405
-0.7466598226839732,-0.277540608937937
-0.8583204336350466,-1.0960636541225162
-0.7431606005142789,-0.3218429865000858
-0.8459092289159706,-1.172498010214973
-0.7470525465236992,-0.43919359382369216
-0.8521050777461083,-1.1351358923953232
-0.7436400287544804,-0.30722836091789774
-0.8481753316853851,-1.085421288831115
-0.7474453720558747,-0.1997875398210836
-0.8634210348473623,-1.1101854517264313
-0.7505376348721511,-0.3037464723881803
-0.8517684271811534,-1.079330820279469
-0.7421575903390487,-0.3017918707170524
-0.8476820353551645,-1.1181887260913566
-0.7461072834972031,-0.34752647682393123
-0.8511418344814073,-1.1373158273796886
-0.7400147199261534,-0.3427731142171305
-0.8602128654604988,-1.1879588778137613
-0.8183923523700535,-1.3615641073574558
-0.6342965283556251,-0.2926195130743764
-0.8053000183157599,-1.3156944002143869
-0.6595047812427791,-0.308368163019623
-0.7880939381454481,-1.2999330616237643
-0.6709022431472746,-0.4857493269734331
-0.7829252102734233,-1.3539715238786039
-0.6665091592348061,-0.569804785726117
-0.7798406756570151,-1.3142089678214213
-0.6678850756785124,-0.5893745085688842
-0.7778949427233153,-1.310447963715211
-0.6744241407634755,-0.5056512795235637
-0.7880964851383911,-1.3123777330630646
-0.671200539645902,-0.5236631840936402
-0.7804359397160134,-1.3180749466208637
-0.6739183513195319,-0.3715247516380126
-0.6727985029523923,-0.2972569925601525
-0.7747788171664671,-1.1666048051621467
-0.7813653443499757,-1.2240266918675287
-0.6773589640614638,-0.37007111771333323
-0.7794235638763751,-1.1575802433192437
-0.6802727031709028,-0.4645083627761808
-0.7794281166095623,-1.2026580517200574
-0.6767602578615146,-0.3225561963525269
-0.7804584168276543,-1.2245479534546682
-0.6798992177346489,-0.2814895402685187
-0.7734582191334368,-1.1617279149982136
-0.7762072292146978,-1.1574386617075951
-0.6777479940768641,-0.30991281665693315
-0.7759758727008833,-1.180614056573585
-0.6799630025165684,-0.2803242783441817
-0.4817366476267461,0.0687782463336673
-0.672321001197971,-0.26459855376678326
-0.780807763766606,-1.2376700406291963
-0.6793734465790602,-0.5218271470843501
-0.7833941738840935,-1.2359534752446681
-0.6670342191163133,-0.4937974435894731
-0.7780061285118121,-1.307578537526182
-0.6674559703072586,-0.5258638410841026
-0.780720956430357,-1.257843499805429
-0.6812258790430816,-0.30563901514896225
-0.7839222734419393,-1.3092188290764317
-0.7814164072049015,-1.2481894773026538
-0.671756243670807,-0.33568271262525895
-0.6780347779480362,-0.45962742406154855
-0.7801262543501151,-1.3090258010918803
-0.6766523809914526,-0.47592244055449845
-0.7875442537071781,-1.2751967242111317
-0.6740201659994641,-0.3977614091750471
-0.7832168504345044,-1.344494429892872
-0.6681469410903611,-0.5668760382680302
-0.7778955618267114,-1.3765365301000285
-0.7767967492054363,-1.3766990918822697
-0.8249605982744979,-1.609473071929662
-0.7791546684121393,-0.896334606334882
-0.7355607984128214,-0.8096817110786494
-0.7382389413628981,-0.8050558812099484
-0.7388408136246495,-0.7800732698073611
-0.7013817633718997,-0.7275318222942848
-0.7398067089449887,-0.7796565799889273
-0.7349849937634596,-0.792216610472706
-0.7379529987723136,-0.7227302199690271
-0.7047689733131293,-0.689409834743117
-0.7559230480101862,-0.7375393114757081
-0.68386807195108,-0.6108480830737912
-0.7557165422627568,-0.695710368466995
-0.7409134946942126,-0.6423776685562946
-0.735944106566288,-0.6426147391946284
-0.7357919224109077,-0.6079794450672993
-0.7319027905615066,-0.5942534961532137
-0.731285106214079,-0.6033928981183332
-0.7307292967582514,-0.5407826208601265
-0.7437492217055423,-0.6247170703980427
-0.7361262514903237,-0.6049038072589461
-0.7382702299402025,-0.6395729374771137
-0.7374677276454973,-0.6504201803035038
-0.7338198276658994,-0.6137063913095699
-0.7380791140283149,-0.5927808985461844
-0.7309501986071935,-0.5678784933536196
-0.7391814134318941,-0.6525920713558704
-0.7334344950844152,-0.6328662816357589
-0.7396745581050271,-0.6241398331734735
-0.73838113088279,-0.6469256774114365
-0.75045363397628,-0.5938566728489479
-0.7425146059883554,-0.6063394267806921
-0.7407226123727888,-0.5622738441453019
-0.7365261285726934,-0.6342330130332954
-0.7439124521694516,-0.6039777135473253
-0.7401835379836708,-0.6131155514442828
-0.734572290250109,-0.5953598524285085
-0.7406447602482776,-0.5812974767531387
-0.7388490448067137,-0.5643170085972407
-0.7422571989734414,-0.5916030344336116
-0.7384259638807131,-0.5847866593859672
-0.7380078522487589,-0.6349348907894474
-0.7352360073999946,-0.5663577332021194
-0.731963991456712,-0.5517814207654215
-0.7321650300841851,-0.600870926724532
-0.7324644555014712,-0.5941764556078162
-0.7291797248189384,-0.5504340490124269
-0.7331663832251638,-0.6014888572183201
-0.7317740217794074,-0.6153219526691592
-0.7299714089452674,-0.5533482700393106
-0.7311319398564178,-0.6324220337405364
-0.7300797565781161,-0.5538283438995575
-0.7345004182910428,-0.6162008423439826
-0.7362048743675882,-0.6182987431593625
-0.7329924647496996,-0.6137592778959051
-0.7334387046091609,-0.5785136643185946
-0.7346469353769021,-0.5860418659519282
-0.7287565941306458,-0.6132850548584634
-0.7327033611731356,-0.5863330656252823
-0.7238193158652678,-0.6114468544672047
-0.7338464124797476,-0.6230876041074328
-0.7406190493847771,-0.6180475434304767
-0.7239572214597356,-1.08042105321009
-0.7646237788610089,-1.1647998535986743
-0.7580906133768375,-1.182000196155216
-0.7735121548246201,-1.1684453744510066
-0.7521191464143895,-1.1781616754160593
-0.7832175522881215,-1.1903137219726625
-0.7949327395170114,-1.209107982426657
-0.8015902229700543,-1.1967633443217147
-0.8029531722257596,-1.218277445564841
-0.794361212947315,-1.2260721653211848
-0.8026239322624822,-1.2222948231787256
-0.8067604193669944,-1.20617152072058
-0.8065321220545217,-1.224356493833598
-0.8103515541334667,-1.2085545325977423
-0.8069124433355495,-1.2214621628502422
-0.808963461562463,-1.2051324814341435
-0.8070523107386802,-1.237558355122049
-0.8116533033541775,-1.2279449971455967
-0.7996523737687758,-1.217469859635913
-0.793917330301837,-1.2133121367794868
-0.7824342455876026,-1.1746837212657235
-0.7772859291560035,-1.1973274721728282
-0.7704486122493274,-1.152822095257863
-0.7763610216625436,-1.135323537386093
-0.7784723466261032,-1.2004259199066163
-0.7801339365750447,-1.1822699453743093
-0.7805028413132906,-1.1957116388389224
-0.7925330002931164,-1.1842982846675068
-0.7944258769703749,-1.15912964581994
-0.8021400902479279,-1.2388085124753163
-0.8061783711349533,-1.2049304339097042
-0.8058281205728477,-1.181443585239924
-0.811539013024785,-1.2107981339276548
-0.8060721636410564,-1.1935415821463782
-0.8107470715399234,-1.2676479401298122
-0.8140117614604797,-1.23695377265463
-0.8112185712335198,-1.22023299024857
-0.8103130818175304,-1.235737026763244
-0.8100190069211579,-1.2668347602748
-0.8105303313887524,-1.2097126016073751
-0.8119924855730575,-1.245987619542783
-0.8157662090309276,-1.2803041554230723
-0.8067500132650185,-1.216123174932749
-0.8078554073871663,-1.2520368183630275
-0.8058272240620539,-1.262157965992048
-0.8144547526275516,-1.2381705720107887
-0.8102774284976408,-1.183352253868011
-0.8179960392364813,-1.2469285271065738
-0.816076450925486,-1.2156480287760447
-0.8169891173007039,-1.2176800413298305
-0.8148672629541094,-1.2107286403476816
-0.8151657422911354,-1.213845984904911
-0.8162104525630989,-1.215007144792437
-0.81194551154111,-1.2145636267525959
-0.816709132888789,-1.1966018490163417
-0.5736861644434305,-0.9446526185997581
-0.5744710892156284,-0.9260692327454645
-0.5683035736374575,-0.9104551793800315
-0.5799904181660089,-0.9059575033873208
-0.5732282617721609,-0.9046111397106085
-0.568778474635254,-0.9089987799029653
-0.5699314668930061,-0.9097720766681281
-0.5962974833944836,-0.9626756018586478
-0.5594004237708992,-0.9721215723856518
-0.5747248633485404,-0.9591267420075369
-0.5664296637767687,-0.9537203397072904
-0.5624781198541249,-0.9009661208295201
-0.5607064855783821,-0.9118179066651513
-0.5575571690074862,-0.9510197045870539
-0.5603290911250851,-0.8990672912175339
-0.5530765664932428,-0.9381221274099971
-0.5573824222254211,-0.8929075009253962
-0.5459340799563605,-0.8598079406999375
-0.5440928115857283,-0.9240171959377448
-0.5374504922327488,-0.8849107817438242
-0.5526659098185489,-0.8776767826723084
-0.522379934929195,-0.8813143985262817
-0.5353093032725267,-0.8808674473731155
-0.5304122480456146,-0.7716545669125194
-0.5461826293628474,-0.8341659238501333
-0.5422406732912647,-0.862310727044671
-0.541266163318201,-0.8341208198933903
-0.5422345929390143,-0.8872123552410052
-0.5420484543536559,-0.8738301024345627
-0.5475730117096952,-0.8831914019221241
-0.559064257827162,-0.9048502047192071
-0.5558147342531348,-0.9228121855420612
-0.555593796151721,-0.8804226578540006
-0.5520158869224192,-0.9090670284213489
-0.5530803740845124,-0.9033749637276549
-0.5575602330098577,-0.9123979388243473
-0.5588903882382339,-0.9006654272556462
-0.5493224260514443,-0.9086525328016288
-0.5554917763055587,-0.9109225545173449
-0.5514645579679787,-0.9269624860752155
-0.5469863579818367,-0.9033186266980144
-0.5499061617880728,-0.9119506949145406
-0.5499016732091622,-0.9575618144254701
-0.5458325374782564,-0.922491906248925
-0.5476101582268897,-0.9070423526090088
-0.5425579086398935,-0.963524944013352
-0.5499354307123201,-0.9159051248643795
-0.5944840507103002,-0.9335633640292109
-0.555520052092553,-0.9390667666585355
-0.562723959799938,-0.9432081341300984
-0.5497268385287091,-0.9825926097009681
-0.5473340365698979,-0.9420948930186701
-0.5494823688404478,-0.8831778558600156
-0.5561558441285723,-0.9413989338533346
-0.5514137881787604,-0.935345655420404
-0.5471847566822813,-0.927824827244202
-0.5481328709751625,-0.94639212664855
-0.546780269856814,-0.9360258258351231
-0.5564423447911394,-0.9266707507534913
-0.5516877381423805,-0.9200336370085942
-0.5570067352781597,-0.9330874248933805
-0.5469178108811783,-0.9608827399316355
-0.5515630020615119,-0.8854239219663673
-0.552526023557185,-0.9862262096374621
-0.5566910963796843,-0.9274233223384092
-0.562584448434259,-0.8825845342128797
-0.5606538288653393,-0.9534832645708822
-0.5645585799547711,-0.9583560034273648
-0.562367465846886,-0.9330295151371526
-0.5584795982738042,-0.949301395648813
-0.5673247003889308,-0.9577286773664968
-0.567866716263166,-0.9678222816923103
-0.5604616307635698,-0.9975593286228184
-0.5646662434898753,-0.969709150541463
-0.5694414926596267,-0.9741391160250883
-0.5519553839204702,-0.9014648651405412
-0.5439759377558903,-0.9583895124558788
-0.5475275958778189,-0.9752435502276107
-0.5422435502593462,-0.9861222405795553
-0.5417930608358522,-0.9296230820212308
-0.5452078113827918,-0.9819397561367564
-0.5527221819134228,-0.9845520811385584
-0.5430931484152325,-0.9796333104368931
-0.5462891501954141,-0.958945865025203
-0.5570556966292082,-0.9820651247604573
-0.5444196738633373,-0.9487004743954461
-0.5486287977917437,-1.0121894622883785
-0.5381438111979908,-0.9586977576694546
-0.5356788082250318,-0.9774242918616698
-0.537909126199941,-0.9724720281221677
-0.5659268535725,-0.9683957003629808
-0.562927702586441,-0.9845085003942102
-0.5659532926660599,-0.9836331360838073
-0.5634906585823733,-0.9759793140689625
-0.5597234603997664,-1.0098652478272785
-0.561809030214922,-1.0196525892776227
-0.5613920289750536,-1.0082944598691788
-0.5800362340683198,-0.9901312007054599
-0.5656039823577975,-0.9973083844381003
-0.5603257217825056,-1.0002849536206473
-0.90881713994218,-1.3731243827020483
-0.8899614671234249,-1.3165256944648127
-0.8762193261672104,-1.2970703778039567
-0.8743115747245132,-1.2616201007842789
-0.8624487649127421,-1.2476393344796612
-0.8560105177138202,-1.196332810344876
-0.8476656070543004,-1.1710855758594536
-0.8437480939413755,-1.1084450203115448
-0.8382290873345213,-1.121165322148453
-0.8347424829822685,-1.0957257928491395
-0.8280210751698203,-1.052229175785718
-0.824621275509351,-1.031410203935068
-0.8211165468563286,-1.0284463802029553
-0.8188672185252245,-1.0331399088067954
-0.8156277062230114,-1.0012066510810658
-0.8138812137209998,-0.9772913081339809
-0.812149249898601,-0.9967614455905074
-0.8084889039313631,-0.9556856701567018
-0.7985686590025542,-0.8996123217171477
-0.8000110065518551,-0.9101272597603292
-0.798664440615393,-0.9391100960280476
-0.8008256222729886,-0.9297937456118268
-0.795866238875033,-0.9079229301859579
-0.7918650270260297,-0.9180408084064768
-0.789150971875879,-0.9067863819595305
-0.7901137365310057,-0.877277139253009
-0.7835563768096983,-0.8371567431265823
-0.787787864153072,-0.8495146366947621
-0.7861704801847784,-0.8493021112043495
-0.7830412686227747,-0.8775853658423669
-0.7771653381367171,-0.833257907551167
-0.7764552176170987,-0.8234614553507695
-0.774709766704868,-0.8668201849662069
-0.7768525622628272,-0.8286212603710421
-0.7758135917344333,-0.8567429772878081
-0.7755572372329748,-0.8491310925449884
-0.773063651793497,-0.794012737511943
-0.7683468382861195,-0.8204142036982238
-0.7756238806549036,-0.8288710944089077
-0.774603442420688,-0.8444592392560082
-0.7744595918098062,-0.8238774966987004
-0.7746014556599768,-0.8123694639877124
-0.7744677525282462,-0.820628181158831
-0.7564547348731674,-0.8144148815127044
-0.7699219823086355,-0.8132351280552479
-0.7700988789199295,-0.8019457150596683
-0.7680072726890731,-0.7962256429996755
-0.7669496232874159,-0.7832835895143883
-0.7670077552217268,-0.806262677588123
-0.7679256506813409,-0.7890401731684256
-0.5781392663881716,-0.8621332912392456
-0.5831859510063122,-0.8683045175240796
-0.5818142707104784,-0.9001409179615176
-0.5782154254607169,-0.8675557610835518
-0.585633531271133,-0.8822038800115184
-0.5841924421110085,-0.8632068870357741
-0.6072017252663882,-0.8536013976891563
-0.5861465527253034,-0.835904129219653
-0.589281609461497,-0.8768085113221789
-0.5896217719508773,-0.8440563174426445
-0.5889982580025708,-0.856368737433784
-0.5926831049211386,-0.8644677412622304
-0.5952858744798809,-0.8533576699215657
-0.5936667618494151,-0.8814950522354048
-0.5967229617260469,-0.8492180996298146
-0.5942550836838427,-0.8515669383777693
-0.5920894361202426,-0.8604143671810858
-0.5997965589630126,-0.8577692757274753
-0.5961966636495114,-0.8630821150848373
-0.596470402669703,-0.8706225588965029
-0.5970802674957788,-0.7961875653529162
-0.5953890406177923,-0.8712147327949116
-0.6059564349778696,-0.8130026102713961
-0.595605640459313,-0.8637294872033578
-0.5986597076738575,-0.8687747461332944
-0.6023239750436646,-0.8671661717596735
-0.5980880865179417,-0.8782779189071122
-0.5998522248659844,-0.8750499620571175
-0.602462800545546,-0.8556383012103395
-0.6020065222490398,-0.8853740490728625
-0.5989616696309741,-0.8764836092263417
-0.5978839659618866,-0.9208684332451185
-0.6011551740112014,-0.8886540347452543
-0.5992774651506254,-0.8565149778077035
-0.6037096513150572,-0.8800988860080645
-0.5955223807557616,-0.8425726118978041
-0.596619082007315,-0.8179441698426404
-0.5951430150882531,-0.8964849496338718
-0.6042818256714779,-0.9061196356372112
-0.5999287916228604,-0.8782228153376945
-0.6021912475229846,-0.8408547911376858
-0.6035681691881732,-0.8317541629745762
-0.6044043193684888,-0.8533815048511149
-0.5998065524074434,-0.8807155772467772
-0.6048778058474189,-0.8929684334156767
-0.6015089777564837,-0.8838224904846912
-0.6047964122286648,-0.9105966645919801
-0.6026502502499607,-0.8984428127453912
-0.6044185769394321,-0.8861347364034582
-0.5996811413668328,-0.8568751933450385
-0.6787390475215178,-0.6325224984502762
-0.6917113474276781,-0.47065519316051474
-0.7174744890661283,-0.5934445138187983
-0.7273016700831226,-0.7376878790961066
-0.7307123276585117,-0.7584661336017173
-0.7303771733391673,-0.745521980750081
-0.7448953324595387,-0.8116703125177738
-0.7279117812244775,-0.9167440942749454
-0.7475670977763904,-0.9860308086829215
-0.735645104488241,-0.9055322864561342
-0.7515011403176264,-0.9419922563575007
-0.7525031806465927,-0.9415101869525733
-0.7575466793745699,-0.9253563773237605
-0.7598269746265591,-0.9310359103091221
-0.7552478990145208,-0.9388553966655875
-0.7679206244259811,-0.9640417926695195
-0.7635296932564304,-0.9653880507973647
-0.7645050162494227,-0.9742697767533044
-0.7660281237407557,-0.9433314454853787
-0.7728701264059745,-0.9784326416857476
-0.7671450660992529,-0.984759896980338
-0.7746754773394122,-1.0139997029576937
-0.7757398896051294,-0.9603272539395071
-0.7721740297542095,-0.9548307240592193
-0.7761329389663328,-0.9846260026750047
-0.7754570413301995,-0.9844743313267301
-0.7797166351007601,-0.9926118079221429
-0.7764294389318953,-0.9691231032617562
-0.7715248948528624,-0.9630202726656307
-0.7766094953609874,-0.9546802379166082
-0.7732031776637905,-0.9786741422716345
-0.7757068371608289,-1.029995632046175
-0.7695427390492753,-1.0294827072909425
-0.7748795021545822,-1.0007311935776058
-0.7731224604334146,-0.9678865114992528
-0.7685802942323087,-0.9996028067847453
-0.7736374457866482,-1.002282649831617
-0.7745375884325867,-0.9828906437672771
-0.7720834876831573,-1.0322349490253888
-0.7720639752619964,-1.0326929497668575
-0.7716039808408403,-1.0041727822678457
-0.7706292349488784,-0.9785223584111196
-0.7765771389449755,-1.0496861733243201
-0.7716548931131858,-1.0587498394822206
-0.7657236175062192,-1.0108043078743825
-0.7699424658128979,-0.9927310406364536
-0.7734789668628739,-1.0509250867084587
-0.7708636065863204,-1.0088303578646824
-0.7706398522795088,-1.0457308105911838
-0.7717020523115228,-1.0640859095823474
-0.77445035453386,-1.0248334663334009
-0.7725140329179774,-1.0591447121394708
-0.7714516647977945,-1.048271626626894
-0.7815762188739119,-1.0640138627433808
-0.7739182534140636,-1.044781827789331
-0.770762461932668,-1.0975330784546453
-0.7692450750365712,-1.0422798654429322
-0.7697944003832042,-1.0512777213465645
-0.7720581864050491,-1.0620608870611636
-0.767443785481855,-1.0368144077466468
-0.7795081004535888,-1.0911265587651449
-0.7705600581035889,-1.0264025163861892
-0.7688031998862869,-1.0563949947315652
-0.768780092215322,-1.0792691712511104
-0.7706559155557977,-1.0731015840947558
-0.7700710642615805,-1.0104791235725383
-0.7702907758944235,-1.0562050213108714
-0.7730369467211332,-1.0532063760479304
-0.7684475623127307,-1.0724380864368592
-0.7687351367360289,-1.0149995020495772
-0.7714147997281964,-1.008362756503393
-0.7695166848222359,-1.0502147384703981
-0.7641029997721798,-0.9836772033536816
-0.7622097707092043,-1.0280772207888267
-0.7712527200331603,-1.0380626169162
-0.7699535137075164,-1.0705106538834706
-0.7608985895228088,-1.071263735097818
-0.7695015642951608,-1.056305152722899
-0.7678601541322474,-1.0934391767683571
-0.7650301163196169,-1.0419858272545455
-0.7696532867113917,-1.0648622902646538
-0.763224773329918,-1.0734604992651093
-0.7650893433470054,-1.078424731100405
-0.7614328861336461,-1.0462462442862837
-0.7648730622122579,-1.028496105218486
-0.7632079319782535,-1.0480865754004536
-0.7626809796119995,-0.9926258601391793
-0.7588181039809818,-1.074005018620886
-0.764535979133768,-1.0740627398133384
-0.7551805581686234,-1.0384488338710485
-0.7774856935022652,-1.0723265345135555
-0.7663173838341609,-1.1107925455235756
-0.7686080956361837,-1.07730191412528
-0.7618488504684281,-1.0570454601882293
-0.7636295146910522,-1.0987844666423334
-0.76273311868703,-1.0591654055673467
-0.7696014973460699,-1.0655070727172573
-0.7678979067531111,-1.1018119969781601
-0.7661820348025146,-1.028859512852602
-0.7664056569481812,-1.0601604449611928
